ISO-10303-21;
HEADER;
FILE_DESCRIPTION (( 'STEP AP214' ),
    '1' );
FILE_NAME ('C5SMF-RJE-CT0W0BB2.STEP',
    '2023-07-11T15:03:28',
    ( '' ),
    ( '' ),
    'SwSTEP 2.0',
    'SolidWorks 2022',
    '' );
FILE_SCHEMA (( 'AUTOMOTIVE_DESIGN' ));
ENDSEC;

DATA;
#1 = VERTEX_POINT ( 'NONE', #237 ) ;
#2 = CARTESIAN_POINT ( 'NONE',  ( -0.4263707478389821559, -1.831735040366189171, 7.000000000000135003 ) ) ;
#3 = COLOUR_RGB ( '',1.000000000000000000, 0.000000000000000000, 0.000000000000000000 ) ;
#4 =( NAMED_UNIT ( * ) PLANE_ANGLE_UNIT ( ) SI_UNIT ( $, .RADIAN. ) );
#5 = CARTESIAN_POINT ( 'NONE',  ( 2.122787874650431394, -1.025173969193328150, 5.281677141231391204 ) ) ;
#6 =( GEOMETRIC_REPRESENTATION_CONTEXT ( 3 ) GLOBAL_UNCERTAINTY_ASSIGNED_CONTEXT ( ( #2758 ) ) GLOBAL_UNIT_ASSIGNED_CONTEXT ( ( #3551, #4333, #378 ) ) REPRESENTATION_CONTEXT ( 'NONE', 'WORKASPACE' ) );
#7 = ORIENTED_EDGE ( 'NONE', *, *, #1882, .T. ) ;
#8 = FACE_OUTER_BOUND ( 'NONE', #2346, .T. ) ;
#9 = COLOUR_RGB ( '',1.000000000000000000, 0.000000000000000000, 0.000000000000000000 ) ;
#10 = CARTESIAN_POINT ( 'NONE',  ( -2.228845668959520854, -0.9080923994797290844, 0.1499999999999999389 ) ) ;
#11 = ORIENTED_EDGE ( 'NONE', *, *, #2084, .F. ) ;
#12 = CARTESIAN_POINT ( 'NONE',  ( 1.946684134684848244, 0.9696956513181324011, 5.810617985141353081 ) ) ;
#13 = ADVANCED_FACE ( 'NONE', ( #1051 ), #662, .T. ) ;
#14 = SURFACE_SIDE_STYLE ('',( #1524 ) ) ;
#15 = CARTESIAN_POINT ( 'NONE',  ( -1.698676801479699794, -1.025453173016359631, 6.055273723068646419 ) ) ;
#16 = FILL_AREA_STYLE_COLOUR ( '', #387 ) ;
#17 = CARTESIAN_POINT ( 'NONE',  ( 0.9381255177453436955, 0.8166051935982442389, 6.699141792692777209 ) ) ;
#18 = CARTESIAN_POINT ( 'NONE',  ( -0.5997217501172545928, 0.6495338317053893640, 6.855170903612858524 ) ) ;
#19 = CARTESIAN_POINT ( 'NONE',  ( 0.09077702676984769625, -0.09225039109201753351, 6.998209624082500468 ) ) ;
#20 =( NAMED_UNIT ( * ) SI_UNIT ( $, .STERADIAN. ) SOLID_ANGLE_UNIT ( ) );
#21 = CARTESIAN_POINT ( 'NONE',  ( 1.782257510944398993, -1.323602921307871716, 5.215679201008121879 ) ) ;
#22 = ORIENTED_EDGE ( 'NONE', *, *, #1386, .T. ) ;
#23 = CYLINDRICAL_SURFACE ( 'NONE', #4202, 0.1999999999999999833 ) ;
#24 = UNCERTAINTY_MEASURE_WITH_UNIT (LENGTH_MEASURE( 1.000000000000000082E-05 ), #3130, 'distance_accuracy_value', 'NONE');
#25 = MECHANICAL_DESIGN_GEOMETRIC_PRESENTATION_REPRESENTATION (  '', ( #1174 ), #2902 ) ;
#26 = PRESENTATION_STYLE_ASSIGNMENT (( #4534 ) ) ;
#27 = COLOUR_RGB ( '',1.000000000000000000, 0.000000000000000000, 0.000000000000000000 ) ;
#28 =( NAMED_UNIT ( * ) SI_UNIT ( $, .STERADIAN. ) SOLID_ANGLE_UNIT ( ) );
#29 = CARTESIAN_POINT ( 'NONE',  ( 1.565477672336520465, 1.198617867021453121, 5.992180610902249072 ) ) ;
#30 = CARTESIAN_POINT ( 'NONE',  ( -1.411753182586643174, -1.182563602261724967, 6.160826049415709882 ) ) ;
#31 = ADVANCED_FACE ( 'NONE', ( #4433 ), #2141, .F. ) ;
#32 = DIRECTION ( 'NONE',  ( 0.000000000000000000, -1.000000000000000000, 0.000000000000000000 ) ) ;
#33 = DIRECTION ( 'NONE',  ( 1.000000000000000000, 0.000000000000000000, 0.000000000000000000 ) ) ;
#34 = CARTESIAN_POINT ( 'NONE',  ( 1.191886211184164157, 0.9468027874942127609, 6.508647648422186016 ) ) ;
#35 = CARTESIAN_POINT ( 'NONE',  ( -0.7923696209673131152, -0.3173907514439573418, 6.874141048169774670 ) ) ;
#36 = CARTESIAN_POINT ( 'NONE',  ( -1.948682677651222717, -0.9966678155336108347, -2.710505431213761085E-17 ) ) ;
#37 = FILL_AREA_STYLE ('',( #2597 ) ) ;
#38 =( NAMED_UNIT ( * ) SI_UNIT ( $, .STERADIAN. ) SOLID_ANGLE_UNIT ( ) );
#39 = CARTESIAN_POINT ( 'NONE',  ( 0.1061698897926982577, -0.06324125075126543760, 6.998638917527253867 ) ) ;
#40 = SURFACE_STYLE_FILL_AREA ( #1442 ) ;
#41 = CARTESIAN_POINT ( 'NONE',  ( 2.512073667001829769, -0.3076046244526200457, 5.280973827964821510 ) ) ;
#42 = CARTESIAN_POINT ( 'NONE',  ( -4.671608576693501519E-06, 6.554002132674874304E-12, 7.000000000000000000 ) ) ;
#43 = ORIENTED_EDGE ( 'NONE', *, *, #611, .F. ) ;
#44 = MECHANICAL_DESIGN_GEOMETRIC_PRESENTATION_REPRESENTATION (  '', ( #4317 ), #3699 ) ;
#45 = FACE_OUTER_BOUND ( 'NONE', #2780, .T. ) ;
#46 = CIRCLE ( 'NONE', #2775, 0.2000000000000000111 ) ;
#47 = SURFACE_STYLE_FILL_AREA ( #2197 ) ;
#48 = DIRECTION ( 'NONE',  ( -1.000000000000000000, 0.000000000000000000, -0.000000000000000000 ) ) ;
#49 =( GEOMETRIC_REPRESENTATION_CONTEXT ( 3 ) GLOBAL_UNCERTAINTY_ASSIGNED_CONTEXT ( ( #582 ) ) GLOBAL_UNIT_ASSIGNED_CONTEXT ( ( #4528, #1916, #786 ) ) REPRESENTATION_CONTEXT ( 'NONE', 'WORKASPACE' ) );
#50 = CARTESIAN_POINT ( 'NONE',  ( 2.321960867089569280, -0.7521204562655214865, 5.314383091004266646 ) ) ;
#51 = ORIENTED_EDGE ( 'NONE', *, *, #4466, .F. ) ;
#52 = DIRECTION ( 'NONE',  ( 0.000000000000000000, 0.000000000000000000, 1.000000000000000000 ) ) ;
#53 = CARTESIAN_POINT ( 'NONE',  ( -1.735964498160672775, 1.042879719730120058, 5.995932376754491422 ) ) ;
#54 = CARTESIAN_POINT ( 'NONE',  ( 1.520000000000000018, 0.1749999999999999611, -0.5000000000000000000 ) ) ;
#55 = CARTESIAN_POINT ( 'NONE',  ( 1.275191472041677487, -1.074244953029756200, 6.368114961252524076 ) ) ;
#56 =( NAMED_UNIT ( * ) SI_UNIT ( $, .STERADIAN. ) SOLID_ANGLE_UNIT ( ) );
#57 = CARTESIAN_POINT ( 'NONE',  ( -0.5137523773504041325, 0.3532528945037022305, 6.941420456643602854 ) ) ;
#58 = CARTESIAN_POINT ( 'NONE',  ( -1.205874868415210521, -1.633619502150441161, 0.1499999999999999667 ) ) ;
#59 = CARTESIAN_POINT ( 'NONE',  ( 0.9685877169228707118, -1.111693146866364668, 6.484802206753129461 ) ) ;
#60 = SURFACE_SIDE_STYLE ('',( #807 ) ) ;
#61 = CARTESIAN_POINT ( 'NONE',  ( 0.06040266569222658977, 0.004920273546129184591, 6.999999999999878320 ) ) ;
#62 = PRESENTATION_LAYER_ASSIGNMENT (  '', '', ( #3630 ) ) ;
#63 = ADVANCED_FACE ( 'NONE', ( #3893 ), #1089, .T. ) ;
#64 = SURFACE_STYLE_USAGE ( .BOTH. , #4527 ) ;
#65 = DIRECTION ( 'NONE',  ( 1.000000000000000000, 1.084202172485504434E-16, -0.000000000000000000 ) ) ;
#66 = CARTESIAN_POINT ( 'NONE',  ( -1.349878012194494659, -1.561882137975975082, 5.313100203090017182 ) ) ;
#67 = SURFACE_SIDE_STYLE ('',( #789 ) ) ;
#68 = COLOUR_RGB ( '',1.000000000000000000, 0.000000000000000000, 0.000000000000000000 ) ;
#69 = DIRECTION ( 'NONE',  ( 1.000000000000000000, 0.000000000000000000, -0.000000000000000000 ) ) ;
#70 = ORIENTED_EDGE ( 'NONE', *, *, #4206, .F. ) ;
#71 = PRESENTATION_LAYER_ASSIGNMENT (  '', '', ( #675 ) ) ;
#72 = CARTESIAN_POINT ( 'NONE',  ( -0.9700000000000003064, -0.1750000000000001277, -0.3000000000000000444 ) ) ;
#73 = EDGE_LOOP ( 'NONE', ( #2918, #4377, #4774, #791 ) ) ;
#74 = AXIS2_PLACEMENT_3D ( 'NONE', #497, #1622, #2001 ) ;
#75 = CARTESIAN_POINT ( 'NONE',  ( 1.774804334919141358, -1.319427028842446337, 5.315670395966655803 ) ) ;
#76 = ORIENTED_EDGE ( 'NONE', *, *, #2461, .T. ) ;
#77 =( NAMED_UNIT ( * ) SI_UNIT ( $, .STERADIAN. ) SOLID_ANGLE_UNIT ( ) );
#78 =( GEOMETRIC_REPRESENTATION_CONTEXT ( 3 ) GLOBAL_UNCERTAINTY_ASSIGNED_CONTEXT ( ( #1683 ) ) GLOBAL_UNIT_ASSIGNED_CONTEXT ( ( #1482, #1504, #671 ) ) REPRESENTATION_CONTEXT ( 'NONE', 'WORKASPACE' ) );
#79 = CARTESIAN_POINT ( 'NONE',  ( -1.695747836619199145, 1.280582852062671861, 5.681573539585492050 ) ) ;
#80 = CARTESIAN_POINT ( 'NONE',  ( 0.4623656181259577780, 1.827522026851236880, 5.150000000000000355 ) ) ;
#81 = CARTESIAN_POINT ( 'NONE',  ( 0.000000000000000000, 0.000000000000000000, -26.00000000000000000 ) ) ;
#82 = CARTESIAN_POINT ( 'NONE',  ( 1.312628350633845642, -1.102236321957043463, 6.318914175174987768 ) ) ;
#83 = VECTOR ( 'NONE', #1255, 1000.000000000000000 ) ;
#84 = CARTESIAN_POINT ( 'NONE',  ( -1.156334851709723166, -0.4421735747189216581, 6.711135387739295410 ) ) ;
#85 = CARTESIAN_POINT ( 'NONE',  ( -2.247526884677632175, -0.8836827227322614497, 0.1499999999999999667 ) ) ;
#86 = CARTESIAN_POINT ( 'NONE',  ( -2.549999999995988809, 7.282406378787782296E-16, 5.149999999834290243 ) ) ;
#87 = CARTESIAN_POINT ( 'NONE',  ( 0.2245573992862850421, 0.2295939165197366794, 6.984464518198822525 ) ) ;
#88 =( NAMED_UNIT ( * ) PLANE_ANGLE_UNIT ( ) SI_UNIT ( $, .RADIAN. ) );
#89 = CARTESIAN_POINT ( 'NONE',  ( -0.1888131294226974843, 0.1712369404140747509, 6.991038014596594685 ) ) ;
#90 = CARTESIAN_POINT ( 'NONE',  ( 1.520000000000000018, 0.1749999999999999611, -0.3000000000000000444 ) ) ;
#91 = ORIENTED_EDGE ( 'NONE', *, *, #2782, .T. ) ;
#92 = CARTESIAN_POINT ( 'NONE',  ( -1.775757894864037789, 1.327141569613799366, 5.232216130481636363 ) ) ;
#93 = LINE ( 'NONE', #3157, #2968 ) ;
#94 = EDGE_CURVE ( 'NONE', #2546, #3418, #2462, .T. ) ;
#95 = SURFACE_SIDE_STYLE ('',( #1615 ) ) ;
#96 = SURFACE_STYLE_FILL_AREA ( #4232 ) ;
#97 = CARTESIAN_POINT ( 'NONE',  ( -1.897353801849630911E-17, 0.1749999999999998224, -0.3000000000000000444 ) ) ;
#98 =( GEOMETRIC_REPRESENTATION_CONTEXT ( 3 ) GLOBAL_UNCERTAINTY_ASSIGNED_CONTEXT ( ( #1640 ) ) GLOBAL_UNIT_ASSIGNED_CONTEXT ( ( #4211, #3802, #2340 ) ) REPRESENTATION_CONTEXT ( 'NONE', 'WORKASPACE' ) );
#99 = CARTESIAN_POINT ( 'NONE',  ( -0.5700000000000002842, 0.1749999999999998501, -0.2000000000000000111 ) ) ;
#100 = ORIENTED_EDGE ( 'NONE', *, *, #1910, .T. ) ;
#101 = EDGE_CURVE ( 'NONE', #4014, #2070, #1861, .T. ) ;
#102 = CARTESIAN_POINT ( 'NONE',  ( 1.674334205199739412, -1.357737274829773799, 5.483342626559075228 ) ) ;
#103 = VERTEX_POINT ( 'NONE', #2661 ) ;
#104 = CARTESIAN_POINT ( 'NONE',  ( 1.540007726871340354, -1.476550632648966577, 5.166305269766459318 ) ) ;
#105 = CARTESIAN_POINT ( 'NONE',  ( -2.387918471029653489, 0.1492750872262332551, 5.673483150877224546 ) ) ;
#106 = DIRECTION ( 'NONE',  ( -1.000000000000000000, 1.084202172485504434E-16, -0.000000000000000000 ) ) ;
#107 = CARTESIAN_POINT ( 'NONE',  ( -1.308045199093511135, -1.513479134821675620, 5.664484625109913907 ) ) ;
#108 = CARTESIAN_POINT ( 'NONE',  ( 1.055664718465538554, 1.127379850470354716, 6.441017401083310112 ) ) ;
#109 = LINE ( 'NONE', #3763, #2843 ) ;
#110 = CARTESIAN_POINT ( 'NONE',  ( -0.9659438826920824228, 0.7844899644434529806, 6.702345255433347582 ) ) ;
#111 =( NAMED_UNIT ( * ) PLANE_ANGLE_UNIT ( ) SI_UNIT ( $, .RADIAN. ) );
#112 = CARTESIAN_POINT ( 'NONE',  ( -0.4245542735507121801, 1.835881727789536733, 0.1499999999999999667 ) ) ;
#113 =( NAMED_UNIT ( * ) SI_UNIT ( $, .STERADIAN. ) SOLID_ANGLE_UNIT ( ) );
#114 = CARTESIAN_POINT ( 'NONE',  ( 0.2622273832046742026, 0.1574200837309009671, 6.987171614177591472 ) ) ;
#115 = VERTEX_POINT ( 'NONE', #2933 ) ;
#116 = SURFACE_STYLE_FILL_AREA ( #1199 ) ;
#117 = CARTESIAN_POINT ( 'NONE',  ( -4.671608575681286983E-06, 0.000000000000000000, 6.999999999999999112 ) ) ;
#118 = LINE ( 'NONE', #4158, #1860 ) ;
#119 = ORIENTED_EDGE ( 'NONE', *, *, #3625, .T. ) ;
#120 = CARTESIAN_POINT ( 'NONE',  ( -1.445379370352589232, -1.525846511543078599, 5.183126262210945967 ) ) ;
#121 = FACE_OUTER_BOUND ( 'NONE', #4563, .T. ) ;
#122 = PRESENTATION_STYLE_ASSIGNMENT (( #3487 ) ) ;
#123 = PRESENTATION_STYLE_ASSIGNMENT (( #3466 ) ) ;
#124 = UNCERTAINTY_MEASURE_WITH_UNIT (LENGTH_MEASURE( 1.000000000000000082E-05 ), #1366, 'distance_accuracy_value', 'NONE');
#125 = CARTESIAN_POINT ( 'NONE',  ( 1.971894748936020569, 1.147097601461690930, 5.415553537464190548 ) ) ;
#126 = ORIENTED_EDGE ( 'NONE', *, *, #2593, .F. ) ;
#127 = EDGE_CURVE ( 'NONE', #605, #690, #3334, .T. ) ;
#128 = CARTESIAN_POINT ( 'NONE',  ( 2.131017960148415380, -1.027839118400888596, 5.149999999834288467 ) ) ;
#129 = CARTESIAN_POINT ( 'NONE',  ( -1.946554610983945111, 0.9696565977073903220, 5.810392545693797040 ) ) ;
#130 = AXIS2_PLACEMENT_3D ( 'NONE', #687, #4678, #2191 ) ;
#131 = PRESENTATION_STYLE_ASSIGNMENT (( #503 ) ) ;
#132 =( LENGTH_UNIT ( ) NAMED_UNIT ( * ) SI_UNIT ( .MILLI., .METRE. ) );
#133 = CARTESIAN_POINT ( 'NONE',  ( 1.631126938335046406, -0.5814962392375114808, 6.376938656452292520 ) ) ;
#134 = DIRECTION ( 'NONE',  ( -1.000000000000000000, -1.084202172485504434E-16, 0.000000000000000000 ) ) ;
#135 = CARTESIAN_POINT ( 'NONE',  ( -1.347472438866070599, -0.1962697544145612094, 6.637029158085090863 ) ) ;
#136 = CARTESIAN_POINT ( 'NONE',  ( 1.941475383360681262, 1.220674075318618712, 0.1499999999999999667 ) ) ;
#137 = UNCERTAINTY_MEASURE_WITH_UNIT (LENGTH_MEASURE( 1.000000000000000082E-05 ), #4058, 'distance_accuracy_value', 'NONE');
#138 = CARTESIAN_POINT ( 'NONE',  ( 0.1890056649624254625, 0.1711303285617360725, 6.991050771187139468 ) ) ;
#139 = CARTESIAN_POINT ( 'NONE',  ( -0.05847823167649367215, 0.01914729870529473590, 6.999999999999873879 ) ) ;
#140 = CARTESIAN_POINT ( 'NONE',  ( -1.999491728487607034, 1.158665298249516029, 5.166295683907313752 ) ) ;
#141 = CARTESIAN_POINT ( 'NONE',  ( 1.462278230150190872, -1.350113225957098484, -2.710505431213761701E-17 ) ) ;
#142 = CARTESIAN_POINT ( 'NONE',  ( -0.9700000000000003064, 0.1749999999999998501, -0.1999999999999999833 ) ) ;
#143 = ORIENTED_EDGE ( 'NONE', *, *, #3283, .T. ) ;
#144 = CARTESIAN_POINT ( 'NONE',  ( 1.570000000000000284, -0.1750000000000000722, -0.5000000000000000000 ) ) ;
#145 = MECHANICAL_DESIGN_GEOMETRIC_PRESENTATION_REPRESENTATION (  '', ( #4591 ), #1226 ) ;
#146 = ORIENTED_EDGE ( 'NONE', *, *, #3378, .T. ) ;
#147 = CARTESIAN_POINT ( 'NONE',  ( 1.606067663302932047, -1.441189321822758274, 0.1500000000000000222 ) ) ;
#148 = ORIENTED_EDGE ( 'NONE', *, *, #4025, .T. ) ;
#149 = CIRCLE ( 'NONE', #2959, 0.1999999999999999833 ) ;
#150 = ORIENTED_EDGE ( 'NONE', *, *, #1570, .T. ) ;
#151 = CARTESIAN_POINT ( 'NONE',  ( 2.546759117069068878, 0.1578174789490597862, 5.215347137841905401 ) ) ;
#152 = AXIS2_PLACEMENT_3D ( 'NONE', #4108, #754, #1144 ) ;
#153 = CARTESIAN_POINT ( 'NONE',  ( -1.838704971846862657, 1.090315065790666837, 5.812263990320537310 ) ) ;
#154 = SURFACE_STYLE_USAGE ( .BOTH. , #3497 ) ;
#155 = EDGE_CURVE ( 'NONE', #632, #1623, #1608, .T. ) ;
#156 = CARTESIAN_POINT ( 'NONE',  ( 1.089128832656293788, 1.257446209982162832, 6.287274781768876331 ) ) ;
#157 = COLOUR_RGB ( '',1.000000000000000000, 0.000000000000000000, 0.000000000000000000 ) ;
#158 = CARTESIAN_POINT ( 'NONE',  ( -0.8408869247660371027, 0.9052775449856373946, 6.683011417438151192 ) ) ;
#159 = CARTESIAN_POINT ( 'NONE',  ( 2.151418530635681670, 1.026175909316258350, 0.1499999999999999667 ) ) ;
#160 = CARTESIAN_POINT ( 'NONE',  ( 0.3483628486666609514, -0.3760231972754333740, 6.958294207756212657 ) ) ;
#161 =( BOUNDED_CURVE ( )  B_SPLINE_CURVE ( 3, ( #4423, #4797, #3382, #1532 ),
 .UNSPECIFIED., .F., .T. ) 
 B_SPLINE_CURVE_WITH_KNOTS ( ( 4, 4 ),
 ( 0.5006609874364008617, 1.000000000000000000 ),
 .UNSPECIFIED. ) 
 CURVE ( )  GEOMETRIC_REPRESENTATION_ITEM ( )  RATIONAL_B_SPLINE_CURVE ( ( 1.000000000000000000, 0.9172492029608838582, 0.9172492029608838582, 1.000000000000000000 ) ) 
 REPRESENTATION_ITEM ( '' )  );
#162 = DIRECTION ( 'NONE',  ( 1.000000000000000000, 0.000000000000000000, 0.000000000000000000 ) ) ;
#163 = CARTESIAN_POINT ( 'NONE',  ( -4.671608575681286983E-06, 0.000000000000000000, 6.999999999999999112 ) ) ;
#164 = PRESENTATION_STYLE_ASSIGNMENT (( #3049 ) ) ;
#165 = CARTESIAN_POINT ( 'NONE',  ( -2.334751681127597678, 0.7591150153781791587, 5.182651411153734955 ) ) ;
#166 = CARTESIAN_POINT ( 'NONE',  ( 0.9700000000000003064, -0.1750000000000001277, -0.3000000000000000444 ) ) ;
#167 = EDGE_LOOP ( 'NONE', ( #4017, #2231, #2320, #812 ) ) ;
#168 = PRESENTATION_STYLE_ASSIGNMENT (( #2488 ) ) ;
#169 = SURFACE_SIDE_STYLE ('',( #1259 ) ) ;
#170 = ORIENTED_EDGE ( 'NONE', *, *, #2148, .T. ) ;
#171 = LINE ( 'NONE', #3805, #3962 ) ;
#172 = CARTESIAN_POINT ( 'NONE',  ( 2.416509748896383591, -0.6096055869756533685, 5.182647065889431026 ) ) ;
#173 = COLOUR_RGB ( '',1.000000000000000000, 0.000000000000000000, 0.000000000000000000 ) ;
#174 = VERTEX_POINT ( 'NONE', #1928 ) ;
#175 = CARTESIAN_POINT ( 'NONE',  ( -1.895400008756017884, -1.115244177955132976, 5.682100661788124008 ) ) ;
#176 = CARTESIAN_POINT ( 'NONE',  ( 1.471732232775307514, -1.132296838702638642, 6.164574207552208307 ) ) ;
#177 = EDGE_CURVE ( 'NONE', #1078, #2830, #250, .T. ) ;
#178 = CARTESIAN_POINT ( 'NONE',  ( -1.307838677460781529, 0.3875762397372015666, 6.638914015199287810 ) ) ;
#179 = FACE_OUTER_BOUND ( 'NONE', #4751, .T. ) ;
#180 = UNCERTAINTY_MEASURE_WITH_UNIT (LENGTH_MEASURE( 1.000000000000000082E-05 ), #1768, 'distance_accuracy_value', 'NONE');
#181 = CARTESIAN_POINT ( 'NONE',  ( 0.1748573041412845863, 0.1899006986978145073, 6.990040661534546729 ) ) ;
#182 = ADVANCED_FACE ( 'NONE', ( #4057 ), #338, .T. ) ;
#183 = CARTESIAN_POINT ( 'NONE',  ( -0.5034023020393589842, -0.07702492315217129848, 6.999999999999997335 ) ) ;
#184 = CARTESIAN_POINT ( 'NONE',  ( -4.671608575681286983E-06, 0.000000000000000000, 6.999999999999999112 ) ) ;
#185 = CARTESIAN_POINT ( 'NONE',  ( -0.3176958275695303535, 1.847354317812916813, 2.931586717652158819E-14 ) ) ;
#186 = AXIS2_PLACEMENT_3D ( 'NONE', #2569, #366, #3309 ) ;
#187 = CARTESIAN_POINT ( 'NONE',  ( -1.999491728487601261, 1.158665298249512476, 5.149999999834288467 ) ) ;
#188 = FILL_AREA_STYLE_COLOUR ( '', #1546 ) ;
#189 = CARTESIAN_POINT ( 'NONE',  ( 2.549999999999998934, -3.699999999999999734, 0.1499999999999996891 ) ) ;
#190 = SURFACE_STYLE_FILL_AREA ( #2982 ) ;
#191 = EDGE_LOOP ( 'NONE', ( #2188, #1648, #11, #981 ) ) ;
#192 = CARTESIAN_POINT ( 'NONE',  ( 1.228419986971909683, -1.624612893349029585, 0.1499999999999999389 ) ) ;
#193 = CARTESIAN_POINT ( 'NONE',  ( 1.783674008433385749, -1.324389739200953597, 5.166304809728623049 ) ) ;
#194 = CARTESIAN_POINT ( 'NONE',  ( -1.946152732319259115, -1.201509053971713481, 9.157512271520102191E-15 ) ) ;
#195 = CARTESIAN_POINT ( 'NONE',  ( -2.319642578069485150, 0.7559223841797196863, 5.314287682062929008 ) ) ;
#196 = DIRECTION ( 'NONE',  ( 0.000000000000000000, 1.000000000000000000, 0.000000000000000000 ) ) ;
#197 = SURFACE_SIDE_STYLE ('',( #1748 ) ) ;
#198 = CARTESIAN_POINT ( 'NONE',  ( 1.169145030246131034, -1.341873509573076939, 6.132231095995948955 ) ) ;
#199 = CARTESIAN_POINT ( 'NONE',  ( 1.020000000000000018, -0.2500000000000000000, 0.000000000000000000 ) ) ;
#200 = ORIENTED_EDGE ( 'NONE', *, *, #3999, .F. ) ;
#201 = CARTESIAN_POINT ( 'NONE',  ( -1.355839086035122598, 1.061572271088321306, 6.321817671963177787 ) ) ;
#202 = CARTESIAN_POINT ( 'NONE',  ( 0.6595601197912017710, -0.7570006191950201524, 6.799254769511961172 ) ) ;
#203 = ADVANCED_FACE ( 'NONE', ( #619 ), #4711, .T. ) ;
#204 = CARTESIAN_POINT ( 'NONE',  ( -0.4315971096081627212, 0.4690032066997453786, 6.931458143281561846 ) ) ;
#205 = CARTESIAN_POINT ( 'NONE',  ( 1.525635803729918694, 1.328825124962931925, -2.710505431213761085E-17 ) ) ;
#206 = CARTESIAN_POINT ( 'NONE',  ( -2.549402604316318488, 0.1557313486748752585, 5.182621450639013361 ) ) ;
#207 = SURFACE_STYLE_FILL_AREA ( #3568 ) ;
#208 = EDGE_CURVE ( 'NONE', #2335, #1742, #3730, .T. ) ;
#209 = CARTESIAN_POINT ( 'NONE',  ( 0.2161445773327431152, -1.849910118169232121, 5.149999999999780087 ) ) ;
#210 = CYLINDRICAL_SURFACE ( 'NONE', #3331, 0.2000000000000000944 ) ;
#211 = EDGE_LOOP ( 'NONE', ( #1023, #455, #659, #4700 ) ) ;
#212 =( NAMED_UNIT ( * ) PLANE_ANGLE_UNIT ( ) SI_UNIT ( $, .RADIAN. ) );
#213 =( GEOMETRIC_REPRESENTATION_CONTEXT ( 3 ) GLOBAL_UNCERTAINTY_ASSIGNED_CONTEXT ( ( #545 ) ) GLOBAL_UNIT_ASSIGNED_CONTEXT ( ( #1277, #3733, #1165 ) ) REPRESENTATION_CONTEXT ( 'NONE', 'WORKASPACE' ) );
#214 = UNCERTAINTY_MEASURE_WITH_UNIT (LENGTH_MEASURE( 1.000000000000000082E-05 ), #2132, 'distance_accuracy_value', 'NONE');
#215 = VECTOR ( 'NONE', #3517, 1000.000000000000000 ) ;
#216 = CARTESIAN_POINT ( 'NONE',  ( 0.4728900497400141401, -1.825984005057237569, 5.149999999999998579 ) ) ;
#217 = CARTESIAN_POINT ( 'NONE',  ( 1.657264830143405865, -1.411044494507389446, -9.162027160826609497E-15 ) ) ;
#218 = ORIENTED_EDGE ( 'NONE', *, *, #969, .T. ) ;
#219 = CARTESIAN_POINT ( 'NONE',  ( -1.440356912745280438, 1.520555938339825941, 5.315673263124014447 ) ) ;
#220 = CARTESIAN_POINT ( 'NONE',  ( 2.143781811435524265, 0.8041002255330084170, -2.710505431213760469E-17 ) ) ;
#221 = CARTESIAN_POINT ( 'NONE',  ( 1.794976797995714080, -0.6259750909422877596, 6.221246632812320598 ) ) ;
#222 = VECTOR ( 'NONE', #834, 1000.000000000000000 ) ;
#223 = AXIS2_PLACEMENT_3D ( 'NONE', #4821, #3426, #4284 ) ;
#224 = CARTESIAN_POINT ( 'NONE',  ( -1.514319429240573722, -0.5517537855478608089, 6.470908058310354427 ) ) ;
#225 = CARTESIAN_POINT ( 'NONE',  ( 0.8663698487544236881, -0.4909343606224693124, 6.827733371019169439 ) ) ;
#226 = VECTOR ( 'NONE', #3160, 1000.000000000000000 ) ;
#227 = CARTESIAN_POINT ( 'NONE',  ( 0.4034403802450939325, -0.05019244012088577844, 7.000000000000001776 ) ) ;
#228 = CARTESIAN_POINT ( 'NONE',  ( -0.2833968989326211552, 0.04676120479615258202, 6.987719853135588188 ) ) ;
#229 = CARTESIAN_POINT ( 'NONE',  ( 2.145806713159299495, 0.8014668017701628289, -2.710505431213761085E-17 ) ) ;
#230 = COLOUR_RGB ( '',1.000000000000000000, 0.000000000000000000, 0.000000000000000000 ) ;
#231 = FILL_AREA_STYLE ('',( #1413 ) ) ;
#232 = CARTESIAN_POINT ( 'NONE',  ( 1.381926844402203258, -1.554781212247773325, 7.000000000000000888 ) ) ;
#233 = CARTESIAN_POINT ( 'NONE',  ( 0.9700000000000003064, -0.1750000000000001277, -0.1999999999999999833 ) ) ;
#234 = ORIENTED_EDGE ( 'NONE', *, *, #3232, .T. ) ;
#235 = ADVANCED_FACE ( 'NONE', ( #3758 ), #336, .F. ) ;
#236 =( NAMED_UNIT ( * ) SI_UNIT ( $, .STERADIAN. ) SOLID_ANGLE_UNIT ( ) );
#237 = CARTESIAN_POINT ( 'NONE',  ( -1.770000000000000240, 0.1749999999999999611, -0.3000000000000000444 ) ) ;
#238 = APPLICATION_CONTEXT ( 'automotive_design' ) ;
#239 = DIRECTION ( 'NONE',  ( 0.000000000000000000, 0.000000000000000000, -1.000000000000000000 ) ) ;
#240 = CARTESIAN_POINT ( 'NONE',  ( -0.5700000000000002842, 0.1749999999999998501, 0.000000000000000000 ) ) ;
#241 = EDGE_CURVE ( 'NONE', #2165, #103, #4342, .T. ) ;
#242 = CARTESIAN_POINT ( 'NONE',  ( 1.798927651052587118, -1.128021262926784285, -2.710505431213761085E-17 ) ) ;
#243 = CARTESIAN_POINT ( 'NONE',  ( -2.454783470375362597, -0.3062650624977870661, 5.478195944340952472 ) ) ;
#244 = DIRECTION ( 'NONE',  ( -1.000000000000000000, -0.000000000000000000, -0.000000000000000000 ) ) ;
#245 = CARTESIAN_POINT ( 'NONE',  ( 1.987114148402226999, 0.1331059864495736655, 6.159272565918279874 ) ) ;
#246 = CARTESIAN_POINT ( 'NONE',  ( -1.355740751164812075, -1.061643337656097197, 6.321804651778554884 ) ) ;
#247 = CARTESIAN_POINT ( 'NONE',  ( 2.549999999999999822, -0.04435981238285421902, 0.1499999999999999667 ) ) ;
#248 = CARTESIAN_POINT ( 'NONE',  ( 1.158508029246765103, -0.4399694640343495555, 6.711829884949633396 ) ) ;
#249 = FILL_AREA_STYLE_COLOUR ( '', #3949 ) ;
#250 = B_SPLINE_CURVE_WITH_KNOTS ( 'NONE', 3,
 ( #3420, #1062, #2638, #4081, #2989, #4463, #80, #4417, #1113, #2566 ),
 .UNSPECIFIED., .F., .F.,
 ( 4, 2, 2, 2, 4 ),
 ( 0.000000000000000000, 0.0006938118543153864613, 0.001387623708630772923, 0.002081435562946158842, 0.002775247417261545411 ),
 .UNSPECIFIED. ) ;
#251 = PRESENTATION_LAYER_ASSIGNMENT (  '', '', ( #2430 ) ) ;
#252 = CARTESIAN_POINT ( 'NONE',  ( 1.116167703317859417, 1.665999426017435336, 5.149999999999956835 ) ) ;
#253 = CARTESIAN_POINT ( 'NONE',  ( -0.1746282946611227294, -0.1900429732468194022, 6.990028890777360004 ) ) ;
#254 = CARTESIAN_POINT ( 'NONE',  ( 2.467743978015680462, 0.4877693064448369586, 0.1499999999999999667 ) ) ;
#255 = CARTESIAN_POINT ( 'NONE',  ( -2.403221716850315826, 0.1011580323864357533, -2.710505431213761701E-17 ) ) ;
#256 =( NAMED_UNIT ( * ) PLANE_ANGLE_UNIT ( ) SI_UNIT ( $, .RADIAN. ) );
#257 = ORIENTED_EDGE ( 'NONE', *, *, #2084, .T. ) ;
#258 = DIRECTION ( 'NONE',  ( 0.000000000000000000, 0.000000000000000000, -1.000000000000000000 ) ) ;
#259 =( NAMED_UNIT ( * ) SI_UNIT ( $, .STERADIAN. ) SOLID_ANGLE_UNIT ( ) );
#260 = EDGE_LOOP ( 'NONE', ( #148, #1179, #2875, #2045 ) ) ;
#261 = FACE_OUTER_BOUND ( 'NONE', #2406, .T. ) ;
#262 = ORIENTED_EDGE ( 'NONE', *, *, #3926, .F. ) ;
#263 = ADVANCED_FACE ( 'NONE', ( #1926 ), #411, .F. ) ;
#264 = CARTESIAN_POINT ( 'NONE',  ( -1.520000000000000018, -0.2500000000000000000, -26.00000000000000000 ) ) ;
#265 = SURFACE_STYLE_USAGE ( .BOTH. , #3622 ) ;
#266 =( LENGTH_UNIT ( ) NAMED_UNIT ( * ) SI_UNIT ( .MILLI., .METRE. ) );
#267 = ORIENTED_EDGE ( 'NONE', *, *, #1306, .F. ) ;
#268 = CARTESIAN_POINT ( 'NONE',  ( -1.679699586702231517, 1.369035792696414067, 5.416121965732052956 ) ) ;
#269 = CARTESIAN_POINT ( 'NONE',  ( 1.520000000000000018, -0.2500000000000000000, 0.000000000000000000 ) ) ;
#270 = CARTESIAN_POINT ( 'NONE',  ( 1.620059031869626409, 0.9869519389047545221, 6.169693718650536951 ) ) ;
#271 = EDGE_CURVE ( 'NONE', #1978, #2551, #4502, .T. ) ;
#272 = CARTESIAN_POINT ( 'NONE',  ( -1.617607062686164499, 0.1125902048903020120, 6.465565526816281938 ) ) ;
#273 = DIRECTION ( 'NONE',  ( 0.000000000000000000, 0.000000000000000000, -1.000000000000000000 ) ) ;
#274 = CARTESIAN_POINT ( 'NONE',  ( 0.4830122163790554479, 0.4066906880034621974, 6.938441057054205885 ) ) ;
#275 = VECTOR ( 'NONE', #3350, 1000.000000000000000 ) ;
#276 = CARTESIAN_POINT ( 'NONE',  ( -0.3854650402174861212, 0.3267596754839520723, 6.962760018148964392 ) ) ;
#277 = CARTESIAN_POINT ( 'NONE',  ( 2.326762419318269437, 0.4345072435565611735, -2.710505431213761085E-17 ) ) ;
#278 = PRESENTATION_LAYER_ASSIGNMENT (  '', '', ( #4720 ) ) ;
#279 = CARTESIAN_POINT ( 'NONE',  ( 0.7700000000000002398, -0.1750000000000001277, -0.1999999999999999833 ) ) ;
#280 = ORIENTED_EDGE ( 'NONE', *, *, #3723, .T. ) ;
#281 = ORIENTED_EDGE ( 'NONE', *, *, #802, .T. ) ;
#282 = DIRECTION ( 'NONE',  ( 0.000000000000000000, 0.000000000000000000, 1.000000000000000000 ) ) ;
#283 = FILL_AREA_STYLE ('',( #1348 ) ) ;
#284 = VERTEX_POINT ( 'NONE', #746 ) ;
#285 = PRESENTATION_LAYER_ASSIGNMENT (  '', '', ( #3252 ) ) ;
#286 = ORIENTED_EDGE ( 'NONE', *, *, #4230, .F. ) ;
#287 = FACE_OUTER_BOUND ( 'NONE', #941, .T. ) ;
#288 = CARTESIAN_POINT ( 'NONE',  ( 1.461684474004687484, -1.350435130491135949, -2.710505431213761085E-17 ) ) ;
#289 = CARTESIAN_POINT ( 'NONE',  ( -2.332743997301317762, 0.7586938579544871830, 5.215425904449692673 ) ) ;
#290 = CARTESIAN_POINT ( 'NONE',  ( 1.895826305033311954, 1.114918183482854097, 5.682263975816564283 ) ) ;
#291 = CARTESIAN_POINT ( 'NONE',  ( -1.279236286459640493, 1.358793565092657252, 6.031695570004623974 ) ) ;
#292 = MECHANICAL_DESIGN_GEOMETRIC_PRESENTATION_REPRESENTATION (  '', ( #2398 ), #749 ) ;
#293 = EDGE_CURVE ( 'NONE', #2557, #2309, #3637, .T. ) ;
#294 = CARTESIAN_POINT ( 'NONE',  ( 0.8335328600987038650, 0.5552278423282924757, 6.826065138578607083 ) ) ;
#295 = AXIS2_PLACEMENT_3D ( 'NONE', #1499, #3006, #1901 ) ;
#296 = DIRECTION ( 'NONE',  ( -1.000000000000000000, 0.000000000000000000, 0.000000000000000000 ) ) ;
#297 = CARTESIAN_POINT ( 'NONE',  ( -0.1686635253998484130, -0.1951481248119916190, 6.989555658637678803 ) ) ;
#298 = CARTESIAN_POINT ( 'NONE',  ( 0.7912174734961909817, 0.9139355916426192827, 6.684274041080253248 ) ) ;
#299 = CARTESIAN_POINT ( 'NONE',  ( -2.522736596428397426, 0.3115633607667563920, 5.149999999834288467 ) ) ;
#300 = CARTESIAN_POINT ( 'NONE',  ( -0.2103827847049938582, 0.2433823968175648778, 6.983108731905450561 ) ) ;
#301 = VECTOR ( 'NONE', #4269, 1000.000000000000000 ) ;
#302 = PRESENTATION_LAYER_ASSIGNMENT (  '', '', ( #2334 ) ) ;
#303 = CARTESIAN_POINT ( 'NONE',  ( 4.686308437449692685E-06, 0.000000000000000000, 6.999999999999999112 ) ) ;
#304 = UNCERTAINTY_MEASURE_WITH_UNIT (LENGTH_MEASURE( 1.000000000000000082E-05 ), #735, 'distance_accuracy_value', 'NONE');
#305 = ORIENTED_EDGE ( 'NONE', *, *, #1213, .T. ) ;
#306 = ORIENTED_EDGE ( 'NONE', *, *, #437, .F. ) ;
#307 = CARTESIAN_POINT ( 'NONE',  ( -1.970000000000000417, 0.1749999999999999611, 0.000000000000000000 ) ) ;
#308 = CARTESIAN_POINT ( 'NONE',  ( 1.353760531647541177, 1.562976234314475299, 5.280525686309755606 ) ) ;
#309 = ORIENTED_EDGE ( 'NONE', *, *, #2988, .F. ) ;
#310 = VERTEX_POINT ( 'NONE', #4060 ) ;
#311 = CARTESIAN_POINT ( 'NONE',  ( 1.778800388603818394, 1.327835269953890229, 5.149999999834289355 ) ) ;
#312 = STYLED_ITEM ( 'NONE', ( #2083 ), #2710 ) ;
#313 = CARTESIAN_POINT ( 'NONE',  ( 2.306152718790987599, -0.8305585834411627344, 0.1499999999999999667 ) ) ;
#314 = EDGE_LOOP ( 'NONE', ( #2500, #2849, #2828 ) ) ;
#315 = CARTESIAN_POINT ( 'NONE',  ( -2.123885502004946080, -1.030933947636024417, 5.231999504243026955 ) ) ;
#316 = CARTESIAN_POINT ( 'NONE',  ( -1.520000000000000018, 0.2500000000000000000, -0.4854049621773915968 ) ) ;
#317 = CARTESIAN_POINT ( 'NONE',  ( 1.444918944744433942, -1.395238326078432012, 5.801729418882339395 ) ) ;
#318 = CARTESIAN_POINT ( 'NONE',  ( -1.378313635216900312, -1.158064863007894241, 6.214942644110580616 ) ) ;
#319 = CARTESIAN_POINT ( 'NONE',  ( 1.553757534097780724, 0.1104901058679682024, 6.511145603596629527 ) ) ;
#320 = ADVANCED_FACE ( 'NONE', ( #4419 ), #1115, .T. ) ;
#321 = SURFACE_STYLE_FILL_AREA ( #2540 ) ;
#322 = CARTESIAN_POINT ( 'NONE',  ( -0.6596781427178344259, -0.5867837079143027879, 6.864658608262598882 ) ) ;
#323 = CARTESIAN_POINT ( 'NONE',  ( 0.3884803273327629980, 0.4486860866621862343, 6.935675306570839638 ) ) ;
#324 = CARTESIAN_POINT ( 'NONE',  ( 0.2193290959564927756, -0.09153540672561336078, 6.992504543841371323 ) ) ;
#325 = ORIENTED_EDGE ( 'NONE', *, *, #3931, .T. ) ;
#326 = EDGE_CURVE ( 'NONE', #1330, #632, #4625, .T. ) ;
#327 = ORIENTED_EDGE ( 'NONE', *, *, #2471, .T. ) ;
#328 = CARTESIAN_POINT ( 'NONE',  ( -0.5012354211607311649, 0.08034852107248763309, 7.000000000000002665 ) ) ;
#329 = FILL_AREA_STYLE ('',( #4497 ) ) ;
#330 = CARTESIAN_POINT ( 'NONE',  ( 2.333564535337583123, -0.7545623872653294262, 5.231897897089082150 ) ) ;
#331 = ORIENTED_EDGE ( 'NONE', *, *, #3692, .F. ) ;
#332 = DIRECTION ( 'NONE',  ( -0.000000000000000000, -0.000000000000000000, -1.000000000000000000 ) ) ;
#333 = FILL_AREA_STYLE ('',( #382 ) ) ;
#334 = CARTESIAN_POINT ( 'NONE',  ( -1.697226942269962846, 1.380298585350388629, 5.232371739126954857 ) ) ;
#335 = CARTESIAN_POINT ( 'NONE',  ( 1.588024827792515525, -1.300196867363933251, 5.809050982165398835 ) ) ;
#336 = PLANE ( 'NONE',  #670 ) ;
#337 = CARTESIAN_POINT ( 'NONE',  ( -1.466660882878743744, -1.135818774315013435, 6.163902202933133623 ) ) ;
#338 = PLANE ( 'NONE',  #3874 ) ;
#339 = SURFACE_STYLE_FILL_AREA ( #745 ) ;
#340 = CARTESIAN_POINT ( 'NONE',  ( 0.8051748340657814973, 0.9296076614259466409, 6.674737800946060950 ) ) ;
#341 = DIRECTION ( 'NONE',  ( 0.000000000000000000, 1.000000000000000000, 0.000000000000000000 ) ) ;
#342 =( GEOMETRIC_REPRESENTATION_CONTEXT ( 3 ) GLOBAL_UNCERTAINTY_ASSIGNED_CONTEXT ( ( #1121 ) ) GLOBAL_UNIT_ASSIGNED_CONTEXT ( ( #3300, #614, #3248 ) ) REPRESENTATION_CONTEXT ( 'NONE', 'WORKASPACE' ) );
#343 = CARTESIAN_POINT ( 'NONE',  ( -0.9623142038413396993, 0.07345483235581357073, 6.826756969665688679 ) ) ;
#344 = CARTESIAN_POINT ( 'NONE',  ( 0.4589392954635717059, 0.5298922325179326043, 6.907482563306841072 ) ) ;
#345 = CARTESIAN_POINT ( 'NONE',  ( -1.138773677356289316, 1.317419982338518647, 6.184879711696892990 ) ) ;
#346 = CARTESIAN_POINT ( 'NONE',  ( 4.686308437449692685E-06, 0.000000000000000000, 6.999999999999999112 ) ) ;
#347 = PRESENTATION_LAYER_ASSIGNMENT (  '', '', ( #4097 ) ) ;
#348 = STYLED_ITEM ( 'NONE', ( #2289 ), #4056 ) ;
#349 = ORIENTED_EDGE ( 'NONE', *, *, #1637, .T. ) ;
#350 = ORIENTED_EDGE ( 'NONE', *, *, #2112, .T. ) ;
#351 = FILL_AREA_STYLE ('',( #1021 ) ) ;
#352 = CARTESIAN_POINT ( 'NONE',  ( -0.1009905026108903481, -4.228481731624674932E-05, 7.000000000000000000 ) ) ;
#353 =( LENGTH_UNIT ( ) NAMED_UNIT ( * ) SI_UNIT ( .MILLI., .METRE. ) );
#354 = CARTESIAN_POINT ( 'NONE',  ( 2.538163691652480125, 0.1574780241106408518, 5.280918590295209825 ) ) ;
#355 = ORIENTED_EDGE ( 'NONE', *, *, #3628, .F. ) ;
#356 = SURFACE_STYLE_FILL_AREA ( #4477 ) ;
#357 = UNCERTAINTY_MEASURE_WITH_UNIT (LENGTH_MEASURE( 1.000000000000000082E-05 ), #4397, 'distance_accuracy_value', 'NONE');
#358 = EDGE_CURVE ( 'NONE', #310, #2546, #3192, .T. ) ;
#359 =( NAMED_UNIT ( * ) PLANE_ANGLE_UNIT ( ) SI_UNIT ( $, .RADIAN. ) );
#360 = CARTESIAN_POINT ( 'NONE',  ( -1.570000000000000284, 0.3750000000000000000, -0.3000000000000000444 ) ) ;
#361 = VERTEX_POINT ( 'NONE', #4240 ) ;
#362 = CARTESIAN_POINT ( 'NONE',  ( 1.508766072582282902, -1.244712280579524544, 5.990146653394229581 ) ) ;
#363 = CARTESIAN_POINT ( 'NONE',  ( -1.619440684190555535, -0.9872602500453555585, 6.169423137050072725 ) ) ;
#364 = CARTESIAN_POINT ( 'NONE',  ( 0.8784748174122819497, -1.008258592728298098, 6.602286670215131714 ) ) ;
#365 =( GEOMETRIC_REPRESENTATION_CONTEXT ( 3 ) GLOBAL_UNCERTAINTY_ASSIGNED_CONTEXT ( ( #2953 ) ) GLOBAL_UNIT_ASSIGNED_CONTEXT ( ( #1288, #2586, #3010 ) ) REPRESENTATION_CONTEXT ( 'NONE', 'WORKASPACE' ) );
#366 = DIRECTION ( 'NONE',  ( -1.000000000000000000, -0.000000000000000000, -0.000000000000000000 ) ) ;
#367 = CARTESIAN_POINT ( 'NONE',  ( -0.8325020827825332370, -0.06471322041349483745, 6.873352398583303824 ) ) ;
#368 = CARTESIAN_POINT ( 'NONE',  ( 0.9933655043040711119, -1.140149791222407005, 6.450363065711020027 ) ) ;
#369 =( LENGTH_UNIT ( ) NAMED_UNIT ( * ) SI_UNIT ( .MILLI., .METRE. ) );
#370 = CARTESIAN_POINT ( 'NONE',  ( 0.04816652871841121952, -0.04318698346888082129, 6.999999999999841016 ) ) ;
#371 = VERTEX_POINT ( 'NONE', #2742 ) ;
#372 = CARTESIAN_POINT ( 'NONE',  ( 1.570000000000000284, 0.1749999999999999611, -0.1999999999999999833 ) ) ;
#373 = VECTOR ( 'NONE', #2186, 1000.000000000000000 ) ;
#374 = CARTESIAN_POINT ( 'NONE',  ( -1.570000000000000284, 0.1749999999999999611, -0.5000000000000000000 ) ) ;
#375 = CARTESIAN_POINT ( 'NONE',  ( 1.781415845713633095, -1.323134330776014167, 5.232268007760430883 ) ) ;
#376 = FACE_OUTER_BOUND ( 'NONE', #3644, .T. ) ;
#377 = COLOUR_RGB ( '',0.8431372549019607865, 0.8431372549019607865, 0.8431372549019607865 ) ;
#378 =( NAMED_UNIT ( * ) SI_UNIT ( $, .STERADIAN. ) SOLID_ANGLE_UNIT ( ) );
#379 = CIRCLE ( 'NONE', #2806, 0.1999999999999999833 ) ;
#380 = ADVANCED_FACE ( 'NONE', ( #4543 ), #3114, .T. ) ;
#381 = SURFACE_STYLE_FILL_AREA ( #4508 ) ;
#382 = FILL_AREA_STYLE_COLOUR ( '', #1863 ) ;
#383 = CIRCLE ( 'NONE', #1946, 0.1999999999999999833 ) ;
#384 = ORIENTED_EDGE ( 'NONE', *, *, #155, .F. ) ;
#385 = CARTESIAN_POINT ( 'NONE',  ( 1.363703414673025804, 1.441823914491504377, 5.795622000938774221 ) ) ;
#386 = STYLED_ITEM ( 'NONE', ( #4587 ), #2529 ) ;
#387 = COLOUR_RGB ( '',1.000000000000000000, 0.000000000000000000, 0.000000000000000000 ) ;
#388 = CARTESIAN_POINT ( 'NONE',  ( -1.986680334873886178, -0.1314478667031182268, 6.158696710250761264 ) ) ;
#389 = CARTESIAN_POINT ( 'NONE',  ( 1.570000000000000284, -0.1750000000000000444, -0.3000000000000000444 ) ) ;
#390 = CARTESIAN_POINT ( 'NONE',  ( 0.9667230504839612326, 0.7840879969667785554, 6.702525700431540834 ) ) ;
#391 = PRESENTATION_STYLE_ASSIGNMENT (( #4467 ) ) ;
#392 = CARTESIAN_POINT ( 'NONE',  ( -0.4315552158795280535, -0.4690281334362700894, 6.931453593098710897 ) ) ;
#393 = CARTESIAN_POINT ( 'NONE',  ( -0.7700000000000002398, -0.3750000000000001665, -0.3000000000000000444 ) ) ;
#394 = FACE_OUTER_BOUND ( 'NONE', #73, .T. ) ;
#395 = DIRECTION ( 'NONE',  ( -1.000000000000000000, -1.084202172485504434E-16, -0.000000000000000000 ) ) ;
#396 = CARTESIAN_POINT ( 'NONE',  ( 4.686308437449692685E-06, 0.000000000000000000, 6.999999999999999112 ) ) ;
#397 = UNCERTAINTY_MEASURE_WITH_UNIT (LENGTH_MEASURE( 1.000000000000000082E-05 ), #1738, 'distance_accuracy_value', 'NONE');
#398 = MECHANICAL_DESIGN_GEOMETRIC_PRESENTATION_REPRESENTATION (  '', ( #2343 ), #3297 ) ;
#399 = SURFACE_SIDE_STYLE ('',( #714 ) ) ;
#400 = CARTESIAN_POINT ( 'NONE',  ( 2.410545014146021625, 0.6136720722978397102, 5.231820623766793688 ) ) ;
#401 =( LENGTH_UNIT ( ) NAMED_UNIT ( * ) SI_UNIT ( .MILLI., .METRE. ) );
#402 = ORIENTED_EDGE ( 'NONE', *, *, #3378, .F. ) ;
#403 = CARTESIAN_POINT ( 'NONE',  ( 0.9700000000000003064, -0.5750000000000001776, 0.000000000000000000 ) ) ;
#404 = AXIS2_PLACEMENT_3D ( 'NONE', #1175, #1271, #1250 ) ;
#405 = FILL_AREA_STYLE_COLOUR ( '', #3677 ) ;
#406 = SURFACE_STYLE_FILL_AREA ( #426 ) ;
#407 = CARTESIAN_POINT ( 'NONE',  ( 2.481181415747918173, -0.1503500316925069080, 5.478124390217401718 ) ) ;
#408 = SURFACE_SIDE_STYLE ('',( #2963 ) ) ;
#409 = CARTESIAN_POINT ( 'NONE',  ( -2.189031738272500416, 0.5744795257941883726, 5.804996877701881886 ) ) ;
#410 = FILL_AREA_STYLE_COLOUR ( '', #9 ) ;
#411 = CYLINDRICAL_SURFACE ( 'NONE', #1773, 0.2000000000000000111 ) ;
#412 = CARTESIAN_POINT ( 'NONE',  ( 1.732314929783574931, -0.4809671495733420787, 6.324563268810643457 ) ) ;
#413 = CARTESIAN_POINT ( 'NONE',  ( -0.5656103504159570861, -0.1844797959411726695, 6.943298893506954172 ) ) ;
#414 = CARTESIAN_POINT ( 'NONE',  ( -1.336721407603815637, -1.579443361114904354, 0.1499999999999999667 ) ) ;
#415 = CARTESIAN_POINT ( 'NONE',  ( 1.352164868865198599, -1.551695412238388805, 5.420485792191288787 ) ) ;
#416 = CARTESIAN_POINT ( 'NONE',  ( -1.226979370232548439, 1.419463453634311811, 5.962939056639385171 ) ) ;
#417 = CARTESIAN_POINT ( 'NONE',  ( 0.04419191986434232305, -0.04772827535589769382, 6.999999999999828582 ) ) ;
#418 = CARTESIAN_POINT ( 'NONE',  ( -0.2132113749333975627, -1.850089271833186499, 7.000000000000353495 ) ) ;
#419 = CARTESIAN_POINT ( 'NONE',  ( -4.671608575681286983E-06, 0.000000000000000000, 6.999999999999999112 ) ) ;
#420 = DIRECTION ( 'NONE',  ( 0.000000000000000000, 0.000000000000000000, 1.000000000000000000 ) ) ;
#421 = CARTESIAN_POINT ( 'NONE',  ( -2.398689376501149884, -0.6107149163640535061, 5.314071682791444040 ) ) ;
#422 = SURFACE_STYLE_USAGE ( .BOTH. , #2607 ) ;
#423 = DIRECTION ( 'NONE',  ( 0.000000000000000000, 0.000000000000000000, 1.000000000000000000 ) ) ;
#424 = VERTEX_POINT ( 'NONE', #3143 ) ;
#425 = CIRCLE ( 'NONE', #3937, 0.1999999999999999833 ) ;
#426 = FILL_AREA_STYLE ('',( #3372 ) ) ;
#427 =( NAMED_UNIT ( * ) PLANE_ANGLE_UNIT ( ) SI_UNIT ( $, .RADIAN. ) );
#428 = CARTESIAN_POINT ( 'NONE',  ( 2.077662329549179621, 1.015495320883298636, 5.481689753292958045 ) ) ;
#429 = ORIENTED_EDGE ( 'NONE', *, *, #3458, .T. ) ;
#430 =( NAMED_UNIT ( * ) PLANE_ANGLE_UNIT ( ) SI_UNIT ( $, .RADIAN. ) );
#431 = DIRECTION ( 'NONE',  ( -0.000000000000000000, -1.000000000000000000, -0.000000000000000000 ) ) ;
#432 = CARTESIAN_POINT ( 'NONE',  ( -1.833120649113601841, 0.9269956495284020770, 5.994376797067047846 ) ) ;
#433 = DIRECTION ( 'NONE',  ( -0.000000000000000000, 0.000000000000000000, 1.000000000000000000 ) ) ;
#434 = DIRECTION ( 'NONE',  ( 0.000000000000000000, 0.000000000000000000, -1.000000000000000000 ) ) ;
#435 = SURFACE_SIDE_STYLE ('',( #2350 ) ) ;
#436 = CARTESIAN_POINT ( 'NONE',  ( 1.153603683674555347, -1.221421966135674442, 6.299223155462632562 ) ) ;
#437 = EDGE_CURVE ( 'NONE', #284, #4285, #3118, .T. ) ;
#438 = SURFACE_SIDE_STYLE ('',( #3092 ) ) ;
#439 = CARTESIAN_POINT ( 'NONE',  ( -1.087663969692506560, -0.6044997411996886338, 6.710810108556857223 ) ) ;
#440 = SURFACE_STYLE_USAGE ( .BOTH. , #2278 ) ;
#441 = CARTESIAN_POINT ( 'NONE',  ( -2.318968055606778655, 0.7807786159903699064, 0.1499999999999999944 ) ) ;
#442 = CARTESIAN_POINT ( 'NONE',  ( 0.5153971586194011634, -0.3519558332186078498, 6.941683212741414977 ) ) ;
#443 =( GEOMETRIC_REPRESENTATION_CONTEXT ( 3 ) GLOBAL_UNCERTAINTY_ASSIGNED_CONTEXT ( ( #3205 ) ) GLOBAL_UNIT_ASSIGNED_CONTEXT ( ( #3056, #3077, #1181 ) ) REPRESENTATION_CONTEXT ( 'NONE', 'WORKASPACE' ) );
#444 = EDGE_LOOP ( 'NONE', ( #2470, #4096, #257, #355 ) ) ;
#445 = CARTESIAN_POINT ( 'NONE',  ( -0.1746450124066656617, 0.1900324675079507752, 6.990029764839338355 ) ) ;
#446 = CARTESIAN_POINT ( 'NONE',  ( -1.526724209775783381, -1.475171320403394715, 5.315418919719463453 ) ) ;
#447 = CARTESIAN_POINT ( 'NONE',  ( 1.904217646009227050, -1.038694758667874085, -2.710505431213761085E-17 ) ) ;
#448 = CARTESIAN_POINT ( 'NONE',  ( 2.549999999999999378, -2.168404344971008868E-16, 0.1499999999999999667 ) ) ;
#449 = ORIENTED_EDGE ( 'NONE', *, *, #768, .F. ) ;
#450 = CIRCLE ( 'NONE', #3880, 0.2000000000000000111 ) ;
#451 = DIRECTION ( 'NONE',  ( 0.000000000000000000, 1.000000000000000000, -0.000000000000000000 ) ) ;
#452 = CARTESIAN_POINT ( 'NONE',  ( 0.9660469226104003715, -1.715346910640447753, 0.1499999999999999667 ) ) ;
#453 = AXIS2_PLACEMENT_3D ( 'NONE', #4127, #3061, #1526 ) ;
#454 = CARTESIAN_POINT ( 'NONE',  ( 2.454445173682645809, 0.3079022888038501771, 5.478353215695889844 ) ) ;
#455 = ORIENTED_EDGE ( 'NONE', *, *, #4602, .F. ) ;
#456 = DIRECTION ( 'NONE',  ( 0.000000000000000000, 0.000000000000000000, 1.000000000000000000 ) ) ;
#457 = CARTESIAN_POINT ( 'NONE',  ( -2.050967756339282744, -0.5486469129204191164, 5.988557712704122515 ) ) ;
#458 =( NAMED_UNIT ( * ) SI_UNIT ( $, .STERADIAN. ) SOLID_ANGLE_UNIT ( ) );
#459 = CARTESIAN_POINT ( 'NONE',  ( -1.349878012194494659, -1.561882137975975082, 5.313100203090017182 ) ) ;
#460 = CARTESIAN_POINT ( 'NONE',  ( 1.234722528026968247, 0.9769490338185085054, 6.464645568034526946 ) ) ;
#461 = MECHANICAL_DESIGN_GEOMETRIC_PRESENTATION_REPRESENTATION (  '', ( #606 ), #1552 ) ;
#462 =( BOUNDED_CURVE ( )  B_SPLINE_CURVE ( 3, ( #719, #1130, #1498, #741 ),
 .UNSPECIFIED., .F., .T. ) 
 B_SPLINE_CURVE_WITH_KNOTS ( ( 4, 4 ),
 ( 0.000000000000000000, 0.5006609874364008617 ),
 .UNSPECIFIED. ) 
 CURVE ( )  GEOMETRIC_REPRESENTATION_ITEM ( )  RATIONAL_B_SPLINE_CURVE ( ( 1.000000000000000000, 0.9168198248962680097, 0.9168198248962680097, 1.000000000000000000 ) ) 
 REPRESENTATION_ITEM ( '' )  );
#463 = FILL_AREA_STYLE ('',( #803 ) ) ;
#464 = CARTESIAN_POINT ( 'NONE',  ( -1.455848641321771497, -0.5345953053798399024, 6.515470564893824701 ) ) ;
#465 = CARTESIAN_POINT ( 'NONE',  ( -2.553615474854380452, 0.1138694511872591908, -2.710505431213761085E-17 ) ) ;
#466 = SPHERICAL_SURFACE ( 'NONE', #1519, 0.2000000000000000111 ) ;
#467 = FILL_AREA_STYLE_COLOUR ( '', #985 ) ;
#468 = CARTESIAN_POINT ( 'NONE',  ( 0.3577761653880268122, 0.3653082456877463358, 6.959588497254475925 ) ) ;
#469 = CARTESIAN_POINT ( 'NONE',  ( -4.671608575681286983E-06, 0.000000000000000000, 6.999999999999999112 ) ) ;
#470 = CARTESIAN_POINT ( 'NONE',  ( 2.403513185570189226, -0.1000232759081686323, -2.710505431213761085E-17 ) ) ;
#471 = CARTESIAN_POINT ( 'NONE',  ( -1.445568038607405237, -1.526007018390504122, 5.166035848526911778 ) ) ;
#472 = SURFACE_STYLE_USAGE ( .BOTH. , #3389 ) ;
#473 = SURFACE_SIDE_STYLE ('',( #3509 ) ) ;
#474 = ORIENTED_EDGE ( 'NONE', *, *, #3576, .T. ) ;
#475 = CYLINDRICAL_SURFACE ( 'NONE', #4292, 0.1999999999999999833 ) ;
#476 = CARTESIAN_POINT ( 'NONE',  ( 1.724184693261115564, -1.367978313321928763, 0.1499999999999999667 ) ) ;
#477 = CARTESIAN_POINT ( 'NONE',  ( 1.761956400195703543, -1.312132379119754111, 5.416217164600879208 ) ) ;
#478 = ORIENTED_EDGE ( 'NONE', *, *, #4197, .F. ) ;
#479 = CARTESIAN_POINT ( 'NONE',  ( 1.447230860825835741, 1.524913567878076970, 5.183131023100838064 ) ) ;
#480 = CARTESIAN_POINT ( 'NONE',  ( -1.474139125543055817, -1.227711752139960089, 6.048165315066402314 ) ) ;
#481 = APPLICATION_CONTEXT ( 'automotive_design' ) ;
#482 = DIRECTION ( 'NONE',  ( -1.084202172485504434E-16, 1.000000000000000000, 0.000000000000000000 ) ) ;
#483 = CARTESIAN_POINT ( 'NONE',  ( 1.066144027353486567, -1.223654753409846307, 6.336750137056914589 ) ) ;
#484 = CARTESIAN_POINT ( 'NONE',  ( -0.9700000000000003064, -0.1750000000000001277, -0.1999999999999999833 ) ) ;
#485 = CARTESIAN_POINT ( 'NONE',  ( -1.044717885588630324, 0.6810098080714916957, 6.709627090171059294 ) ) ;
#486 = DIRECTION ( 'NONE',  ( 0.000000000000000000, -1.000000000000000000, 0.000000000000000000 ) ) ;
#487 = CARTESIAN_POINT ( 'NONE',  ( -1.354775234658122773, 1.567308033704367887, 5.149999999834290243 ) ) ;
#488 = CARTESIAN_POINT ( 'NONE',  ( 0.2106652583767045228, 0.2432177624824388984, 6.983126150532618759 ) ) ;
#489 = FACE_OUTER_BOUND ( 'NONE', #3490, .T. ) ;
#490 = CARTESIAN_POINT ( 'NONE',  ( -4.671608575681286983E-06, 0.000000000000000000, 6.999999999999999112 ) ) ;
#491 = CARTESIAN_POINT ( 'NONE',  ( -1.770000000000000240, -0.3750000000000000555, -0.3000000000000000444 ) ) ;
#492 = CARTESIAN_POINT ( 'NONE',  ( -1.533115078071173309, 1.480330124508147494, 5.149999999834288467 ) ) ;
#493 = CARTESIAN_POINT ( 'NONE',  ( 2.376853251866859473, -0.2343900993573579672, 0.000000000000000000 ) ) ;
#494 = ORIENTED_EDGE ( 'NONE', *, *, #1535, .F. ) ;
#495 = DIRECTION ( 'NONE',  ( 0.000000000000000000, 0.000000000000000000, -1.000000000000000000 ) ) ;
#496 = ADVANCED_FACE ( 'NONE', ( #376 ), #2432, .T. ) ;
#497 = CARTESIAN_POINT ( 'NONE',  ( -0.7700000000000002398, -0.3750000000000001665, -0.5000000000000000000 ) ) ;
#498 = UNCERTAINTY_MEASURE_WITH_UNIT (LENGTH_MEASURE( 1.000000000000000082E-05 ), #3121, 'distance_accuracy_value', 'NONE');
#499 = ORIENTED_EDGE ( 'NONE', *, *, #2440, .F. ) ;
#500 = CARTESIAN_POINT ( 'NONE',  ( 1.997867729805040238, 1.157693290061192704, 5.215619249658720591 ) ) ;
#501 = CARTESIAN_POINT ( 'NONE',  ( -1.301678865779877459, -1.381788143107027134, 5.973407151776977564 ) ) ;
#502 = MECHANICAL_DESIGN_GEOMETRIC_PRESENTATION_REPRESENTATION (  '', ( #1998 ), #2381 ) ;
#503 = SURFACE_STYLE_USAGE ( .BOTH. , #2413 ) ;
#504 = CARTESIAN_POINT ( 'NONE',  ( -1.970000000000000417, -0.1750000000000000722, 0.000000000000000000 ) ) ;
#505 = CARTESIAN_POINT ( 'NONE',  ( -1.770000000000000240, -0.1750000000000000722, -0.5000000000000000000 ) ) ;
#506 = CARTESIAN_POINT ( 'NONE',  ( 1.516749552758070330, -0.5489960333704969608, 6.471698019575026883 ) ) ;
#507 =( GEOMETRIC_REPRESENTATION_CONTEXT ( 3 ) GLOBAL_UNCERTAINTY_ASSIGNED_CONTEXT ( ( #3669 ) ) GLOBAL_UNIT_ASSIGNED_CONTEXT ( ( #1857, #1162, #77 ) ) REPRESENTATION_CONTEXT ( 'NONE', 'WORKASPACE' ) );
#508 = CARTESIAN_POINT ( 'NONE',  ( -1.058914026578170464, 0.8527630815963023192, 6.631856982279846768 ) ) ;
#509 = DIRECTION ( 'NONE',  ( 1.000000000000000000, 0.000000000000000000, 0.000000000000000000 ) ) ;
#510 = UNCERTAINTY_MEASURE_WITH_UNIT (LENGTH_MEASURE( 1.000000000000000082E-05 ), #885, 'distance_accuracy_value', 'NONE');
#511 = CARTESIAN_POINT ( 'NONE',  ( 0.2190172272536980158, 0.09206447023333674817, 6.992482910113890782 ) ) ;
#512 =( LENGTH_UNIT ( ) NAMED_UNIT ( * ) SI_UNIT ( .MILLI., .METRE. ) );
#513 = CARTESIAN_POINT ( 'NONE',  ( -0.1155333426880410103, -0.009457538197732687571, 6.998740562323146897 ) ) ;
#514 = DIRECTION ( 'NONE',  ( -1.000000000000000000, 0.000000000000000000, 0.000000000000000000 ) ) ;
#515 = CARTESIAN_POINT ( 'NONE',  ( -2.335267748134675969, 0.7592225166666620728, 5.149999999834288467 ) ) ;
#516 = PRESENTATION_STYLE_ASSIGNMENT (( #3827 ) ) ;
#517 = LINE ( 'NONE', #1971, #4606 ) ;
#518 = SURFACE_SIDE_STYLE ('',( #96 ) ) ;
#519 = DIRECTION ( 'NONE',  ( 1.000000000000000000, 1.084202172485504434E-16, 0.000000000000000000 ) ) ;
#520 = AXIS2_PLACEMENT_3D ( 'NONE', #777, #3709, #2616 ) ;
#521 = ORIENTED_EDGE ( 'NONE', *, *, #2270, .T. ) ;
#522 = CARTESIAN_POINT ( 'NONE',  ( 2.052158132490852882, -1.105105140796625474, 0.1499999999999999667 ) ) ;
#523 = EDGE_CURVE ( 'NONE', #1854, #2697, #4231, .T. ) ;
#524 = CARTESIAN_POINT ( 'NONE',  ( 2.334793351861156552, 0.7599181896662779989, 5.166300362696199855 ) ) ;
#525 = MECHANICAL_DESIGN_GEOMETRIC_PRESENTATION_REPRESENTATION (  '', ( #3505 ), #607 ) ;
#526 = CARTESIAN_POINT ( 'NONE',  ( -1.679569467033254604, -1.369120121337477514, 5.416118512767977400 ) ) ;
#527 = CIRCLE ( 'NONE', #1310, 0.1999999999999999833 ) ;
#528 = CARTESIAN_POINT ( 'NONE',  ( 1.295015624871691307, 1.268451814272427702, 6.150490233803035167 ) ) ;
#529 = STYLED_ITEM ( 'NONE', ( #516 ), #1483 ) ;
#530 = CARTESIAN_POINT ( 'NONE',  ( -1.190944082498538226, -0.9473215648349728735, 6.508434301459192994 ) ) ;
#531 = DIRECTION ( 'NONE',  ( 0.000000000000000000, 1.000000000000000000, 0.000000000000000000 ) ) ;
#532 = DIRECTION ( 'NONE',  ( 1.000000000000000000, -1.084202172485504434E-16, 0.000000000000000000 ) ) ;
#533 = CARTESIAN_POINT ( 'NONE',  ( 0.3869551530932365258, -0.3256880013353840031, 6.962927907708483133 ) ) ;
#534 = AXIS2_PLACEMENT_3D ( 'NONE', #1351, #663, #239 ) ;
#535 = DIRECTION ( 'NONE',  ( 1.000000000000000000, -1.084202172485504434E-16, -0.000000000000000000 ) ) ;
#536 = CARTESIAN_POINT ( 'NONE',  ( -0.05736300973563059069, 0.02372013589953703150, 6.999999999999868550 ) ) ;
#537 = CARTESIAN_POINT ( 'NONE',  ( 0.5700000000000002842, 0.1749999999999998501, -0.2000000000000000111 ) ) ;
#538 = CARTESIAN_POINT ( 'NONE',  ( -1.697846406321887214, -1.380861167992520011, 5.215826938416198821 ) ) ;
#539 =( NAMED_UNIT ( * ) SI_UNIT ( $, .STERADIAN. ) SOLID_ANGLE_UNIT ( ) );
#540 = DIRECTION ( 'NONE',  ( 0.000000000000000000, 0.000000000000000000, -1.000000000000000000 ) ) ;
#541 = SURFACE_STYLE_USAGE ( .BOTH. , #912 ) ;
#542 = VERTEX_POINT ( 'NONE', #2359 ) ;
#543 = FILL_AREA_STYLE ('',( #2734 ) ) ;
#544 = VERTEX_POINT ( 'NONE', #3770 ) ;
#545 = UNCERTAINTY_MEASURE_WITH_UNIT (LENGTH_MEASURE( 1.000000000000000082E-05 ), #1277, 'distance_accuracy_value', 'NONE');
#546 = CARTESIAN_POINT ( 'NONE',  ( 1.705310606529399475, -1.377622333194555182, 5.166304963074568768 ) ) ;
#547 = CARTESIAN_POINT ( 'NONE',  ( -2.557756739547255798, -0.04380342042969488647, 0.1499999999999999667 ) ) ;
#548 = CARTESIAN_POINT ( 'NONE',  ( -2.479280422616476631, -0.3082411234433065639, 5.412410098747968412 ) ) ;
#549 = CARTESIAN_POINT ( 'NONE',  ( -1.570000000000000284, 0.1749999999999999611, 0.000000000000000000 ) ) ;
#550 = CARTESIAN_POINT ( 'NONE',  ( 1.236633472408009471, -1.305843928349974536, 6.143576243064084785 ) ) ;
#551 = CIRCLE ( 'NONE', #4690, 0.2000000000000000111 ) ;
#552 = CARTESIAN_POINT ( 'NONE',  ( -1.060114590424534597, -1.226608968937977551, 6.336115265454994372 ) ) ;
#553 = EDGE_CURVE ( 'NONE', #4375, #174, #4118, .T. ) ;
#554 = CYLINDRICAL_SURFACE ( 'NONE', #1228, 0.1999999999999999833 ) ;
#555 = CARTESIAN_POINT ( 'NONE',  ( 0.6868452582085954328, -0.7368259094645047691, 6.805351203910011471 ) ) ;
#556 = CARTESIAN_POINT ( 'NONE',  ( 0.5011016605435759663, -0.08030090401181703974, 7.000000000000001776 ) ) ;
#557 = CARTESIAN_POINT ( 'NONE',  ( -0.3573339793624743521, -0.3655750281957106940, 6.959545592727077512 ) ) ;
#558 = CARTESIAN_POINT ( 'NONE',  ( -0.8756805851577182942, 1.749925208638522189, -2.937007728514582554E-14 ) ) ;
#559 = CARTESIAN_POINT ( 'NONE',  ( -1.532915324201301166, 1.480166842608402034, 5.182394382075989903 ) ) ;
#560 = CARTESIAN_POINT ( 'NONE',  ( 0.4335248623923022016, -1.830823925678536135, 7.000000000000044409 ) ) ;
#561 = ORIENTED_EDGE ( 'NONE', *, *, #4197, .T. ) ;
#562 = ORIENTED_EDGE ( 'NONE', *, *, #2747, .F. ) ;
#563 = ORIENTED_EDGE ( 'NONE', *, *, #2719, .F. ) ;
#564 = CARTESIAN_POINT ( 'NONE',  ( 1.356588270220086212, 1.566240994500373018, 5.182613011455306840 ) ) ;
#565 = PRESENTATION_LAYER_ASSIGNMENT (  '', '', ( #2683 ) ) ;
#566 = SURFACE_STYLE_FILL_AREA ( #940 ) ;
#567 = CARTESIAN_POINT ( 'NONE',  ( -1.517686661215019495, 1.467282639644705400, 5.415339832441685708 ) ) ;
#568 = CARTESIAN_POINT ( 'NONE',  ( -2.350732986888255382, 0.3663695370733424661, -2.710505431213761701E-17 ) ) ;
#569 = STYLED_ITEM ( 'NONE', ( #3292 ), #4256 ) ;
#570 = CARTESIAN_POINT ( 'NONE',  ( 1.353269871754068099, -1.314041612261387160, 6.039033406598294462 ) ) ;
#571 = CARTESIAN_POINT ( 'NONE',  ( -1.270365672928895240, 1.077385855686339822, 6.367425370870479995 ) ) ;
#572 =( NAMED_UNIT ( * ) PLANE_ANGLE_UNIT ( ) SI_UNIT ( $, .RADIAN. ) );
#573 = CARTESIAN_POINT ( 'NONE',  ( 1.090425512885034198, -0.6020838845303739806, 6.711493221751412719 ) ) ;
#574 = EDGE_CURVE ( 'NONE', #3438, #1972, #811, .T. ) ;
#575 = DIRECTION ( 'NONE',  ( -0.000000000000000000, 1.000000000000000000, -0.000000000000000000 ) ) ;
#576 = CARTESIAN_POINT ( 'NONE',  ( -0.2358561664856808626, 0.2137854997820657632, 6.985438357602739678 ) ) ;
#577 = CARTESIAN_POINT ( 'NONE',  ( -1.903302439571436633, 1.039599075161659059, -2.710505431213761085E-17 ) ) ;
#578 = CIRCLE ( 'NONE', #2784, 0.2000000000000000111 ) ;
#579 = CARTESIAN_POINT ( 'NONE',  ( 1.770000000000000240, -0.3750000000000000555, -0.1999999999999999833 ) ) ;
#580 = CARTESIAN_POINT ( 'NONE',  ( -2.205349817535507739, -0.6802209928275129158, -2.710505431213761085E-17 ) ) ;
#581 = CARTESIAN_POINT ( 'NONE',  ( -0.9700000000000003064, -0.1750000000000001277, -0.3000000000000000444 ) ) ;
#582 = UNCERTAINTY_MEASURE_WITH_UNIT (LENGTH_MEASURE( 1.000000000000000082E-05 ), #4528, 'distance_accuracy_value', 'NONE');
#583 = DIRECTION ( 'NONE',  ( 0.000000000000000000, 0.000000000000000000, 1.000000000000000000 ) ) ;
#584 = DIRECTION ( 'NONE',  ( 0.000000000000000000, 0.000000000000000000, 1.000000000000000000 ) ) ;
#585 = COLOUR_RGB ( '',0.8431372549019607865, 0.8431372549019607865, 0.8431372549019607865 ) ;
#586 = CARTESIAN_POINT ( 'NONE',  ( 1.520000000000000018, 0.2500000000000000000, -24.99999999999999645 ) ) ;
#587 = PLANE ( 'NONE',  #3928 ) ;
#588 = CARTESIAN_POINT ( 'NONE',  ( 1.657264826441430028, -1.411044489243945099, 0.1499999999999999667 ) ) ;
#589 = ORIENTED_EDGE ( 'NONE', *, *, #1301, .F. ) ;
#590 = CARTESIAN_POINT ( 'NONE',  ( -2.009866554299439390, -0.9922366881655725335, 5.680356757675512291 ) ) ;
#591 = CARTESIAN_POINT ( 'NONE',  ( -1.770000000000000240, -0.5750000000000000666, -0.1999999999999999833 ) ) ;
#592 = AXIS2_PLACEMENT_3D ( 'NONE', #1307, #3185, #1958 ) ;
#593 = CARTESIAN_POINT ( 'NONE',  ( 1.266225777643358086, 1.242311976128583462, 6.204146417679290870 ) ) ;
#594 = AXIS2_PLACEMENT_3D ( 'NONE', #1154, #2951, #2238 ) ;
#595 = CARTESIAN_POINT ( 'NONE',  ( -1.730249937933488358, -0.4837995854078520064, 6.323799010770793316 ) ) ;
#596 = CARTESIAN_POINT ( 'NONE',  ( 0.9325362362945550654, 0.2908167228828407169, 6.828124940502817708 ) ) ;
#597 =( GEOMETRIC_REPRESENTATION_CONTEXT ( 3 ) GLOBAL_UNCERTAINTY_ASSIGNED_CONTEXT ( ( #936 ) ) GLOBAL_UNIT_ASSIGNED_CONTEXT ( ( #3749, #1900, #2286 ) ) REPRESENTATION_CONTEXT ( 'NONE', 'WORKASPACE' ) );
#598 = CARTESIAN_POINT ( 'NONE',  ( 0.7651839434522565986, 1.766713456615390143, 5.149999999999867129 ) ) ;
#599 = AXIS2_PLACEMENT_3D ( 'NONE', #1803, #1156, #1058 ) ;
#600 = CARTESIAN_POINT ( 'NONE',  ( -0.2547385258539937580, -0.1776803407198659923, 6.986790489893204281 ) ) ;
#601 = CARTESIAN_POINT ( 'NONE',  ( 0.8043434825583237746, 1.768555445129933457, -2.710505431213761085E-16 ) ) ;
#602 = PRESENTATION_STYLE_ASSIGNMENT (( #3196 ) ) ;
#603 = EDGE_CURVE ( 'NONE', #2213, #1854, #118, .T. ) ;
#604 = CARTESIAN_POINT ( 'NONE',  ( 4.686308437449692685E-06, 0.000000000000000000, 6.999999999999999112 ) ) ;
#605 = VERTEX_POINT ( 'NONE', #2749 ) ;
#606 = STYLED_ITEM ( 'NONE', ( #2752 ), #2409 ) ;
#607 =( GEOMETRIC_REPRESENTATION_CONTEXT ( 3 ) GLOBAL_UNCERTAINTY_ASSIGNED_CONTEXT ( ( #3872 ) ) GLOBAL_UNIT_ASSIGNED_CONTEXT ( ( #1661, #572, #3952 ) ) REPRESENTATION_CONTEXT ( 'NONE', 'WORKASPACE' ) );
#608 = LINE ( 'NONE', #2162, #1561 ) ;
#609 =( LENGTH_UNIT ( ) NAMED_UNIT ( * ) SI_UNIT ( .MILLI., .METRE. ) );
#610 = CARTESIAN_POINT ( 'NONE',  ( -1.770000000000000240, -0.1750000000000000722, -0.3000000000000000444 ) ) ;
#611 = EDGE_CURVE ( 'NONE', #2557, #635, #149, .T. ) ;
#612 = SURFACE_SIDE_STYLE ('',( #4781 ) ) ;
#613 = CARTESIAN_POINT ( 'NONE',  ( 2.549712053422480196, 0.1579337380942054669, 5.149999999834289355 ) ) ;
#614 =( NAMED_UNIT ( * ) PLANE_ANGLE_UNIT ( ) SI_UNIT ( $, .RADIAN. ) );
#615 = CARTESIAN_POINT ( 'NONE',  ( 2.464206574101480030, -0.5648679665587269527, -2.710505431213761085E-17 ) ) ;
#616 = CARTESIAN_POINT ( 'NONE',  ( -2.375148828339372020, 0.6066880907220044694, 5.413071005627660526 ) ) ;
#617 = FILL_AREA_STYLE_COLOUR ( '', #1073 ) ;
#618 = CARTESIAN_POINT ( 'NONE',  ( 2.080333193498844491, -0.2706571421167838776, 6.045529107692463988 ) ) ;
#619 = FACE_OUTER_BOUND ( 'NONE', #1393, .T. ) ;
#620 = CARTESIAN_POINT ( 'NONE',  ( -1.060228982717356772, 1.226553134275964574, 6.336127274944355570 ) ) ;
#621 = CARTESIAN_POINT ( 'NONE',  ( 0.4321323044388003520, 0.4686880149787171490, 6.931515310723042944 ) ) ;
#622 = STYLED_ITEM ( 'NONE', ( #4581 ), #3349 ) ;
#623 = LINE ( 'NONE', #1339, #2507 ) ;
#624 = CARTESIAN_POINT ( 'NONE',  ( -0.4596500278869418699, -0.03736352818961988231, 6.966412636807784331 ) ) ;
#625 = CARTESIAN_POINT ( 'NONE',  ( -2.323908037701615914, 0.5019086815561011328, 0.000000000000000000 ) ) ;
#626 = SURFACE_SIDE_STYLE ('',( #3259 ) ) ;
#627 = PRESENTATION_STYLE_ASSIGNMENT (( #1017 ) ) ;
#628 = DIRECTION ( 'NONE',  ( 0.000000000000000000, 0.000000000000000000, 1.000000000000000000 ) ) ;
#629 = VECTOR ( 'NONE', #1813, 1000.000000000000000 ) ;
#630 = UNCERTAINTY_MEASURE_WITH_UNIT (LENGTH_MEASURE( 1.000000000000000082E-05 ), #2233, 'distance_accuracy_value', 'NONE');
#631 = ORIENTED_EDGE ( 'NONE', *, *, #1848, .T. ) ;
#632 = VERTEX_POINT ( 'NONE', #1564 ) ;
#633 = DIRECTION ( 'NONE',  ( -0.000000000000000000, -0.000000000000000000, -1.000000000000000000 ) ) ;
#634 = PRESENTATION_STYLE_ASSIGNMENT (( #2898 ) ) ;
#635 = VERTEX_POINT ( 'NONE', #2672 ) ;
#636 = EDGE_CURVE ( 'NONE', #632, #4639, #1176, .T. ) ;
#637 = LINE ( 'NONE', #2506, #3897 ) ;
#638 = CARTESIAN_POINT ( 'NONE',  ( 1.020000000000000018, 0.1749999999999999056, -0.3000000000000000444 ) ) ;
#639 = CARTESIAN_POINT ( 'NONE',  ( 1.903728533252700750, -1.039108487266539704, -2.710505431213761085E-17 ) ) ;
#640 = CARTESIAN_POINT ( 'NONE',  ( -1.697977820092797296, 1.380776095979135754, 5.215827655638084259 ) ) ;
#641 = CARTESIAN_POINT ( 'NONE',  ( 2.195776947835671233, 0.7294092079198128964, 5.677619438559441178 ) ) ;
#642 = EDGE_CURVE ( 'NONE', #1972, #2697, #1303, .T. ) ;
#643 = SURFACE_STYLE_USAGE ( .BOTH. , #3925 ) ;
#644 = CARTESIAN_POINT ( 'NONE',  ( -1.552983497428310988, 0.4447630181149379580, 6.469096002128745582 ) ) ;
#645 = DIRECTION ( 'NONE',  ( 1.000000000000000000, 0.000000000000000000, 0.000000000000000000 ) ) ;
#646 = CARTESIAN_POINT ( 'NONE',  ( 0.8354447097131216804, -0.5534131205553678434, 6.826391022275672071 ) ) ;
#647 = AXIS2_PLACEMENT_3D ( 'NONE', #2702, #3488, #1620 ) ;
#648 = SURFACE_SIDE_STYLE ('',( #950 ) ) ;
#649 = CARTESIAN_POINT ( 'NONE',  ( -0.3767546809019179932, -0.3404311016589152694, 6.961858817864877480 ) ) ;
#650 = CARTESIAN_POINT ( 'NONE',  ( 0.9078211252486751981, 1.048155276159831395, 6.557745803109075844 ) ) ;
#651 = MECHANICAL_DESIGN_GEOMETRIC_PRESENTATION_REPRESENTATION (  '', ( #2307 ), #3098 ) ;
#652 = ORIENTED_EDGE ( 'NONE', *, *, #673, .F. ) ;
#653 = ORIENTED_EDGE ( 'NONE', *, *, #1088, .T. ) ;
#654 = SURFACE_SIDE_STYLE ('',( #1047 ) ) ;
#655 = COLOUR_RGB ( '',1.000000000000000000, 0.000000000000000000, 0.000000000000000000 ) ;
#656 = FACE_OUTER_BOUND ( 'NONE', #3161, .T. ) ;
#657 =( LENGTH_UNIT ( ) NAMED_UNIT ( * ) SI_UNIT ( .MILLI., .METRE. ) );
#658 = CARTESIAN_POINT ( 'NONE',  ( 2.128918697692226303, -1.027162841171280316, 5.215547249499396187 ) ) ;
#659 = ORIENTED_EDGE ( 'NONE', *, *, #4773, .F. ) ;
#660 = DIRECTION ( 'NONE',  ( 0.000000000000000000, 0.000000000000000000, 1.000000000000000000 ) ) ;
#661 =( GEOMETRIC_REPRESENTATION_CONTEXT ( 3 ) GLOBAL_UNCERTAINTY_ASSIGNED_CONTEXT ( ( #304 ) ) GLOBAL_UNIT_ASSIGNED_CONTEXT ( ( #735, #4724, #3640 ) ) REPRESENTATION_CONTEXT ( 'NONE', 'WORKASPACE' ) );
#662 = SPHERICAL_SURFACE ( 'NONE', #4110, 0.2000000000000000111 ) ;
#663 = DIRECTION ( 'NONE',  ( 1.000000000000000000, 0.000000000000000000, 0.000000000000000000 ) ) ;
#664 = CARTESIAN_POINT ( 'NONE',  ( 1.145784183112910970, -1.667919838526325638, -1.355252715606880543E-16 ) ) ;
#665 = CARTESIAN_POINT ( 'NONE',  ( -1.531532144412630192, 1.479022220972706858, 5.232012887614377661 ) ) ;
#666 = SURFACE_STYLE_USAGE ( .BOTH. , #2653 ) ;
#667 = EDGE_CURVE ( 'NONE', #1, #1330, #3408, .T. ) ;
#668 = CARTESIAN_POINT ( 'NONE',  ( 1.630381105130333186, -1.328733212740090819, 5.681207452747889519 ) ) ;
#669 = CARTESIAN_POINT ( 'NONE',  ( -1.927987428524184699, 0.1285144450092449986, 6.214007318262177115 ) ) ;
#670 = AXIS2_PLACEMENT_3D ( 'NONE', #1576, #1163, #1189 ) ;
#671 =( NAMED_UNIT ( * ) SI_UNIT ( $, .STERADIAN. ) SOLID_ANGLE_UNIT ( ) );
#672 = DIRECTION ( 'NONE',  ( 1.000000000000000000, -0.000000000000000000, -0.000000000000000000 ) ) ;
#673 = EDGE_CURVE ( 'NONE', #2070, #2335, #450, .T. ) ;
#674 = CARTESIAN_POINT ( 'NONE',  ( 1.156200760785737192, -0.9836146575859175956, 6.505373299179684210 ) ) ;
#675 = STYLED_ITEM ( 'NONE', ( #164 ), #702 ) ;
#676 = LINE ( 'NONE', #1410, #3391 ) ;
#677 = CARTESIAN_POINT ( 'NONE',  ( -0.4710558393966243207, 0.4237782471507368642, 6.937059011353246873 ) ) ;
#678 = PRESENTATION_STYLE_ASSIGNMENT (( #4031 ) ) ;
#679 = VECTOR ( 'NONE', #1421, 1000.000000000000000 ) ;
#680 = CARTESIAN_POINT ( 'NONE',  ( 0.04271231703242873989, -0.04901741576402154910, 6.999999999999824141 ) ) ;
#681 = UNCERTAINTY_MEASURE_WITH_UNIT (LENGTH_MEASURE( 1.000000000000000082E-05 ), #2555, 'distance_accuracy_value', 'NONE');
#682 = ORIENTED_EDGE ( 'NONE', *, *, #3576, .F. ) ;
#683 = EDGE_LOOP ( 'NONE', ( #2496, #4036, #3638, #2022 ) ) ;
#684 = CIRCLE ( 'NONE', #3429, 0.2000000000000000111 ) ;
#685 = TOROIDAL_SURFACE ( 'NONE', #3731, 0.4000000000000000222, 0.2000000000000000111 ) ;
#686 = CARTESIAN_POINT ( 'NONE',  ( -0.5489502112761693864, 0.09815551999367319591, 6.999999999999998224 ) ) ;
#687 = CARTESIAN_POINT ( 'NONE',  ( 0.000000000000000000, 0.000000000000000000, -0.5000000000000000000 ) ) ;
#688 = CARTESIAN_POINT ( 'NONE',  ( 1.359498822766501025, -1.560350883099164143, 5.280588612847116892 ) ) ;
#689 = SURFACE_STYLE_USAGE ( .BOTH. , #2525 ) ;
#690 = VERTEX_POINT ( 'NONE', #4227 ) ;
#691 =( LENGTH_UNIT ( ) NAMED_UNIT ( * ) SI_UNIT ( .MILLI., .METRE. ) );
#692 =( LENGTH_UNIT ( ) NAMED_UNIT ( * ) SI_UNIT ( .MILLI., .METRE. ) );
#693 = STYLED_ITEM ( 'NONE', ( #2883 ), #2390 ) ;
#694 = DIRECTION ( 'NONE',  ( 1.000000000000000000, -1.084202172485504434E-16, 0.000000000000000000 ) ) ;
#695 = CARTESIAN_POINT ( 'NONE',  ( -2.411093287638168992, 0.6126142749806210430, 5.231792642708077423 ) ) ;
#696 = CARTESIAN_POINT ( 'NONE',  ( 1.288208905205227017, -1.478528326577814411, 5.786920470433546626 ) ) ;
#697 = FILL_AREA_STYLE ('',( #743 ) ) ;
#698 = EDGE_CURVE ( 'NONE', #3117, #1108, #3434, .T. ) ;
#699 = CARTESIAN_POINT ( 'NONE',  ( -2.001614671968560355, 0.5390339174608147488, 6.048095983204380133 ) ) ;
#700 = CARTESIAN_POINT ( 'NONE',  ( -0.9700000000000003064, 0.3749999999999998890, -0.3000000000000000444 ) ) ;
#701 = CARTESIAN_POINT ( 'NONE',  ( 1.199451543924299424, 0.6572409723487714350, 6.640692640381796075 ) ) ;
#702 = ADVANCED_FACE ( 'NONE', ( #4208 ), #4628, .T. ) ;
#703 = DIRECTION ( 'NONE',  ( 0.000000000000000000, 0.000000000000000000, -1.000000000000000000 ) ) ;
#704 = VECTOR ( 'NONE', #633, 1000.000000000000000 ) ;
#705 = CARTESIAN_POINT ( 'NONE',  ( -0.8329272687426815258, 0.5554122026679279012, 6.825871491854756279 ) ) ;
#706 = CARTESIAN_POINT ( 'NONE',  ( 0.9966849371291501836, 1.150712588957957250, 6.443375506284644949 ) ) ;
#707 = CARTESIAN_POINT ( 'NONE',  ( 0.5303479753912372363, -0.6087308571742315877, 6.874154035643536886 ) ) ;
#708 = CARTESIAN_POINT ( 'NONE',  ( -1.060228982717356772, 1.226553134275964574, 6.336127274944355570 ) ) ;
#709 = CARTESIAN_POINT ( 'NONE',  ( 0.04936763621150912912, -0.04150772032448894061, 6.999999999999844569 ) ) ;
#710 = PRESENTATION_LAYER_ASSIGNMENT (  '', '', ( #1490 ) ) ;
#711 = VERTEX_POINT ( 'NONE', #907 ) ;
#712 = ORIENTED_EDGE ( 'NONE', *, *, #4167, .T. ) ;
#713 =( LENGTH_UNIT ( ) NAMED_UNIT ( * ) SI_UNIT ( .MILLI., .METRE. ) );
#714 = SURFACE_STYLE_FILL_AREA ( #1515 ) ;
#715 = CARTESIAN_POINT ( 'NONE',  ( 1.446052275208005167, 1.523733767429943597, 5.232867275485141967 ) ) ;
#716 = CARTESIAN_POINT ( 'NONE',  ( -1.060114590424534597, -1.226608968937977551, 6.336115265454994372 ) ) ;
#717 = EDGE_LOOP ( 'NONE', ( #3597, #4049, #4262, #1796 ) ) ;
#718 = DIRECTION ( 'NONE',  ( 0.000000000000000000, 1.000000000000000000, 0.000000000000000000 ) ) ;
#719 = CARTESIAN_POINT ( 'NONE',  ( 1.356738174972885513, 1.566414066747252809, 5.149999999834289355 ) ) ;
#720 =( NAMED_UNIT ( * ) SI_UNIT ( $, .STERADIAN. ) SOLID_ANGLE_UNIT ( ) );
#721 = CARTESIAN_POINT ( 'NONE',  ( 2.131928418631484856, 0.2797049308533030576, 5.985960283779836466 ) ) ;
#722 = CARTESIAN_POINT ( 'NONE',  ( 0.9700000000000003064, 0.1749999999999999056, -0.3000000000000000444 ) ) ;
#723 =( NAMED_UNIT ( * ) PLANE_ANGLE_UNIT ( ) SI_UNIT ( $, .RADIAN. ) );
#724 = CARTESIAN_POINT ( 'NONE',  ( -1.986692511950049589, 0.1313444451981384264, 6.158698259745846393 ) ) ;
#725 = DIRECTION ( 'NONE',  ( -1.000000000000000000, 0.000000000000000000, 0.000000000000000000 ) ) ;
#726 = CARTESIAN_POINT ( 'NONE',  ( 0.9588366981825380275, -0.9509571610974996148, 6.618562902258330105 ) ) ;
#727 = PRODUCT_RELATED_PRODUCT_CATEGORY ( 'part', '', ( #2618 ) ) ;
#728 = DIRECTION ( 'NONE',  ( 0.000000000000000000, 0.000000000000000000, -1.000000000000000000 ) ) ;
#729 = CARTESIAN_POINT ( 'NONE',  ( -0.8275248668321804058, -0.1294243710245630008, 6.873561388551864937 ) ) ;
#730 = CARTESIAN_POINT ( 'NONE',  ( 1.356738174972888178, 1.566414066747252587, 5.423549127688012561 ) ) ;
#731 = CARTESIAN_POINT ( 'NONE',  ( 1.211420136443736251, -1.390392407284881005, 6.036547904262082653 ) ) ;
#732 = CARTESIAN_POINT ( 'NONE',  ( 0.09727876543311235469, 0.08260170774307218355, 6.998420704783805846 ) ) ;
#733 = EDGE_CURVE ( 'NONE', #2946, #1854, #1534, .T. ) ;
#734 = UNCERTAINTY_MEASURE_WITH_UNIT (LENGTH_MEASURE( 1.000000000000000082E-05 ), #886, 'distance_accuracy_value', 'NONE');
#735 =( LENGTH_UNIT ( ) NAMED_UNIT ( * ) SI_UNIT ( .MILLI., .METRE. ) );
#736 = B_SPLINE_CURVE_WITH_KNOTS ( 'NONE', 3,
 ( #4615, #2110, #4699, #4331, #2163, #4404 ),
 .UNSPECIFIED., .F., .F.,
 ( 4, 2, 4 ),
 ( 0.006756269830244607949, 0.006888759277881168971, 0.007021248725517730861 ),
 .UNSPECIFIED. ) ;
#737 = FILL_AREA_STYLE_COLOUR ( '', #1914 ) ;
#738 = CARTESIAN_POINT ( 'NONE',  ( 1.692300800406965955, 1.375854892378941097, 5.315698294342747765 ) ) ;
#739 = MECHANICAL_DESIGN_GEOMETRIC_PRESENTATION_REPRESENTATION (  '', ( #4805 ), #896 ) ;
#740 = DIRECTION ( 'NONE',  ( -1.000000000000000000, 0.000000000000000000, 0.000000000000000000 ) ) ;
#741 = CARTESIAN_POINT ( 'NONE',  ( 2.549999994099407807, 1.122133458981327246E-13, 5.149999999834289355 ) ) ;
#742 = CARTESIAN_POINT ( 'NONE',  ( 2.302142104507554077, 0.1476969551640542888, 5.802105540749802337 ) ) ;
#743 = FILL_AREA_STYLE_COLOUR ( '', #68 ) ;
#744 = CARTESIAN_POINT ( 'NONE',  ( -1.968719126418235543, 0.2627462068866932565, 6.159679255330801517 ) ) ;
#745 = FILL_AREA_STYLE ('',( #16 ) ) ;
#746 = CARTESIAN_POINT ( 'NONE',  ( -1.354626054657456002, -1.567375899864241307, 5.149999999834290243 ) ) ;
#747 = COLOUR_RGB ( '',0.8431372549019607865, 0.8431372549019607865, 0.8431372549019607865 ) ;
#748 = CARTESIAN_POINT ( 'NONE',  ( 1.062720990487075579, -0.8501146176260818699, 6.632524224001758562 ) ) ;
#749 =( GEOMETRIC_REPRESENTATION_CONTEXT ( 3 ) GLOBAL_UNCERTAINTY_ASSIGNED_CONTEXT ( ( #2901 ) ) GLOBAL_UNIT_ASSIGNED_CONTEXT ( ( #2814, #4128, #3012 ) ) REPRESENTATION_CONTEXT ( 'NONE', 'WORKASPACE' ) );
#750 = CARTESIAN_POINT ( 'NONE',  ( 0.9700000000000003064, 0.3749999999999998890, -0.1999999999999999833 ) ) ;
#751 = CARTESIAN_POINT ( 'NONE',  ( -0.5137211145446748395, -0.3532830895516497205, 6.941416198797289105 ) ) ;
#752 = CARTESIAN_POINT ( 'NONE',  ( 1.228677993712314898, 1.418562307714648307, 5.961021642586561420 ) ) ;
#753 = CYLINDRICAL_SURFACE ( 'NONE', #4725, 0.1999999999999999833 ) ;
#754 = DIRECTION ( 'NONE',  ( -0.000000000000000000, 0.000000000000000000, 1.000000000000000000 ) ) ;
#755 = CARTESIAN_POINT ( 'NONE',  ( 0.1157075174161514980, -0.009288487621243365563, 6.998751292447696670 ) ) ;
#756 = VECTOR ( 'NONE', #3311, 1000.000000000000000 ) ;
#757 = CARTESIAN_POINT ( 'NONE',  ( -0.9700000000000003064, 0.3749999999999998890, -0.1999999999999999833 ) ) ;
#758 = PRESENTATION_LAYER_ASSIGNMENT (  '', '', ( #1617 ) ) ;
#759 = CARTESIAN_POINT ( 'NONE',  ( -4.671608575681285289E-06, 0.000000000000000000, 6.999999999999999112 ) ) ;
#760 = CARTESIAN_POINT ( 'NONE',  ( 2.538733040588242229, -0.1525640330298720926, 5.280924413978116405 ) ) ;
#761 = MECHANICAL_DESIGN_GEOMETRIC_PRESENTATION_REPRESENTATION (  '', ( #4434 ), #6 ) ;
#762 = EDGE_CURVE ( 'NONE', #4285, #2830, #3392, .T. ) ;
#763 = FILL_AREA_STYLE ('',( #3003 ) ) ;
#764 =( NAMED_UNIT ( * ) SI_UNIT ( $, .STERADIAN. ) SOLID_ANGLE_UNIT ( ) );
#765 = PRESENTATION_STYLE_ASSIGNMENT (( #1371 ) ) ;
#766 = FILL_AREA_STYLE_COLOUR ( '', #173 ) ;
#767 = FACE_OUTER_BOUND ( 'NONE', #934, .T. ) ;
#768 = EDGE_CURVE ( 'NONE', #3438, #3145, #2247, .T. ) ;
#769 = CARTESIAN_POINT ( 'NONE',  ( 0.000000000000000000, 0.000000000000000000, -0.5000000000000000000 ) ) ;
#770 = EDGE_LOOP ( 'NONE', ( #4619, #1019, #4427, #1847, #325, #3317, #1590, #349 ) ) ;
#771 = CARTESIAN_POINT ( 'NONE',  ( 1.357712244713916716, -1.558300349325483225, 5.313209268584742517 ) ) ;
#772 = B_SPLINE_CURVE_WITH_KNOTS ( 'NONE', 3,
 ( #3477, #3095, #4244, #159, #136, #3149, #1986, #901, #4221, #857, #112, #1196, #3427, #2328, #3068, #1959, #441, #1638, #4631, #1219 ),
 .UNSPECIFIED., .F., .F.,
 ( 4, 2, 2, 2, 2, 2, 2, 2, 2, 4 ),
 ( 0.000000000000000000, 0.0008445337287805757768, 0.001689067457561151554, 0.002533601186341727114, 0.003378134915122303107, 0.004222668643902879534, 0.005067202372683454227, 0.005911736101464030654, 0.006334002965854319302, 0.006756269830244607949 ),
 .UNSPECIFIED. ) ;
#773 = CARTESIAN_POINT ( 'NONE',  ( 1.770000000000000240, 0.1749999999999999611, -0.1999999999999999833 ) ) ;
#774 = DIRECTION ( 'NONE',  ( 0.000000000000000000, -0.000000000000000000, -1.000000000000000000 ) ) ;
#775 = CARTESIAN_POINT ( 'NONE',  ( -1.897616343378294657, -0.5185335736592191491, 6.162918243661252404 ) ) ;
#776 = DIRECTION ( 'NONE',  ( 0.000000000000000000, -1.000000000000000000, 0.000000000000000000 ) ) ;
#777 = CARTESIAN_POINT ( 'NONE',  ( -0.9700000000000003064, 0.1749999999999999056, -0.3000000000000000444 ) ) ;
#778 = CARTESIAN_POINT ( 'NONE',  ( 0.9554720043845290611, 0.9529587780593010704, 6.618091155774550316 ) ) ;
#779 =( NAMED_UNIT ( * ) PLANE_ANGLE_UNIT ( ) SI_UNIT ( $, .RADIAN. ) );
#780 = CARTESIAN_POINT ( 'NONE',  ( -0.9135713741021027623, 0.3603704925251134950, 6.828161520004595531 ) ) ;
#781 = CARTESIAN_POINT ( 'NONE',  ( -1.275715000490978968, -1.442186379460215218, -2.710505431213761085E-17 ) ) ;
#782 = CARTESIAN_POINT ( 'NONE',  ( 1.056163197044810431, -1.212278403337968546, 6.353408628636667999 ) ) ;
#783 = CARTESIAN_POINT ( 'NONE',  ( -0.04249183149761565081, 0.04915257892359283648, 6.999999999999825029 ) ) ;
#784 = CARTESIAN_POINT ( 'NONE',  ( 0.2045030258925416566, -0.1417222247942830360, 6.991969704776074934 ) ) ;
#785 = UNCERTAINTY_MEASURE_WITH_UNIT (LENGTH_MEASURE( 1.000000000000000082E-05 ), #2609, 'distance_accuracy_value', 'NONE');
#786 =( NAMED_UNIT ( * ) SI_UNIT ( $, .STERADIAN. ) SOLID_ANGLE_UNIT ( ) );
#787 = DIRECTION ( 'NONE',  ( -0.000000000000000000, -1.000000000000000000, 0.000000000000000000 ) ) ;
#788 = CARTESIAN_POINT ( 'NONE',  ( -2.119095896550343916, 1.029232407556041284, 5.281597591569857642 ) ) ;
#789 = SURFACE_STYLE_FILL_AREA ( #4043 ) ;
#790 = DIRECTION ( 'NONE',  ( 0.000000000000000000, 0.000000000000000000, -1.000000000000000000 ) ) ;
#791 = ORIENTED_EDGE ( 'NONE', *, *, #4466, .T. ) ;
#792 = PRESENTATION_LAYER_ASSIGNMENT (  '', '', ( #2904 ) ) ;
#793 = DIRECTION ( 'NONE',  ( 0.000000000000000000, -1.000000000000000000, 0.000000000000000000 ) ) ;
#794 = CARTESIAN_POINT ( 'NONE',  ( -1.020000000000000018, -0.2500000000000000000, 0.000000000000000000 ) ) ;
#795 = CARTESIAN_POINT ( 'NONE',  ( 2.505475355277432925, -0.3070890211788338542, 5.313862707468145707 ) ) ;
#796 = EDGE_CURVE ( 'NONE', #2111, #4380, #4796, .T. ) ;
#797 = ORIENTED_EDGE ( 'NONE', *, *, #4318, .F. ) ;
#798 = CARTESIAN_POINT ( 'NONE',  ( 1.570000000000000284, 0.5749999999999999556, -0.2000000000000000111 ) ) ;
#799 = CARTESIAN_POINT ( 'NONE',  ( -2.131854126247827885, 0.2781442317262096675, 5.985503256784106441 ) ) ;
#800 = CARTESIAN_POINT ( 'NONE',  ( 0.9700000000000003064, -0.3750000000000001665, -0.5000000000000000000 ) ) ;
#801 = CARTESIAN_POINT ( 'NONE',  ( 1.003417499280674807, 1.158488353187978381, 6.430075013826694885 ) ) ;
#802 = EDGE_CURVE ( 'NONE', #3639, #3916, #3690, .T. ) ;
#803 = FILL_AREA_STYLE_COLOUR ( '', #1278 ) ;
#804 = CARTESIAN_POINT ( 'NONE',  ( -1.198853049818433769, 0.6572717678299316857, 6.640372090449107922 ) ) ;
#805 = TOROIDAL_SURFACE ( 'NONE', #2444, 0.4000000000000000222, 0.2000000000000000111 ) ;
#806 = CARTESIAN_POINT ( 'NONE',  ( 1.162533666310689551, -1.334357137405256521, 6.153409720498245861 ) ) ;
#807 = SURFACE_STYLE_FILL_AREA ( #3452 ) ;
#808 = CARTESIAN_POINT ( 'NONE',  ( 0.2783364331432893191, -0.09197455041500780804, 6.987717129592595278 ) ) ;
#809 = DIRECTION ( 'NONE',  ( 0.000000000000000000, 0.000000000000000000, 1.000000000000000000 ) ) ;
#810 = FACE_OUTER_BOUND ( 'NONE', #211, .T. ) ;
#811 = LINE ( 'NONE', #4136, #3811 ) ;
#812 = ORIENTED_EDGE ( 'NONE', *, *, #574, .F. ) ;
#813 = CARTESIAN_POINT ( 'NONE',  ( -1.351802243385915592, 1.563868637225331870, 5.280504273559138539 ) ) ;
#814 = AXIS2_PLACEMENT_3D ( 'NONE', #144, #4212, #2044 ) ;
#815 = FACE_OUTER_BOUND ( 'NONE', #2502, .T. ) ;
#816 = MECHANICAL_DESIGN_GEOMETRIC_PRESENTATION_REPRESENTATION (  '', ( #2683 ), #3170 ) ;
#817 = CIRCLE ( 'NONE', #3782, 0.1499999999999999389 ) ;
#818 = FILL_AREA_STYLE_COLOUR ( '', #2504 ) ;
#819 = CARTESIAN_POINT ( 'NONE',  ( 1.358442707357676138, -1.569523164216485966, 0.1499999999999999667 ) ) ;
#820 = COLOUR_RGB ( '',1.000000000000000000, 0.000000000000000000, 0.000000000000000000 ) ;
#821 = CARTESIAN_POINT ( 'NONE',  ( 2.278387556096507893, -0.7427841253222067230, 5.480127449484432312 ) ) ;
#822 = ORIENTED_EDGE ( 'NONE', *, *, #698, .T. ) ;
#823 = CIRCLE ( 'NONE', #3104, 0.1999999999999999833 ) ;
#824 = CARTESIAN_POINT ( 'NONE',  ( -2.188977703196501867, -0.5745909437017341359, 5.804992792230362575 ) ) ;
#825 = EDGE_CURVE ( 'NONE', #690, #3992, #1119, .T. ) ;
#826 = PRESENTATION_STYLE_ASSIGNMENT (( #4569 ) ) ;
#827 = FILL_AREA_STYLE ('',( #898 ) ) ;
#828 = CARTESIAN_POINT ( 'NONE',  ( 1.791942912557777046, 0.2463806847565422065, 6.321317378845089152 ) ) ;
#829 = CARTESIAN_POINT ( 'NONE',  ( -0.9178275858203239768, -1.734679203231197731, 5.149999999999999467 ) ) ;
#830 = CARTESIAN_POINT ( 'NONE',  ( -1.552973596975752102, 0.1090695091999057537, 6.510499241932747871 ) ) ;
#831 =( LENGTH_UNIT ( ) NAMED_UNIT ( * ) SI_UNIT ( .MILLI., .METRE. ) );
#832 = VECTOR ( 'NONE', #32, 1000.000000000000000 ) ;
#833 = ADVANCED_FACE ( 'NONE', ( #1435 ), #4769, .T. ) ;
#834 = DIRECTION ( 'NONE',  ( 1.000000000000000000, -1.084202172485504434E-16, 0.000000000000000000 ) ) ;
#835 = CARTESIAN_POINT ( 'NONE',  ( 0.4337467558785768618, -0.4677232665098777775, 6.931691250680365179 ) ) ;
#836 = CARTESIAN_POINT ( 'NONE',  ( -0.08770423663928231250, -0.09545481870296360083, 6.998104786867519245 ) ) ;
#837 = CARTESIAN_POINT ( 'NONE',  ( -2.549387776257046490, -0.1558590704254929349, 5.182621417790653773 ) ) ;
#838 = SPHERICAL_SURFACE ( 'NONE', #2481, 0.2000000000000000111 ) ;
#839 = VECTOR ( 'NONE', #2572, 1000.000000000000000 ) ;
#840 = CARTESIAN_POINT ( 'NONE',  ( -2.549999999999998934, -3.699999999999999289, 0.1499999999999996891 ) ) ;
#841 = EDGE_LOOP ( 'NONE', ( #3007, #2944, #3825, #2670 ) ) ;
#842 = STYLED_ITEM ( 'NONE', ( #4006 ), #1970 ) ;
#843 = MECHANICAL_DESIGN_GEOMETRIC_PRESENTATION_REPRESENTATION (  '', ( #2474 ), #3563 ) ;
#844 = FACE_OUTER_BOUND ( 'NONE', #3693, .T. ) ;
#845 = PRESENTATION_LAYER_ASSIGNMENT (  '', '', ( #2563 ) ) ;
#846 = PRESENTATION_LAYER_ASSIGNMENT (  '', '', ( #4434 ) ) ;
#847 = CARTESIAN_POINT ( 'NONE',  ( 2.351967338150969145, 0.6039242605667978214, 5.479314318789303861 ) ) ;
#848 = ORIENTED_EDGE ( 'NONE', *, *, #1188, .F. ) ;
#849 = CARTESIAN_POINT ( 'NONE',  ( 1.533584205471510753, 1.478707365179486866, 5.215402987077061070 ) ) ;
#850 = COLOUR_RGB ( '',1.000000000000000000, 0.000000000000000000, 0.000000000000000000 ) ;
#851 = CARTESIAN_POINT ( 'NONE',  ( -2.387904373248864065, -0.1493959974730107720, 5.673482366541401589 ) ) ;
#852 = CARTESIAN_POINT ( 'NONE',  ( -1.087464612054099611, -1.258254538171800663, 6.287105754022425330 ) ) ;
#853 = CARTESIAN_POINT ( 'NONE',  ( 1.061734130328682246, 1.225817708556641517, 6.336285418265293679 ) ) ;
#854 = EDGE_CURVE ( 'NONE', #711, #4639, #2560, .T. ) ;
#855 = SURFACE_SIDE_STYLE ('',( #4521 ) ) ;
#856 = CARTESIAN_POINT ( 'NONE',  ( -1.216164585577477419, 0.1803504799935723435, 6.708799350118900939 ) ) ;
#857 = CARTESIAN_POINT ( 'NONE',  ( -0.1479857609980246569, 1.857870043082140432, 0.1499999999999999944 ) ) ;
#858 = PRESENTATION_STYLE_ASSIGNMENT (( #1639 ) ) ;
#859 = CARTESIAN_POINT ( 'NONE',  ( 0.2224348880426653408, 0.07419187653897602042, 6.992548568077558535 ) ) ;
#860 = ADVANCED_FACE ( 'NONE', ( #3899 ), #4327, .T. ) ;
#861 = CARTESIAN_POINT ( 'NONE',  ( -1.770000000000000240, -0.3750000000000000555, -0.5000000000000000000 ) ) ;
#862 = CARTESIAN_POINT ( 'NONE',  ( -0.1149231374259835903, -0.01890989210821871630, 6.998737777849748376 ) ) ;
#863 = DIRECTION ( 'NONE',  ( -0.000000000000000000, -0.000000000000000000, -1.000000000000000000 ) ) ;
#864 = CARTESIAN_POINT ( 'NONE',  ( -1.354626054657419365, -1.567375899864257738, 5.166295525755151274 ) ) ;
#865 = CARTESIAN_POINT ( 'NONE',  ( -0.9700000000000003064, 0.3749999999999998890, -0.5000000000000000000 ) ) ;
#866 = ORIENTED_EDGE ( 'NONE', *, *, #3628, .T. ) ;
#867 = CARTESIAN_POINT ( 'NONE',  ( 1.970000000000000417, -0.3750000000000000555, -0.1999999999999999833 ) ) ;
#868 = FACE_OUTER_BOUND ( 'NONE', #3050, .T. ) ;
#869 = EDGE_LOOP ( 'NONE', ( #4159, #499, #2048, #4022 ) ) ;
#870 = VECTOR ( 'NONE', #2628, 1000.000000000000000 ) ;
#871 = CARTESIAN_POINT ( 'NONE',  ( 2.521678459659851157, 0.3133180173336032048, 5.182638192623572060 ) ) ;
#872 = CARTESIAN_POINT ( 'NONE',  ( -2.131828148568112535, -0.2782538815735722815, 5.985500625237601291 ) ) ;
#873 = CARTESIAN_POINT ( 'NONE',  ( 1.970000000000000417, 0.1749999999999999611, -0.1999999999999999833 ) ) ;
#874 = CARTESIAN_POINT ( 'NONE',  ( 1.687006954928006897, -0.5969267619809290881, 6.326736110128357460 ) ) ;
#875 = CARTESIAN_POINT ( 'NONE',  ( -1.066582987592629372, 1.059421369973848392, 6.493230121334218730 ) ) ;
#876 = CARTESIAN_POINT ( 'NONE',  ( 0.4417764600793980811, -0.1825424033498581067, 6.966489881803410000 ) ) ;
#877 = STYLED_ITEM ( 'NONE', ( #391 ), #3548 ) ;
#878 = CARTESIAN_POINT ( 'NONE',  ( -0.04397484865423934020, -0.04786978490307169237, 6.999999999999829470 ) ) ;
#879 = CARTESIAN_POINT ( 'NONE',  ( 2.514719540395989661, 0.3424819477118569711, -2.710505431213761085E-17 ) ) ;
#880 = CARTESIAN_POINT ( 'NONE',  ( -1.999007368979469401, -1.158616843461083956, 5.182712420636552686 ) ) ;
#881 = LINE ( 'NONE', #2751, #3275 ) ;
#882 = EDGE_CURVE ( 'NONE', #711, #3242, #1055, .T. ) ;
#883 = LINE ( 'NONE', #1296, #1706 ) ;
#884 = FILL_AREA_STYLE ('',( #249 ) ) ;
#885 =( LENGTH_UNIT ( ) NAMED_UNIT ( * ) SI_UNIT ( .MILLI., .METRE. ) );
#886 =( LENGTH_UNIT ( ) NAMED_UNIT ( * ) SI_UNIT ( .MILLI., .METRE. ) );
#887 = ORIENTED_EDGE ( 'NONE', *, *, #2112, .F. ) ;
#888 = PRESENTATION_LAYER_ASSIGNMENT (  '', '', ( #1832 ) ) ;
#889 = CARTESIAN_POINT ( 'NONE',  ( -1.221350920328682532, -1.637570990347761768, 0.1499999999999999389 ) ) ;
#890 = ORIENTED_EDGE ( 'NONE', *, *, #1506, .T. ) ;
#891 = EDGE_CURVE ( 'NONE', #2697, #3145, #3601, .T. ) ;
#892 = MECHANICAL_DESIGN_GEOMETRIC_PRESENTATION_REPRESENTATION (  '', ( #4097 ), #1592 ) ;
#893 = ORIENTED_EDGE ( 'NONE', *, *, #1606, .T. ) ;
#894 = CARTESIAN_POINT ( 'NONE',  ( 1.355991207675292021, 1.565551657075924252, 5.215251807658924044 ) ) ;
#895 = CARTESIAN_POINT ( 'NONE',  ( -1.564607021436291046, 1.199143239896768520, 5.992014505792889523 ) ) ;
#896 =( GEOMETRIC_REPRESENTATION_CONTEXT ( 3 ) GLOBAL_UNCERTAINTY_ASSIGNED_CONTEXT ( ( #3241 ) ) GLOBAL_UNIT_ASSIGNED_CONTEXT ( ( #4350, #3590, #1391 ) ) REPRESENTATION_CONTEXT ( 'NONE', 'WORKASPACE' ) );
#897 = CARTESIAN_POINT ( 'NONE',  ( -2.090116169759432374, 0.8410854568679938525, -2.710505431213761085E-17 ) ) ;
#898 = FILL_AREA_STYLE_COLOUR ( '', #2952 ) ;
#899 = CARTESIAN_POINT ( 'NONE',  ( 1.093660449968660853, -1.255236555181429736, 6.287736413236048705 ) ) ;
#900 = CARTESIAN_POINT ( 'NONE',  ( -1.359453402405175204, -0.7304136383178903014, 6.516587413130969786 ) ) ;
#901 = CARTESIAN_POINT ( 'NONE',  ( 0.6859002162201757180, 1.793887988817362222, 0.1499999999999999944 ) ) ;
#902 = CARTESIAN_POINT ( 'NONE',  ( 2.539112615636570425, -0.1763590256792353372, 0.1499999999999999667 ) ) ;
#903 = UNCERTAINTY_MEASURE_WITH_UNIT (LENGTH_MEASURE( 1.000000000000000082E-05 ), #2511, 'distance_accuracy_value', 'NONE');
#904 =( GEOMETRIC_REPRESENTATION_CONTEXT ( 3 ) GLOBAL_UNCERTAINTY_ASSIGNED_CONTEXT ( ( #4697 ) ) GLOBAL_UNIT_ASSIGNED_CONTEXT ( ( #3395, #430, #2986 ) ) REPRESENTATION_CONTEXT ( 'NONE', 'WORKASPACE' ) );
#905 = CARTESIAN_POINT ( 'NONE',  ( 0.4093289046315324864, 0.2832610228860577006, 6.964948899693983897 ) ) ;
#906 = CARTESIAN_POINT ( 'NONE',  ( -0.09718612884325779355, 0.08265042209604714363, 6.998417774683257875 ) ) ;
#907 = CARTESIAN_POINT ( 'NONE',  ( -1.570000000000000284, 0.3750000000000000000, -0.1999999999999999833 ) ) ;
#908 = CARTESIAN_POINT ( 'NONE',  ( -2.519803744469582885, -0.3114629067932851991, 5.215334628771051584 ) ) ;
#909 = LINE ( 'NONE', #4277, #4281 ) ;
#910 =( GEOMETRIC_REPRESENTATION_CONTEXT ( 3 ) GLOBAL_UNCERTAINTY_ASSIGNED_CONTEXT ( ( #4618 ) ) GLOBAL_UNIT_ASSIGNED_CONTEXT ( ( #4758, #4730, #2475 ) ) REPRESENTATION_CONTEXT ( 'NONE', 'WORKASPACE' ) );
#911 =( NAMED_UNIT ( * ) PLANE_ANGLE_UNIT ( ) SI_UNIT ( $, .RADIAN. ) );
#912 = SURFACE_SIDE_STYLE ('',( #4590 ) ) ;
#913 =( NAMED_UNIT ( * ) PLANE_ANGLE_UNIT ( ) SI_UNIT ( $, .RADIAN. ) );
#914 = AXIS2_PLACEMENT_3D ( 'NONE', #1273, #1613, #4183 ) ;
#915 = ADVANCED_FACE ( 'NONE', ( #1699 ), #3208, .T. ) ;
#916 = CARTESIAN_POINT ( 'NONE',  ( 2.332273275558384373, 0.7593889310379861035, 5.215446390361251794 ) ) ;
#917 = CARTESIAN_POINT ( 'NONE',  ( -2.376967938774696698, 0.2338113465775707167, -2.710505431213761085E-17 ) ) ;
#918 = AXIS2_PLACEMENT_3D ( 'NONE', #4082, #725, #3280 ) ;
#919 = CARTESIAN_POINT ( 'NONE',  ( -1.691296089050950080, 1.376511258617715505, 5.315662322551920838 ) ) ;
#920 = COLOUR_RGB ( '',0.8431372549019607865, 0.8431372549019607865, 0.8431372549019607865 ) ;
#921 = FILL_AREA_STYLE ('',( #617 ) ) ;
#922 = CARTESIAN_POINT ( 'NONE',  ( 1.792733581880779026, 0.6295879207293747504, 6.220942518693093781 ) ) ;
#923 = CIRCLE ( 'NONE', #1784, 0.1999999999999999833 ) ;
#924 = STYLED_ITEM ( 'NONE', ( #4407 ), #1395 ) ;
#925 = CARTESIAN_POINT ( 'NONE',  ( -1.087582159924284309, 1.258197499420125709, 6.287117684198170409 ) ) ;
#926 = CARTESIAN_POINT ( 'NONE',  ( 0.8451038277903555329, -0.9029207363559560440, 6.683577497737783091 ) ) ;
#927 = PRESENTATION_LAYER_ASSIGNMENT (  '', '', ( #693 ) ) ;
#928 = CARTESIAN_POINT ( 'NONE',  ( 0.2187444378919066179, 1.849891370628690579, 6.999999999999866773 ) ) ;
#929 = CARTESIAN_POINT ( 'NONE',  ( -0.2278845873565663593, 0.01871800635530542281, 6.992591207561546618 ) ) ;
#930 = CARTESIAN_POINT ( 'NONE',  ( 2.467743972995341650, 0.4877693039691989862, -2.710505431213761085E-17 ) ) ;
#931 = CARTESIAN_POINT ( 'NONE',  ( -2.415304746638767153, -0.6134284991167999745, 5.166295589016017153 ) ) ;
#932 = FILL_AREA_STYLE_COLOUR ( '', #3975 ) ;
#933 = FILL_AREA_STYLE_COLOUR ( '', #27 ) ;
#934 = EDGE_LOOP ( 'NONE', ( #4401, #4584, #3110, #1551 ) ) ;
#935 = ORIENTED_EDGE ( 'NONE', *, *, #3851, .F. ) ;
#936 = UNCERTAINTY_MEASURE_WITH_UNIT (LENGTH_MEASURE( 1.000000000000000082E-05 ), #3749, 'distance_accuracy_value', 'NONE');
#937 = CARTESIAN_POINT ( 'NONE',  ( 1.362339511432693273, -1.563611265729422550, 5.182627965273767678 ) ) ;
#938 = MECHANICAL_DESIGN_GEOMETRIC_PRESENTATION_REPRESENTATION (  '', ( #3905 ), #4536 ) ;
#939 = FACE_OUTER_BOUND ( 'NONE', #1050, .T. ) ;
#940 = FILL_AREA_STYLE ('',( #2666 ) ) ;
#941 = EDGE_LOOP ( 'NONE', ( #143, #3530, #119, #1871 ) ) ;
#942 = CARTESIAN_POINT ( 'NONE',  ( -2.454812511510077400, 0.3061415283391607511, 5.478196840681796687 ) ) ;
#943 = EDGE_CURVE ( 'NONE', #1471, #544, #3266, .T. ) ;
#944 = CARTESIAN_POINT ( 'NONE',  ( 1.280770583625463699, 1.358005077542161709, 6.031816563677988796 ) ) ;
#945 = PRESENTATION_LAYER_ASSIGNMENT (  '', '', ( #622 ) ) ;
#946 = CARTESIAN_POINT ( 'NONE',  ( -1.233767590391979807, -0.9774785403334227407, 6.464431264044764980 ) ) ;
#947 = CARTESIAN_POINT ( 'NONE',  ( -1.570000000000000284, -0.5750000000000000666, 0.000000000000000000 ) ) ;
#948 = UNCERTAINTY_MEASURE_WITH_UNIT (LENGTH_MEASURE( 1.000000000000000082E-05 ), #963, 'distance_accuracy_value', 'NONE');
#949 = CARTESIAN_POINT ( 'NONE',  ( 0.6569014476104820810, 0.7584189053373446843, 6.798926638409252377 ) ) ;
#950 = SURFACE_STYLE_FILL_AREA ( #1387 ) ;
#951 = CARTESIAN_POINT ( 'NONE',  ( -0.2188011915330499435, -0.09201360884568789145, 6.992453062421366106 ) ) ;
#952 = DIRECTION ( 'NONE',  ( 0.000000000000000000, 0.000000000000000000, -1.000000000000000000 ) ) ;
#953 = CARTESIAN_POINT ( 'NONE',  ( -0.3663439481756396443, -1.682652630844049257, -2.710505431213761085E-17 ) ) ;
#954 = CARTESIAN_POINT ( 'NONE',  ( 4.686308437449692685E-06, 0.000000000000000000, 6.999999999999999112 ) ) ;
#955 =( NAMED_UNIT ( * ) SI_UNIT ( $, .STERADIAN. ) SOLID_ANGLE_UNIT ( ) );
#956 = ORIENTED_EDGE ( 'NONE', *, *, #642, .F. ) ;
#957 = DIRECTION ( 'NONE',  ( 1.000000000000000000, -0.000000000000000000, 0.000000000000000000 ) ) ;
#958 = CARTESIAN_POINT ( 'NONE',  ( -1.570000000000000284, 0.5749999999999999556, 0.000000000000000000 ) ) ;
#959 = AXIS2_PLACEMENT_3D ( 'NONE', #2925, #3679, #1374 ) ;
#960 = CARTESIAN_POINT ( 'NONE',  ( 0.8742845004169810252, -1.750049904367783959, 0.1499999999999999667 ) ) ;
#961 = ORIENTED_EDGE ( 'NONE', *, *, #3314, .F. ) ;
#962 = CARTESIAN_POINT ( 'NONE',  ( -1.668208532619355644, -1.361716884375347103, 5.483093600187144645 ) ) ;
#963 =( LENGTH_UNIT ( ) NAMED_UNIT ( * ) SI_UNIT ( .MILLI., .METRE. ) );
#964 = CARTESIAN_POINT ( 'NONE',  ( 2.003565885036854066, -0.5359427043559970016, 6.048729162674322701 ) ) ;
#965 = DIRECTION ( 'NONE',  ( -1.000000000000000000, 0.000000000000000000, 0.000000000000000000 ) ) ;
#966 = CARTESIAN_POINT ( 'NONE',  ( -1.489367668215728857, -0.9222987371777732202, 6.328697499854739839 ) ) ;
#967 = DIRECTION ( 'NONE',  ( 0.000000000000000000, -1.000000000000000000, 0.000000000000000000 ) ) ;
#968 = CARTESIAN_POINT ( 'NONE',  ( 0.8287458811425992833, -0.1281857013848912985, 6.874002159070260909 ) ) ;
#969 = EDGE_CURVE ( 'NONE', #978, #1439, #4460, .T. ) ;
#970 = CARTESIAN_POINT ( 'NONE',  ( 0.2048139081591325572, -0.009371253272288455199, 6.999999999999998224 ) ) ;
#971 = CARTESIAN_POINT ( 'NONE',  ( -0.2619903419239085207, 0.1574388042355543971, 6.987137539303378553 ) ) ;
#972 = CARTESIAN_POINT ( 'NONE',  ( 2.061767691747649067, 1.114853669255442048, 0.1499999999999999667 ) ) ;
#973 = STYLED_ITEM ( 'NONE', ( #4070 ), #4442 ) ;
#974 = LINE ( 'NONE', #1763, #2067 ) ;
#975 = SURFACE_STYLE_USAGE ( .BOTH. , #3613 ) ;
#976 = CARTESIAN_POINT ( 'NONE',  ( 4.686308437449692685E-06, 0.000000000000000000, 6.999999999999997335 ) ) ;
#977 = UNCERTAINTY_MEASURE_WITH_UNIT (LENGTH_MEASURE( 1.000000000000000082E-05 ), #713, 'distance_accuracy_value', 'NONE');
#978 = VERTEX_POINT ( 'NONE', #1107 ) ;
#979 = VECTOR ( 'NONE', #1481, 1000.000000000000000 ) ;
#980 = CARTESIAN_POINT ( 'NONE',  ( -1.770000000000000240, -0.1750000000000000444, -0.5000000000000000000 ) ) ;
#981 = ORIENTED_EDGE ( 'NONE', *, *, #2561, .T. ) ;
#982 = CARTESIAN_POINT ( 'NONE',  ( -1.971653063743815215, 1.147332941289944008, 5.415477677215260854 ) ) ;
#983 = DIRECTION ( 'NONE',  ( 1.000000000000000000, 0.000000000000000000, 0.000000000000000000 ) ) ;
#984 = CARTESIAN_POINT ( 'NONE',  ( 1.285700514816635387, -1.355462810614499247, 6.032236932479412062 ) ) ;
#985 = COLOUR_RGB ( '',1.000000000000000000, 0.000000000000000000, 0.000000000000000000 ) ;
#986 = VECTOR ( 'NONE', #1922, 1000.000000000000000 ) ;
#987 = CARTESIAN_POINT ( 'NONE',  ( -1.117746788381006162, -1.193716955652901701, 6.347478660723669286 ) ) ;
#988 = PLANE ( 'NONE',  #918 ) ;
#989 = CARTESIAN_POINT ( 'NONE',  ( 0.5566536088480210642, 0.2291265393309032672, 6.943427616660748924 ) ) ;
#990 = PRESENTATION_LAYER_ASSIGNMENT (  '', '', ( #4196 ) ) ;
#991 = CARTESIAN_POINT ( 'NONE',  ( 1.570000000000000284, -0.3750000000000000555, -0.3000000000000000444 ) ) ;
#992 = CARTESIAN_POINT ( 'NONE',  ( -0.4596533175146263472, 0.03733536454327374132, 6.966413056895511602 ) ) ;
#993 = CARTESIAN_POINT ( 'NONE',  ( -1.894356050333101171, 1.244136109763467113, 0.1499999999999999667 ) ) ;
#994 = CARTESIAN_POINT ( 'NONE',  ( -1.699108423754931874, -1.381659678779172173, 5.149999999834290243 ) ) ;
#995 = CYLINDRICAL_SURFACE ( 'NONE', #1234, 0.1999999999999999833 ) ;
#996 = CARTESIAN_POINT ( 'NONE',  ( 4.686308437449692685E-06, 0.000000000000000000, 6.999999999999999112 ) ) ;
#997 = EDGE_CURVE ( 'NONE', #3103, #2551, #2564, .T. ) ;
#998 = ORIENTED_EDGE ( 'NONE', *, *, #825, .T. ) ;
#999 = CIRCLE ( 'NONE', #2031, 0.2000000000000000111 ) ;
#1000 = VECTOR ( 'NONE', #395, 1000.000000000000000 ) ;
#1001 = PRODUCT_CONTEXT ( 'NONE', #238, 'mechanical' ) ;
#1002 = CARTESIAN_POINT ( 'NONE',  ( 0.7697989688913873252, -1.765696084170180091, 6.999999999999976907 ) ) ;
#1003 = PRODUCT_DEFINITION_SHAPE ( 'NONE', 'NONE',  #1812 ) ;
#1004 = EDGE_LOOP ( 'NONE', ( #2895, #3574, #4075, #1440 ) ) ;
#1005 = VERTEX_POINT ( 'NONE', #2242 ) ;
#1006 = ORIENTED_EDGE ( 'NONE', *, *, #2297, .F. ) ;
#1007 = DIRECTION ( 'NONE',  ( -1.000000000000000000, 1.084202172485504434E-16, 0.000000000000000000 ) ) ;
#1008 = CARTESIAN_POINT ( 'NONE',  ( 1.578396776613261832, -1.283129452194779585, -2.710505431213761085E-17 ) ) ;
#1009 = VERTEX_POINT ( 'NONE', #2610 ) ;
#1010 = CARTESIAN_POINT ( 'NONE',  ( -1.354029431182844911, 1.566445227993984224, 5.215241426868392871 ) ) ;
#1011 = CARTESIAN_POINT ( 'NONE',  ( 1.844772161039538672, 0.6432961101011406280, 6.165664908764378893 ) ) ;
#1012 = CARTESIAN_POINT ( 'NONE',  ( -1.412034888508424402, -0.7537545683481000625, 6.472343887595969569 ) ) ;
#1013 = CARTESIAN_POINT ( 'NONE',  ( 1.020000000000000018, -0.2500000000000000000, -24.99999999999999645 ) ) ;
#1014 = CARTESIAN_POINT ( 'NONE',  ( 0.7278142173119851455, -0.4873676381953769843, 6.872244708877600416 ) ) ;
#1015 = CARTESIAN_POINT ( 'NONE',  ( -0.2278829411090093904, -0.01873241375585527405, 6.992591089307038210 ) ) ;
#1016 = CARTESIAN_POINT ( 'NONE',  ( 0.8474468443122468164, 0.9786550096059541959, 6.626598737629033842 ) ) ;
#1017 = SURFACE_STYLE_USAGE ( .BOTH. , #4011 ) ;
#1018 = UNCERTAINTY_MEASURE_WITH_UNIT (LENGTH_MEASURE( 1.000000000000000082E-05 ), #609, 'distance_accuracy_value', 'NONE');
#1019 = ORIENTED_EDGE ( 'NONE', *, *, #2836, .T. ) ;
#1020 = ORIENTED_EDGE ( 'NONE', *, *, #1325, .T. ) ;
#1021 = FILL_AREA_STYLE_COLOUR ( '', #4334 ) ;
#1022 = CARTESIAN_POINT ( 'NONE',  ( 1.520000000000000018, -0.2499999999999998335, -0.4854049621773917078 ) ) ;
#1023 = ORIENTED_EDGE ( 'NONE', *, *, #1668, .T. ) ;
#1024 = EDGE_CURVE ( 'NONE', #1444, #1187, #2678, .T. ) ;
#1025 = LINE ( 'NONE', #1350, #679 ) ;
#1026 = UNCERTAINTY_MEASURE_WITH_UNIT (LENGTH_MEASURE( 1.000000000000000082E-05 ), #401, 'distance_accuracy_value', 'NONE');
#1027 = LINE ( 'NONE', #980, #2970 ) ;
#1028 = CARTESIAN_POINT ( 'NONE',  ( -0.8955048307951557485, -1.579628256187952884, -2.710505431213761085E-17 ) ) ;
#1029 = CARTESIAN_POINT ( 'NONE',  ( -2.114193723646922152, -1.027762485056692876, 5.314833339605838702 ) ) ;
#1030 = CARTESIAN_POINT ( 'NONE',  ( -1.770000000000000240, 0.5749999999999999556, 0.000000000000000000 ) ) ;
#1031 = CARTESIAN_POINT ( 'NONE',  ( 1.474482064307081064, 1.428176245145312606, 5.676208691951845076 ) ) ;
#1032 = AXIS2_PLACEMENT_3D ( 'NONE', #2205, #2252, #4029 ) ;
#1033 = CARTESIAN_POINT ( 'NONE',  ( -1.577477730621476448, 0.9664950336143791620, 6.224245551681661048 ) ) ;
#1034 = CIRCLE ( 'NONE', #647, 0.4000000000000000777 ) ;
#1035 = AXIS2_PLACEMENT_3D ( 'NONE', #2716, #134, #4176 ) ;
#1036 = FILL_AREA_STYLE_COLOUR ( '', #2332 ) ;
#1037 = CARTESIAN_POINT ( 'NONE',  ( 1.458248260302794863, -0.5319256962026589486, 6.516255345090897322 ) ) ;
#1038 = DIRECTION ( 'NONE',  ( -1.000000000000000000, 0.000000000000000000, 0.000000000000000000 ) ) ;
#1039 = CARTESIAN_POINT ( 'NONE',  ( -0.5813071020032734015, -0.04666598561388946020, 6.943196115526099277 ) ) ;
#1040 = CARTESIAN_POINT ( 'NONE',  ( 1.244625605713360006, 1.436974825109248233, 5.911216732065142310 ) ) ;
#1041 = CARTESIAN_POINT ( 'NONE',  ( -2.335195479578071609, -0.7593395042850619170, 5.149999999834290243 ) ) ;
#1042 = DIRECTION ( 'NONE',  ( 0.000000000000000000, -1.000000000000000000, 0.000000000000000000 ) ) ;
#1043 = STYLED_ITEM ( 'NONE', ( #1609 ), #4572 ) ;
#1044 = CARTESIAN_POINT ( 'NONE',  ( 0.04557867054482780955, -0.04629726098458519790, 6.999999999999833022 ) ) ;
#1045 = ORIENTED_EDGE ( 'NONE', *, *, #4206, .T. ) ;
#1046 = ORIENTED_EDGE ( 'NONE', *, *, #642, .T. ) ;
#1047 = SURFACE_STYLE_FILL_AREA ( #351 ) ;
#1048 = SURFACE_STYLE_USAGE ( .BOTH. , #1514 ) ;
#1049 = CARTESIAN_POINT ( 'NONE',  ( 1.769952172167476245, 1.322858544932711933, 5.315596410163125896 ) ) ;
#1050 = EDGE_LOOP ( 'NONE', ( #561, #2870, #2606, #3615, #3704, #4139, #3139, #998 ) ) ;
#1051 = FACE_OUTER_BOUND ( 'NONE', #3209, .T. ) ;
#1052 = ADVANCED_FACE ( 'NONE', ( #3727 ), #3703, .T. ) ;
#1053 = LINE ( 'NONE', #2090, #3578 ) ;
#1054 = FILL_AREA_STYLE ('',( #4336 ) ) ;
#1055 = LINE ( 'NONE', #4047, #1454 ) ;
#1056 = ORIENTED_EDGE ( 'NONE', *, *, #2680, .F. ) ;
#1057 = CARTESIAN_POINT ( 'NONE',  ( -1.997655538380994411, 1.157931048602367952, 5.215603066733689452 ) ) ;
#1058 = DIRECTION ( 'NONE',  ( 0.000000000000000000, 0.000000000000000000, -1.000000000000000000 ) ) ;
#1059 = CARTESIAN_POINT ( 'NONE',  ( 1.228742382545519263, 1.418636768246989144, 5.963066234069032134 ) ) ;
#1060 = EDGE_CURVE ( 'NONE', #4452, #115, #2251, .T. ) ;
#1061 = CARTESIAN_POINT ( 'NONE',  ( -1.147702891144776416, -1.224541129850814869, 6.298576822367401462 ) ) ;
#1062 = CARTESIAN_POINT ( 'NONE',  ( -1.141235480742195163, 1.664460699825034640, 5.150000000000001243 ) ) ;
#1063 =( LENGTH_UNIT ( ) NAMED_UNIT ( * ) SI_UNIT ( .MILLI., .METRE. ) );
#1064 = CARTESIAN_POINT ( 'NONE',  ( 1.300167368676361956, 0.8223642050453960906, 6.516400329153070103 ) ) ;
#1065 = PRESENTATION_LAYER_ASSIGNMENT (  '', '', ( #2474 ) ) ;
#1066 =( NAMED_UNIT ( * ) SI_UNIT ( $, .STERADIAN. ) SOLID_ANGLE_UNIT ( ) );
#1067 = CARTESIAN_POINT ( 'NONE',  ( -0.6559938418808387572, 0.7589012668534877992, 6.798814982351760960 ) ) ;
#1068 = CARTESIAN_POINT ( 'NONE',  ( 0.3202905969205424586, -0.3675961696054994565, 6.976690462160425099 ) ) ;
#1069 = LINE ( 'NONE', #1789, #3355 ) ;
#1070 = MECHANICAL_DESIGN_GEOMETRIC_PRESENTATION_REPRESENTATION (  '', ( #4272 ), #4352 ) ;
#1071 = CARTESIAN_POINT ( 'NONE',  ( 0.2226859560486364187, -0.07365263608771915882, 6.992566232455655673 ) ) ;
#1072 = ORIENTED_EDGE ( 'NONE', *, *, #1852, .T. ) ;
#1073 = COLOUR_RGB ( '',1.000000000000000000, 0.000000000000000000, 0.000000000000000000 ) ;
#1074 = SURFACE_SIDE_STYLE ('',( #3000 ) ) ;
#1075 = FACE_OUTER_BOUND ( 'NONE', #683, .T. ) ;
#1076 = CARTESIAN_POINT ( 'NONE',  ( 1.536062567804147738, -1.473288093921405695, 5.282073504748420412 ) ) ;
#1077 = CARTESIAN_POINT ( 'NONE',  ( -0.9708392158923920823, -1.123312156822096508, 6.474913909222008712 ) ) ;
#1078 = VERTEX_POINT ( 'NONE', #3415 ) ;
#1079 = CARTESIAN_POINT ( 'NONE',  ( -0.9700000000000003064, -0.1750000000000001277, -0.5000000000000000000 ) ) ;
#1080 = COLOUR_RGB ( '',1.000000000000000000, 0.000000000000000000, 0.000000000000000000 ) ;
#1081 = PRESENTATION_STYLE_ASSIGNMENT (( #4703 ) ) ;
#1082 = PRESENTATION_STYLE_ASSIGNMENT (( #2581 ) ) ;
#1083 = DIRECTION ( 'NONE',  ( 1.000000000000000000, 1.084202172485504434E-16, 0.000000000000000000 ) ) ;
#1084 = ORIENTED_EDGE ( 'NONE', *, *, #2325, .T. ) ;
#1085 = CARTESIAN_POINT ( 'NONE',  ( 2.364406557699795020, -0.2956932156131081291, 5.674339866564181101 ) ) ;
#1086 = SURFACE_STYLE_USAGE ( .BOTH. , #14 ) ;
#1087 = CARTESIAN_POINT ( 'NONE',  ( -1.293581665585872731, -1.269238669928813179, 6.150338572567070727 ) ) ;
#1088 = EDGE_CURVE ( 'NONE', #4380, #1671, #527, .T. ) ;
#1089 = CYLINDRICAL_SURFACE ( 'NONE', #3558, 0.2000000000000000944 ) ;
#1090 = CARTESIAN_POINT ( 'NONE',  ( 1.107683464498531611, -1.090281779311504717, 6.449585229282262411 ) ) ;
#1091 = LINE ( 'NONE', #4794, #3074 ) ;
#1092 = AXIS2_PLACEMENT_3D ( 'NONE', #1129, #793, #1105 ) ;
#1093 = CARTESIAN_POINT ( 'NONE',  ( -0.7753094152182469223, -0.6400151638411962773, 6.819836072546069161 ) ) ;
#1094 = CARTESIAN_POINT ( 'NONE',  ( 0.5676028363418906819, 0.6553153734178387424, 6.855232253211580584 ) ) ;
#1095 = CARTESIAN_POINT ( 'NONE',  ( 1.362490098663259763, -1.563784101280339733, 5.287205121495539117 ) ) ;
#1096 = CARTESIAN_POINT ( 'NONE',  ( 0.1109506724700977665, -0.04614206335736343451, 6.998713104255551265 ) ) ;
#1097 = MECHANICAL_DESIGN_GEOMETRIC_PRESENTATION_REPRESENTATION (  '', ( #2124 ), #2363 ) ;
#1098 = ORIENTED_EDGE ( 'NONE', *, *, #3606, .T. ) ;
#1099 = VERTEX_POINT ( 'NONE', #360 ) ;
#1100 = DIRECTION ( 'NONE',  ( 1.000000000000000000, -0.000000000000000000, -0.000000000000000000 ) ) ;
#1101 = CARTESIAN_POINT ( 'NONE',  ( -1.116507636107183954, -1.665879041879464673, 7.000000000000114575 ) ) ;
#1102 = CARTESIAN_POINT ( 'NONE',  ( -4.671608576693501519E-06, 6.554002132674874304E-12, 7.000000000000000000 ) ) ;
#1103 = CARTESIAN_POINT ( 'NONE',  ( 2.319191027020778062, 0.7566143110442750119, 5.314344884973861483 ) ) ;
#1104 = VERTEX_POINT ( 'NONE', #3329 ) ;
#1105 = DIRECTION ( 'NONE',  ( 0.000000000000000000, 0.000000000000000000, -1.000000000000000000 ) ) ;
#1106 = CARTESIAN_POINT ( 'NONE',  ( -0.5700000000000002842, -0.1750000000000001277, -0.1999999999999999833 ) ) ;
#1107 = CARTESIAN_POINT ( 'NONE',  ( -2.549999999995988809, 7.282406378787782296E-16, 5.149999999834290243 ) ) ;
#1108 = VERTEX_POINT ( 'NONE', #1448 ) ;
#1109 = CARTESIAN_POINT ( 'NONE',  ( 2.121586179118713389, 0.7123929526084752384, 5.807182985758561067 ) ) ;
#1110 = DIRECTION ( 'NONE',  ( 0.000000000000000000, 0.000000000000000000, -1.000000000000000000 ) ) ;
#1111 = CARTESIAN_POINT ( 'NONE',  ( -1.520000000000000018, -0.2500000000000000000, 0.000000000000000000 ) ) ;
#1112 = CARTESIAN_POINT ( 'NONE',  ( -1.577388044503261977, -0.9665771126938527136, 6.224233849734255308 ) ) ;
#1113 = CARTESIAN_POINT ( 'NONE',  ( 1.143449711217394693, 1.663648465396000864, 5.149999999999999467 ) ) ;
#1114 = DIRECTION ( 'NONE',  ( 1.000000000000000000, 0.000000000000000000, 0.000000000000000000 ) ) ;
#1115 = PLANE ( 'NONE',  #1694 ) ;
#1116 = CARTESIAN_POINT ( 'NONE',  ( 1.309783807279229162, -0.3854026628411941768, 6.639649889566721086 ) ) ;
#1117 = DIRECTION ( 'NONE',  ( -0.000000000000000000, -0.000000000000000000, -1.000000000000000000 ) ) ;
#1118 = CARTESIAN_POINT ( 'NONE',  ( -0.7514010388493936876, -0.4340909278462705134, 6.873065212069386476 ) ) ;
#1119 = LINE ( 'NONE', #2890, #4041 ) ;
#1120 = CARTESIAN_POINT ( 'NONE',  ( 0.1755014618502368506, -0.1894942027726579659, 6.990074450249168514 ) ) ;
#1121 = UNCERTAINTY_MEASURE_WITH_UNIT (LENGTH_MEASURE( 1.000000000000000082E-05 ), #3300, 'distance_accuracy_value', 'NONE');
#1122 = ORIENTED_EDGE ( 'NONE', *, *, #1447, .T. ) ;
#1123 = DIRECTION ( 'NONE',  ( -1.000000000000000000, 0.000000000000000000, 0.000000000000000000 ) ) ;
#1124 = CARTESIAN_POINT ( 'NONE',  ( -4.671608575681286983E-06, 0.000000000000000000, 6.999999999999999112 ) ) ;
#1125 = CARTESIAN_POINT ( 'NONE',  ( 1.704045575794166156, -1.376826208272533547, 5.215868147214531625 ) ) ;
#1126 = CARTESIAN_POINT ( 'NONE',  ( -0.04248756587177252020, -0.04915518495287832940, 6.999999999999825029 ) ) ;
#1127 = MECHANICAL_DESIGN_GEOMETRIC_PRESENTATION_REPRESENTATION (  '', ( #1997 ), #1585 ) ;
#1128 = CIRCLE ( 'NONE', #4485, 0.3999999999999999667 ) ;
#1129 = CARTESIAN_POINT ( 'NONE',  ( -1.970000000000000417, -0.3750000000000000555, -0.1999999999999999833 ) ) ;
#1130 = CARTESIAN_POINT ( 'NONE',  ( 2.116159095958976444, 1.220207641546578570, 5.149999999834288467 ) ) ;
#1131 = CARTESIAN_POINT ( 'NONE',  ( -0.9700000000000003064, 0.1749999999999998501, -0.3000000000000000444 ) ) ;
#1132 = CARTESIAN_POINT ( 'NONE',  ( 2.505537311436853098, 0.1561760539200118536, 5.412367118842404068 ) ) ;
#1133 = PRESENTATION_STYLE_ASSIGNMENT (( #1086 ) ) ;
#1134 = CARTESIAN_POINT ( 'NONE',  ( -1.162612411880526553, 1.344998556269872303, 6.131651803211476626 ) ) ;
#1135 = FILL_AREA_STYLE_COLOUR ( '', #1221 ) ;
#1136 =( GEOMETRIC_REPRESENTATION_CONTEXT ( 3 ) GLOBAL_UNCERTAINTY_ASSIGNED_CONTEXT ( ( #1716 ) ) GLOBAL_UNIT_ASSIGNED_CONTEXT ( ( #2006, #4623, #1191 ) ) REPRESENTATION_CONTEXT ( 'NONE', 'WORKASPACE' ) );
#1137 = CARTESIAN_POINT ( 'NONE',  ( 1.149979826451962728, 0.7402469681801419066, 6.639665355144019010 ) ) ;
#1138 =( BOUNDED_CURVE ( )  B_SPLINE_CURVE ( 3, ( #2271, #1904, #4515, #2659 ),
 .UNSPECIFIED., .F., .F. ) 
 B_SPLINE_CURVE_WITH_KNOTS ( ( 4, 4 ),
 ( 0.000000000000000000, 0.5000170800727192777 ),
 .UNSPECIFIED. ) 
 CURVE ( )  GEOMETRIC_REPRESENTATION_ITEM ( )  RATIONAL_B_SPLINE_CURVE ( ( 1.000000000000000000, 0.9166620768937981945, 0.9166620768937981945, 1.000000000000000000 ) ) 
 REPRESENTATION_ITEM ( '' )  );
#1139 = MECHANICAL_DESIGN_GEOMETRIC_PRESENTATION_REPRESENTATION (  '', ( #4265 ), #4034 ) ;
#1140 = FILL_AREA_STYLE_COLOUR ( '', #3233 ) ;
#1141 = CARTESIAN_POINT ( 'NONE',  ( -0.8325078138699679720, 0.06466483329459174478, 6.873353430435828137 ) ) ;
#1142 = CARTESIAN_POINT ( 'NONE',  ( -1.515283353743140493, -1.320380141473418201, -2.710505431213761085E-17 ) ) ;
#1143 = CARTESIAN_POINT ( 'NONE',  ( 0.5618838513375120636, -0.6450079761390519195, 6.857175984126212320 ) ) ;
#1144 = DIRECTION ( 'NONE',  ( -1.000000000000000000, 0.000000000000000000, 0.000000000000000000 ) ) ;
#1145 = CARTESIAN_POINT ( 'NONE',  ( 0.1127357408202887407, -0.03714618250654017767, 6.998729656519063980 ) ) ;
#1146 = VECTOR ( 'NONE', #787, 1000.000000000000000 ) ;
#1147 = CARTESIAN_POINT ( 'NONE',  ( -1.020000000000000018, -0.2500000000000000000, -26.00000000000000000 ) ) ;
#1148 = PRESENTATION_LAYER_ASSIGNMENT (  '', '', ( #3505 ) ) ;
#1149 = CARTESIAN_POINT ( 'NONE',  ( 0.9700000000000003064, 0.1749999999999998779, -0.3000000000000000444 ) ) ;
#1150 = CARTESIAN_POINT ( 'NONE',  ( 1.532992346167954434, 1.478216906897809491, 5.232029755876566490 ) ) ;
#1151 = VECTOR ( 'NONE', #1548, 1000.000000000000000 ) ;
#1152 = ORIENTED_EDGE ( 'NONE', *, *, #3374, .T. ) ;
#1153 = CARTESIAN_POINT ( 'NONE',  ( -2.118997981935552666, -1.029338636182059785, 5.281596520400998251 ) ) ;
#1154 = CARTESIAN_POINT ( 'NONE',  ( 1.520000000000000018, -0.2500000000000000000, 0.000000000000000000 ) ) ;
#1155 = EDGE_CURVE ( 'NONE', #1439, #1842, #4365, .T. ) ;
#1156 = DIRECTION ( 'NONE',  ( 1.000000000000000000, -0.000000000000000000, 0.000000000000000000 ) ) ;
#1157 = MECHANICAL_DESIGN_GEOMETRIC_PRESENTATION_REPRESENTATION (  '', ( #2020 ), #597 ) ;
#1158 =( NAMED_UNIT ( * ) PLANE_ANGLE_UNIT ( ) SI_UNIT ( $, .RADIAN. ) );
#1159 = DIRECTION ( 'NONE',  ( 0.000000000000000000, 0.000000000000000000, 1.000000000000000000 ) ) ;
#1160 = CARTESIAN_POINT ( 'NONE',  ( 1.447635881984795425, -1.516900865863313408, 5.315782737597186447 ) ) ;
#1161 = ORIENTED_EDGE ( 'NONE', *, *, #1717, .T. ) ;
#1162 =( NAMED_UNIT ( * ) PLANE_ANGLE_UNIT ( ) SI_UNIT ( $, .RADIAN. ) );
#1163 = DIRECTION ( 'NONE',  ( 1.000000000000000000, 0.000000000000000000, -0.000000000000000000 ) ) ;
#1164 = CARTESIAN_POINT ( 'NONE',  ( -2.152340795898759929, 0.1390429198760375629, 5.984614829990612783 ) ) ;
#1165 =( NAMED_UNIT ( * ) SI_UNIT ( $, .STERADIAN. ) SOLID_ANGLE_UNIT ( ) );
#1166 = LINE ( 'NONE', #1603, #3200 ) ;
#1167 = CARTESIAN_POINT ( 'NONE',  ( 1.349148121453375593, 0.8485866561061289337, 6.472350995945316932 ) ) ;
#1168 = CARTESIAN_POINT ( 'NONE',  ( 1.362490098663261096, -1.563784101280339067, 5.150000000000000355 ) ) ;
#1169 = CARTESIAN_POINT ( 'NONE',  ( -1.540770493585535306, 0.2181951314949106824, 6.511330380274532814 ) ) ;
#1170 = CARTESIAN_POINT ( 'NONE',  ( -1.205874867945262219, -1.633619500751235076, 1.461623340059298501E-14 ) ) ;
#1171 = SURFACE_STYLE_USAGE ( .BOTH. , #1867 ) ;
#1172 = FACE_BOUND ( 'NONE', #2658, .T. ) ;
#1173 = CARTESIAN_POINT ( 'NONE',  ( 0.3350498035232252758, 0.3868257023114423099, 6.956448397081032908 ) ) ;
#1174 = STYLED_ITEM ( 'NONE', ( #26 ), #2894 ) ;
#1175 = CARTESIAN_POINT ( 'NONE',  ( 0.000000000000000000, 0.000000000000000000, -0.5000000000000000000 ) ) ;
#1176 = LINE ( 'NONE', #3844, #3643 ) ;
#1177 = CARTESIAN_POINT ( 'NONE',  ( -1.529044185405579404, -1.477136733547369074, 5.281981231693091416 ) ) ;
#1178 = DIRECTION ( 'NONE',  ( -1.000000000000000000, 0.000000000000000000, 0.000000000000000000 ) ) ;
#1179 = ORIENTED_EDGE ( 'NONE', *, *, #3791, .T. ) ;
#1180 =( GEOMETRIC_REPRESENTATION_CONTEXT ( 3 ) GLOBAL_UNCERTAINTY_ASSIGNED_CONTEXT ( ( #180 ) ) GLOBAL_UNIT_ASSIGNED_CONTEXT ( ( #1768, #2085, #1347 ) ) REPRESENTATION_CONTEXT ( 'NONE', 'WORKASPACE' ) );
#1181 =( NAMED_UNIT ( * ) SI_UNIT ( $, .STERADIAN. ) SOLID_ANGLE_UNIT ( ) );
#1182 = ADVANCED_FACE ( 'NONE', ( #868 ), #2703, .F. ) ;
#1183 = CYLINDRICAL_SURFACE ( 'NONE', #1719, 0.2000000000000000111 ) ;
#1184 = CARTESIAN_POINT ( 'NONE',  ( -2.549999999999997602, 8.770809613335630198E-16, 0.1499999999999999667 ) ) ;
#1185 = VERTEX_POINT ( 'NONE', #2757 ) ;
#1186 = CARTESIAN_POINT ( 'NONE',  ( 2.532012143523846071, -0.1523085711181259017, 5.313785885233359707 ) ) ;
#1187 = VERTEX_POINT ( 'NONE', #4235 ) ;
#1188 = EDGE_CURVE ( 'NONE', #2579, #542, #3513, .T. ) ;
#1189 = DIRECTION ( 'NONE',  ( 0.000000000000000000, 0.000000000000000000, 1.000000000000000000 ) ) ;
#1190 = CARTESIAN_POINT ( 'NONE',  ( -2.196050513981851804, 0.7287489255201047289, 5.677398105496705760 ) ) ;
#1191 =( NAMED_UNIT ( * ) SI_UNIT ( $, .STERADIAN. ) SOLID_ANGLE_UNIT ( ) );
#1192 = DIRECTION ( 'NONE',  ( 0.000000000000000000, 0.000000000000000000, 1.000000000000000000 ) ) ;
#1193 = CARTESIAN_POINT ( 'NONE',  ( 1.672377111453723586, 0.4719192963033565502, 6.374605592247680086 ) ) ;
#1194 = CARTESIAN_POINT ( 'NONE',  ( -1.149253705688814797, -0.7405228475561421719, 6.639391711306702248 ) ) ;
#1195 = CARTESIAN_POINT ( 'NONE',  ( -2.053734780452551867, -1.104365370326532814, 3.638601534025037459E-15 ) ) ;
#1196 = CARTESIAN_POINT ( 'NONE',  ( -0.9732416011299674929, 1.722436294016074898, 0.1500000000000000222 ) ) ;
#1197 = CARTESIAN_POINT ( 'NONE',  ( 0.2114925486653381759, -0.2427338698600844391, 6.983177314402132296 ) ) ;
#1198 = PRESENTATION_LAYER_ASSIGNMENT (  '', '', ( #4317 ) ) ;
#1199 = FILL_AREA_STYLE ('',( #1587 ) ) ;
#1200 = CARTESIAN_POINT ( 'NONE',  ( -0.1058584121337100836, -0.06351411725568625877, 6.998627544218140706 ) ) ;
#1201 =( NAMED_UNIT ( * ) PLANE_ANGLE_UNIT ( ) SI_UNIT ( $, .RADIAN. ) );
#1202 = CARTESIAN_POINT ( 'NONE',  ( -2.415363127158418610, 0.6133074986287635477, 5.166295652276882144 ) ) ;
#1203 = FACE_OUTER_BOUND ( 'NONE', #3755, .T. ) ;
#1204 = ORIENTED_EDGE ( 'NONE', *, *, #4474, .T. ) ;
#1205 = SURFACE_STYLE_FILL_AREA ( #3512 ) ;
#1206 = DIRECTION ( 'NONE',  ( 0.000000000000000000, 0.000000000000000000, -1.000000000000000000 ) ) ;
#1207 = CARTESIAN_POINT ( 'NONE',  ( 1.425975007073284839, 1.503841322400776281, 5.480029208014071784 ) ) ;
#1208 = ORIENTED_EDGE ( 'NONE', *, *, #4562, .F. ) ;
#1209 = CARTESIAN_POINT ( 'NONE',  ( 2.547329959615717954, -0.1528896419378745486, 5.215349829365379719 ) ) ;
#1210 = AXIS2_PLACEMENT_3D ( 'NONE', #798, #1100, #4775 ) ;
#1211 = CARTESIAN_POINT ( 'NONE',  ( -1.990696589761070001, 0.6798494024760415311, 5.990798476524603622 ) ) ;
#1212 = CARTESIAN_POINT ( 'NONE',  ( -1.206540703801754599, -1.396032517163049214, 6.020843657533280435 ) ) ;
#1213 = EDGE_CURVE ( 'NONE', #3103, #3179, #171, .T. ) ;
#1214 = CARTESIAN_POINT ( 'NONE',  ( 1.356720614290903182, 1.061083872312862830, 6.322016631078458460 ) ) ;
#1215 = DIRECTION ( 'NONE',  ( 1.000000000000000000, 0.000000000000000000, 0.000000000000000000 ) ) ;
#1216 = CARTESIAN_POINT ( 'NONE',  ( -1.540750651338431920, -0.2182781262452936077, 6.511326913139911632 ) ) ;
#1217 = CARTESIAN_POINT ( 'NONE',  ( -2.466407693236474685, -0.4909955619348763678, -2.710505431213761085E-17 ) ) ;
#1218 = CLOSED_SHELL ( 'NONE', ( #702, #2409, #2036, #1276, #1335, #182, #1052, #1713, #3964, #2710, #3432, #3176, #4373, #860, #1182, #3254, #2239, #31, #3324, #2054, #2529, #4572, #1395, #2926, #1750, #4634, #380, #4346, #3762, #13, #3548, #1544, #2142, #63, #4282, #2955, #4056, #3349, #2864, #1249, #2922, #1938, #203, #320, #2894, #4120, #235, #3847, #1970, #4256, #4744, #1358, #1483, #915, #3814, #4535, #833, #4140, #2266, #4444, #4223, #263, #2390, #1819, #4117, #1600, #1422, #1565, #3204, #2995, #496 ) ) ;
#1219 = CARTESIAN_POINT ( 'NONE',  ( -2.524113808038064732, 0.2629333856326886432, 0.1499999999999999667 ) ) ;
#1220 = CARTESIAN_POINT ( 'NONE',  ( 0.5791539181010821880, -0.09241840475920577724, 6.943532248127442408 ) ) ;
#1221 = COLOUR_RGB ( '',0.8431372549019607865, 0.8431372549019607865, 0.8431372549019607865 ) ;
#1222 = CARTESIAN_POINT ( 'NONE',  ( -0.1106940099268795136, 0.04638159450949664447, 6.998701655216831519 ) ) ;
#1223 = CARTESIAN_POINT ( 'NONE',  ( 2.523985123671225406, -0.2635827747973301660, 0.1499999999999999667 ) ) ;
#1224 = CARTESIAN_POINT ( 'NONE',  ( -1.698984250070867175, 1.381414116517338364, 5.182868697298324001 ) ) ;
#1225 =( LENGTH_UNIT ( ) NAMED_UNIT ( * ) SI_UNIT ( .MILLI., .METRE. ) );
#1226 =( GEOMETRIC_REPRESENTATION_CONTEXT ( 3 ) GLOBAL_UNCERTAINTY_ASSIGNED_CONTEXT ( ( #1026 ) ) GLOBAL_UNIT_ASSIGNED_CONTEXT ( ( #401, #2236, #3181 ) ) REPRESENTATION_CONTEXT ( 'NONE', 'WORKASPACE' ) );
#1227 = DIRECTION ( 'NONE',  ( 0.000000000000000000, 0.000000000000000000, 1.000000000000000000 ) ) ;
#1228 = AXIS2_PLACEMENT_3D ( 'NONE', #1290, #2818, #1705 ) ;
#1229 = PRESENTATION_LAYER_ASSIGNMENT (  '', '', ( #4272 ) ) ;
#1230 = FILL_AREA_STYLE_COLOUR ( '', #1257 ) ;
#1231 =( LENGTH_UNIT ( ) NAMED_UNIT ( * ) SI_UNIT ( .MILLI., .METRE. ) );
#1232 = PRESENTATION_STYLE_ASSIGNMENT (( #2386 ) ) ;
#1233 = UNCERTAINTY_MEASURE_WITH_UNIT (LENGTH_MEASURE( 1.000000000000000082E-05 ), #369, 'distance_accuracy_value', 'NONE');
#1234 = AXIS2_PLACEMENT_3D ( 'NONE', #1893, #4823, #1042 ) ;
#1235 = CARTESIAN_POINT ( 'NONE',  ( 2.478906863788330917, 0.3098919505249200790, 5.412529636715969872 ) ) ;
#1236 = ORIENTED_EDGE ( 'NONE', *, *, #326, .F. ) ;
#1237 = CARTESIAN_POINT ( 'NONE',  ( 2.412129061907128058, 0.6139305987375409668, 5.215404115664301621 ) ) ;
#1238 = PRESENTATION_LAYER_ASSIGNMENT (  '', '', ( #2648 ) ) ;
#1239 = CARTESIAN_POINT ( 'NONE',  ( -1.990633047828224811, -0.6799516680648222122, 5.990791965773418326 ) ) ;
#1240 = DIRECTION ( 'NONE',  ( 1.000000000000000000, 1.084202172485504434E-16, 0.000000000000000000 ) ) ;
#1241 = SURFACE_STYLE_USAGE ( .BOTH. , #435 ) ;
#1242 = CARTESIAN_POINT ( 'NONE',  ( 1.674043067041974586, -0.4685000282372373537, 6.374866745751720742 ) ) ;
#1243 = PRESENTATION_LAYER_ASSIGNMENT (  '', '', ( #606 ) ) ;
#1244 =( GEOMETRIC_REPRESENTATION_CONTEXT ( 3 ) GLOBAL_UNCERTAINTY_ASSIGNED_CONTEXT ( ( #137 ) ) GLOBAL_UNIT_ASSIGNED_CONTEXT ( ( #4058, #3659, #3358 ) ) REPRESENTATION_CONTEXT ( 'NONE', 'WORKASPACE' ) );
#1245 = EDGE_CURVE ( 'NONE', #3916, #3179, #1382, .T. ) ;
#1246 = CARTESIAN_POINT ( 'NONE',  ( -1.149320787908475472, 0.7404603481784475250, 6.639403245128757014 ) ) ;
#1247 = PRESENTATION_STYLE_ASSIGNMENT (( #2693 ) ) ;
#1248 = CARTESIAN_POINT ( 'NONE',  ( 0.3590261261522366132, -0.3644954746701509762, 6.959708322606319442 ) ) ;
#1249 = ADVANCED_FACE ( 'NONE', ( #1571 ), #4187, .T. ) ;
#1250 = DIRECTION ( 'NONE',  ( -1.000000000000000000, 0.000000000000000000, -0.000000000000000000 ) ) ;
#1251 = CARTESIAN_POINT ( 'NONE',  ( -0.04537321913883261143, 0.04643858497936811242, 6.999999999999833911 ) ) ;
#1252 = CARTESIAN_POINT ( 'NONE',  ( 2.368617270453798884, 0.3045479664984057644, -2.710505431213761085E-17 ) ) ;
#1253 = CARTESIAN_POINT ( 'NONE',  ( -1.699108423754907671, -1.381659678779188161, 5.166295541570367966 ) ) ;
#1254 = DIRECTION ( 'NONE',  ( -0.000000000000000000, -0.000000000000000000, -1.000000000000000000 ) ) ;
#1255 = DIRECTION ( 'NONE',  ( 1.000000000000000000, 1.084202172485504434E-16, 0.000000000000000000 ) ) ;
#1256 = ORIENTED_EDGE ( 'NONE', *, *, #2840, .T. ) ;
#1257 = COLOUR_RGB ( '',1.000000000000000000, 0.000000000000000000, 0.000000000000000000 ) ;
#1258 = CARTESIAN_POINT ( 'NONE',  ( -1.770000000000000240, 0.5749999999999999556, -0.1999999999999999833 ) ) ;
#1259 = SURFACE_STYLE_FILL_AREA ( #3829 ) ;
#1260 = ORIENTED_EDGE ( 'NONE', *, *, #4167, .F. ) ;
#1261 = ORIENTED_EDGE ( 'NONE', *, *, #101, .T. ) ;
#1262 = MECHANICAL_DESIGN_GEOMETRIC_PRESENTATION_REPRESENTATION (  '', ( #622 ), #1334 ) ;
#1263 = CARTESIAN_POINT ( 'NONE',  ( 1.698980023122995897, 1.380117984820334209, 5.215840371894141292 ) ) ;
#1264 = CARTESIAN_POINT ( 'NONE',  ( -1.649641909711578647, -1.252925761218737222, 5.810149365266154220 ) ) ;
#1265 = DIRECTION ( 'NONE',  ( -1.000000000000000000, 0.000000000000000000, 0.000000000000000000 ) ) ;
#1266 = DIRECTION ( 'NONE',  ( 0.000000000000000000, 0.000000000000000000, -1.000000000000000000 ) ) ;
#1267 = CARTESIAN_POINT ( 'NONE',  ( 1.444084010944995500, 0.8984015000131189144, 6.378644392878722869 ) ) ;
#1268 = CARTESIAN_POINT ( 'NONE',  ( -1.156374557897146049, 0.4421095746327405873, 6.711142795442102127 ) ) ;
#1269 = CARTESIAN_POINT ( 'NONE',  ( -1.353582971360590248, 1.565928727203993898, 5.231562710225623469 ) ) ;
#1270 = CARTESIAN_POINT ( 'NONE',  ( 0.4602314186050961986, 0.03780902501256516030, 6.966567881318559863 ) ) ;
#1271 = DIRECTION ( 'NONE',  ( 0.000000000000000000, 0.000000000000000000, -1.000000000000000000 ) ) ;
#1272 = CARTESIAN_POINT ( 'NONE',  ( -0.05438611607541704585, -0.03229728914010781410, 6.999999999999861444 ) ) ;
#1273 = CARTESIAN_POINT ( 'NONE',  ( 1.570000000000000284, -0.1750000000000000722, -0.1999999999999999833 ) ) ;
#1274 = CARTESIAN_POINT ( 'NONE',  ( -2.125127838436589922, -1.031337518004898035, 5.215509869843618418 ) ) ;
#1275 = CARTESIAN_POINT ( 'NONE',  ( 1.570000000000000284, 0.1749999999999999611, -0.5000000000000000000 ) ) ;
#1276 = ADVANCED_FACE ( 'NONE', ( #261 ), #3224, .T. ) ;
#1277 =( LENGTH_UNIT ( ) NAMED_UNIT ( * ) SI_UNIT ( .MILLI., .METRE. ) );
#1278 = COLOUR_RGB ( '',1.000000000000000000, 0.000000000000000000, 0.000000000000000000 ) ;
#1279 = ORIENTED_EDGE ( 'NONE', *, *, #3902, .F. ) ;
#1280 = FILL_AREA_STYLE_COLOUR ( '', #377 ) ;
#1281 = UNCERTAINTY_MEASURE_WITH_UNIT (LENGTH_MEASURE( 1.000000000000000082E-05 ), #4553, 'distance_accuracy_value', 'NONE');
#1282 = COLOUR_RGB ( '',1.000000000000000000, 0.000000000000000000, 0.000000000000000000 ) ;
#1283 = CARTESIAN_POINT ( 'NONE',  ( 1.700241618763912665, 1.380916097902308071, 5.166298829236744439 ) ) ;
#1284 = ORIENTED_EDGE ( 'NONE', *, *, #3492, .F. ) ;
#1285 = CARTESIAN_POINT ( 'NONE',  ( -1.424289691728313878, 1.504693089856744770, 5.479979257073200216 ) ) ;
#1286 = CARTESIAN_POINT ( 'NONE',  ( 2.325558034757128745, 0.4376726201335812694, -2.710505431213761085E-17 ) ) ;
#1287 = CARTESIAN_POINT ( 'NONE',  ( 1.140398891202130782, 1.316639958481782724, 6.185031285463583828 ) ) ;
#1288 =( LENGTH_UNIT ( ) NAMED_UNIT ( * ) SI_UNIT ( .MILLI., .METRE. ) );
#1289 = CARTESIAN_POINT ( 'NONE',  ( -1.514369795274751684, 0.5516728746069052836, 6.470916475196327511 ) ) ;
#1290 = CARTESIAN_POINT ( 'NONE',  ( 0.9700000000000003064, 0.1749999999999998501, -0.5000000000000000000 ) ) ;
#1291 = CARTESIAN_POINT ( 'NONE',  ( 0.6216203254235475040, 0.6294175305580618218, 6.858904801117386540 ) ) ;
#1292 = CARTESIAN_POINT ( 'NONE',  ( -0.1019509977741304835, 5.103983333241752694E-05, 7.000000000000000000 ) ) ;
#1293 = CARTESIAN_POINT ( 'NONE',  ( -0.09509347634123625770, 0.08612539196194994584, 6.998354950052884327 ) ) ;
#1294 = CARTESIAN_POINT ( 'NONE',  ( 0.2817434489276062770, 0.3255961544742412839, 6.968282528722312463 ) ) ;
#1295 = CARTESIAN_POINT ( 'NONE',  ( -2.414814586326727852, 0.6132188404147693728, 5.182631527034877728 ) ) ;
#1296 = CARTESIAN_POINT ( 'NONE',  ( 0.9700000000000003064, 0.3749999999999998890, -0.5000000000000000000 ) ) ;
#1297 = FACE_OUTER_BOUND ( 'NONE', #191, .T. ) ;
#1298 = LINE ( 'NONE', #2801, #2451 ) ;
#1299 = PRESENTATION_LAYER_ASSIGNMENT (  '', '', ( #3560 ) ) ;
#1300 = ORIENTED_EDGE ( 'NONE', *, *, #636, .T. ) ;
#1301 = EDGE_CURVE ( 'NONE', #4499, #1420, #3570, .T. ) ;
#1302 = CARTESIAN_POINT ( 'NONE',  ( -1.520000000000000018, 0.2500000000000000000, -26.00000000000000000 ) ) ;
#1303 = CIRCLE ( 'NONE', #4743, 0.1999999999999999833 ) ;
#1304 = CARTESIAN_POINT ( 'NONE',  ( 1.356738174972849320, 1.566414066747268796, 5.166298215852961562 ) ) ;
#1305 = DIRECTION ( 'NONE',  ( 1.000000000000000000, 0.000000000000000000, 0.000000000000000000 ) ) ;
#1306 = EDGE_CURVE ( 'NONE', #1671, #3103, #2900, .T. ) ;
#1307 = CARTESIAN_POINT ( 'NONE',  ( 1.570000000000000284, -0.1750000000000000722, -0.3000000000000000444 ) ) ;
#1308 = PRESENTATION_LAYER_ASSIGNMENT (  '', '', ( #2408 ) ) ;
#1309 = CARTESIAN_POINT ( 'NONE',  ( -2.095681073275205808, 1.021484757395495269, 5.414735843704987062 ) ) ;
#1310 = AXIS2_PLACEMENT_3D ( 'NONE', #72, #4810, #1880 ) ;
#1311 = FACE_OUTER_BOUND ( 'NONE', #2523, .T. ) ;
#1312 = CARTESIAN_POINT ( 'NONE',  ( 1.943747721380024496, 0.6687264767847493907, 6.050773056703016906 ) ) ;
#1313 = STYLED_ITEM ( 'NONE', ( #627 ), #1544 ) ;
#1314 = CARTESIAN_POINT ( 'NONE',  ( -1.102520373548182109, -1.093246186378640017, 6.448921076410575992 ) ) ;
#1315 = CARTESIAN_POINT ( 'NONE',  ( 0.7261361398966311720, 0.4889691509214175169, 6.871973089915965893 ) ) ;
#1316 = CIRCLE ( 'NONE', #2816, 0.1999999999999999833 ) ;
#1317 = CARTESIAN_POINT ( 'NONE',  ( 0.5959211450884334127, -0.1199457730182665743, 7.000000000000003553 ) ) ;
#1318 = CARTESIAN_POINT ( 'NONE',  ( -0.2267510834957701116, 0.03745675372102489492, 6.992583983906349054 ) ) ;
#1319 = CARTESIAN_POINT ( 'NONE',  ( 1.600548219902718561, 1.460119673797243278, -1.827937751514409460E-14 ) ) ;
#1320 = FACE_OUTER_BOUND ( 'NONE', #3342, .T. ) ;
#1321 = PRESENTATION_STYLE_ASSIGNMENT (( #1397 ) ) ;
#1322 = EDGE_LOOP ( 'NONE', ( #4306, #4616, #1084, #3435 ) ) ;
#1323 = FILL_AREA_STYLE_COLOUR ( '', #920 ) ;
#1324 = EDGE_LOOP ( 'NONE', ( #4733, #3871, #350, #100 ) ) ;
#1325 = EDGE_CURVE ( 'NONE', #1416, #2851, #1025, .T. ) ;
#1326 =( NAMED_UNIT ( * ) SI_UNIT ( $, .STERADIAN. ) SOLID_ANGLE_UNIT ( ) );
#1327 = AXIS2_PLACEMENT_3D ( 'NONE', #1878, #2956, #1547 ) ;
#1328 = DIRECTION ( 'NONE',  ( -0.000000000000000000, 0.000000000000000000, 1.000000000000000000 ) ) ;
#1329 = FILL_AREA_STYLE_COLOUR ( '', #4189 ) ;
#1330 = VERTEX_POINT ( 'NONE', #610 ) ;
#1331 = CARTESIAN_POINT ( 'NONE',  ( -1.988057423179021121, 1.154052645791487697, 5.315177022198460222 ) ) ;
#1332 =( NAMED_UNIT ( * ) SI_UNIT ( $, .STERADIAN. ) SOLID_ANGLE_UNIT ( ) );
#1333 = CARTESIAN_POINT ( 'NONE',  ( 1.379431642314570050, 1.157410614466564791, 6.215126108329246613 ) ) ;
#1334 =( GEOMETRIC_REPRESENTATION_CONTEXT ( 3 ) GLOBAL_UNCERTAINTY_ASSIGNED_CONTEXT ( ( #2999 ) ) GLOBAL_UNIT_ASSIGNED_CONTEXT ( ( #512, #88, #2724 ) ) REPRESENTATION_CONTEXT ( 'NONE', 'WORKASPACE' ) );
#1335 = ADVANCED_FACE ( 'NONE', ( #1740 ), #4305, .T. ) ;
#1336 = CARTESIAN_POINT ( 'NONE',  ( -1.791471075136342517, -0.2451362528293141996, 6.320723299762220471 ) ) ;
#1337 = DIRECTION ( 'NONE',  ( 1.000000000000000000, 0.000000000000000000, 0.000000000000000000 ) ) ;
#1338 = CARTESIAN_POINT ( 'NONE',  ( 0.8283041409511153752, 0.1300413940775171640, 6.873922425601632469 ) ) ;
#1339 = CARTESIAN_POINT ( 'NONE',  ( 0.5700000000000002842, 0.3749999999999998335, 0.000000000000000000 ) ) ;
#1340 = CARTESIAN_POINT ( 'NONE',  ( -0.2038232141035388190, -0.1422720376571362799, 6.991919977388640461 ) ) ;
#1341 = CARTESIAN_POINT ( 'NONE',  ( -4.671608576693501519E-06, 6.554002132674874304E-12, 7.000000000000000000 ) ) ;
#1342 = PRESENTATION_LAYER_ASSIGNMENT (  '', '', ( #877 ) ) ;
#1343 = DIRECTION ( 'NONE',  ( 0.000000000000000000, 1.000000000000000000, 0.000000000000000000 ) ) ;
#1344 = CARTESIAN_POINT ( 'NONE',  ( -1.570000000000000284, -0.1750000000000000722, -0.3000000000000000444 ) ) ;
#1345 = DIRECTION ( 'NONE',  ( -0.000000000000000000, -1.000000000000000000, -0.000000000000000000 ) ) ;
#1346 = AXIS2_PLACEMENT_3D ( 'NONE', #4062, #703, #1458 ) ;
#1347 =( NAMED_UNIT ( * ) SI_UNIT ( $, .STERADIAN. ) SOLID_ANGLE_UNIT ( ) );
#1348 = FILL_AREA_STYLE_COLOUR ( '', #2923 ) ;
#1349 = ORIENTED_EDGE ( 'NONE', *, *, #4146, .T. ) ;
#1350 = CARTESIAN_POINT ( 'NONE',  ( -1.520000000000000018, -0.2500000000000000000, 0.000000000000000000 ) ) ;
#1351 = CARTESIAN_POINT ( 'NONE',  ( -1.570000000000000284, -0.5750000000000000666, -0.1999999999999999833 ) ) ;
#1352 = CARTESIAN_POINT ( 'NONE',  ( -2.549999999999996270, 3.700000000000001066, 5.150000000000000355 ) ) ;
#1353 = DIRECTION ( 'NONE',  ( -0.000000000000000000, -0.000000000000000000, -1.000000000000000000 ) ) ;
#1354 = CARTESIAN_POINT ( 'NONE',  ( -2.375091207699874030, -0.6068074111234179613, 5.413069637259432021 ) ) ;
#1355 = CARTESIAN_POINT ( 'NONE',  ( 1.912110160142329374, -0.2546467392041676936, 6.215680419254177025 ) ) ;
#1356 = AXIS2_PLACEMENT_3D ( 'NONE', #1921, #3004, #3414 ) ;
#1357 = CARTESIAN_POINT ( 'NONE',  ( -1.628704270512550067, 0.5843380055304272513, 6.376161752041634934 ) ) ;
#1358 = ADVANCED_FACE ( 'NONE', ( #4138 ), #3410, .T. ) ;
#1359 = DIRECTION ( 'NONE',  ( -1.000000000000000000, -1.084202172485504434E-16, 0.000000000000000000 ) ) ;
#1360 = CARTESIAN_POINT ( 'NONE',  ( 0.4167833643764723428, 0.4811910294121148346, 6.928859324128755048 ) ) ;
#1361 =( GEOMETRIC_REPRESENTATION_CONTEXT ( 3 ) GLOBAL_UNCERTAINTY_ASSIGNED_CONTEXT ( ( #2159 ) ) GLOBAL_UNIT_ASSIGNED_CONTEXT ( ( #2573, #1510, #3714 ) ) REPRESENTATION_CONTEXT ( 'NONE', 'WORKASPACE' ) );
#1362 = CARTESIAN_POINT ( 'NONE',  ( 1.375838497939593452, 1.557620596077644803, 5.150000000000003020 ) ) ;
#1363 = CARTESIAN_POINT ( 'NONE',  ( -0.2848034178186158449, 0.02337542094575707080, 6.987724299888609103 ) ) ;
#1364 = CARTESIAN_POINT ( 'NONE',  ( 2.061767683455700162, 1.114853658178672546, 1.822516740651982569E-14 ) ) ;
#1365 = CARTESIAN_POINT ( 'NONE',  ( -1.354626054657455114, -1.567375899864241529, 5.149999999834290243 ) ) ;
#1366 =( LENGTH_UNIT ( ) NAMED_UNIT ( * ) SI_UNIT ( .MILLI., .METRE. ) );
#1367 = EDGE_LOOP ( 'NONE', ( #1967, #3295, #384, #1236 ) ) ;
#1368 = DIRECTION ( 'NONE',  ( -1.000000000000000000, 1.084202172485504434E-16, -0.000000000000000000 ) ) ;
#1369 = ORIENTED_EDGE ( 'NONE', *, *, #2776, .F. ) ;
#1370 = AXIS2_PLACEMENT_3D ( 'NONE', #2589, #3357, #1885 ) ;
#1371 = SURFACE_STYLE_USAGE ( .BOTH. , #612 ) ;
#1372 =( GEOMETRIC_REPRESENTATION_CONTEXT ( 3 ) GLOBAL_UNCERTAINTY_ASSIGNED_CONTEXT ( ( #2552 ) ) GLOBAL_UNIT_ASSIGNED_CONTEXT ( ( #2393, #2028, #2008 ) ) REPRESENTATION_CONTEXT ( 'NONE', 'WORKASPACE' ) );
#1373 = LINE ( 'NONE', #2853, #1473 ) ;
#1374 = DIRECTION ( 'NONE',  ( -0.9809724617557105120, 0.1941469270345044795, 0.000000000000000000 ) ) ;
#1375 = CARTESIAN_POINT ( 'NONE',  ( 2.523985123671225406, -0.2635827747973301660, 0.1499999999999999667 ) ) ;
#1376 = EDGE_LOOP ( 'NONE', ( #1793, #682, #1072, #2135 ) ) ;
#1377 = CARTESIAN_POINT ( 'NONE',  ( -1.472914715361647309, -1.429035973844180685, 5.676113952443021304 ) ) ;
#1378 = SURFACE_STYLE_USAGE ( .BOTH. , #4735 ) ;
#1379 = AXIS2_PLACEMENT_3D ( 'NONE', #537, #2080, #952 ) ;
#1380 = CARTESIAN_POINT ( 'NONE',  ( 1.417135639121811064, -1.179072755991812382, 6.161482490374917909 ) ) ;
#1381 = PRESENTATION_LAYER_ASSIGNMENT (  '', '', ( #3961 ) ) ;
#1382 = CIRCLE ( 'NONE', #2405, 0.2000000000000000111 ) ;
#1383 = CARTESIAN_POINT ( 'NONE',  ( -1.671976231809502833, -0.4712534609090934246, 6.374091748139352198 ) ) ;
#1384 = CARTESIAN_POINT ( 'NONE',  ( 1.570000000000000284, 0.3750000000000000000, -0.1999999999999999833 ) ) ;
#1385 = CARTESIAN_POINT ( 'NONE',  ( 0.6004663155194580604, 0.6491100285790913915, 6.855262024615056404 ) ) ;
#1386 = EDGE_CURVE ( 'NONE', #2851, #2579, #3347, .T. ) ;
#1387 = FILL_AREA_STYLE ('',( #4347 ) ) ;
#1388 = PRESENTATION_LAYER_ASSIGNMENT (  '', '', ( #3819 ) ) ;
#1389 = CARTESIAN_POINT ( 'NONE',  ( -0.4089402684856185410, -0.2833890523784018955, 6.964880764158986715 ) ) ;
#1390 = CARTESIAN_POINT ( 'NONE',  ( 1.236522160811672544, 1.427619026294114635, 5.936861282249961569 ) ) ;
#1391 =( NAMED_UNIT ( * ) SI_UNIT ( $, .STERADIAN. ) SOLID_ANGLE_UNIT ( ) );
#1392 = CARTESIAN_POINT ( 'NONE',  ( 0.8367193690156419228, -1.604298825675054996, -2.710505431213761085E-17 ) ) ;
#1393 = EDGE_LOOP ( 'NONE', ( #2194, #1896, #1020, #2312 ) ) ;
#1394 = MECHANICAL_DESIGN_GEOMETRIC_PRESENTATION_REPRESENTATION (  '', ( #386 ), #3138 ) ;
#1395 = ADVANCED_FACE ( 'NONE', ( #8 ), #23, .T. ) ;
#1396 = ORIENTED_EDGE ( 'NONE', *, *, #4682, .T. ) ;
#1397 = SURFACE_STYLE_USAGE ( .BOTH. , #1794 ) ;
#1398 = ORIENTED_EDGE ( 'NONE', *, *, #271, .F. ) ;
#1399 =( NAMED_UNIT ( * ) SI_UNIT ( $, .STERADIAN. ) SOLID_ANGLE_UNIT ( ) );
#1400 = CARTESIAN_POINT ( 'NONE',  ( 1.999701763042572189, 1.158427346231809763, 5.149999999834289355 ) ) ;
#1401 = SURFACE_STYLE_FILL_AREA ( #1054 ) ;
#1402 = CARTESIAN_POINT ( 'NONE',  ( 1.892647922011339912, -1.245490152669800565, 0.1499999999999999667 ) ) ;
#1403 = CARTESIAN_POINT ( 'NONE',  ( -1.987947664435681716, -1.154152338107635956, 5.315175415526336877 ) ) ;
#1404 = FILL_AREA_STYLE ('',( #2316 ) ) ;
#1405 = CARTESIAN_POINT ( 'NONE',  ( 2.188807055835119808, 0.5754534333162717452, 5.805305491818850250 ) ) ;
#1406 = PRESENTATION_LAYER_ASSIGNMENT (  '', '', ( #2357 ) ) ;
#1407 = CARTESIAN_POINT ( 'NONE',  ( -1.844556306759232323, -0.6428362091390953381, 6.165242370947138006 ) ) ;
#1408 = COLOUR_RGB ( '',1.000000000000000000, 0.000000000000000000, 0.000000000000000000 ) ;
#1409 = CARTESIAN_POINT ( 'NONE',  ( 1.156977966863856677, 0.4424417497824166268, 6.711543831413507633 ) ) ;
#1410 = CARTESIAN_POINT ( 'NONE',  ( -0.9700000000000003064, -0.3750000000000001665, -0.5000000000000000000 ) ) ;
#1411 = CARTESIAN_POINT ( 'NONE',  ( -0.2096131125118940175, 0.1260748248445306974, 6.992156969955637180 ) ) ;
#1412 = FILL_AREA_STYLE ('',( #4088 ) ) ;
#1413 = FILL_AREA_STYLE_COLOUR ( '', #3401 ) ;
#1414 = FACE_OUTER_BOUND ( 'NONE', #3971, .T. ) ;
#1415 = ORIENTED_EDGE ( 'NONE', *, *, #3115, .T. ) ;
#1416 = VERTEX_POINT ( 'NONE', #4076 ) ;
#1417 = CARTESIAN_POINT ( 'NONE',  ( -1.373723347744445267, -1.558602884905623931, 5.149999999999999467 ) ) ;
#1418 = FACE_OUTER_BOUND ( 'NONE', #841, .T. ) ;
#1419 = CARTESIAN_POINT ( 'NONE',  ( 2.414376394906315504, -0.6092616470180278743, 5.215414919979911801 ) ) ;
#1420 = VERTEX_POINT ( 'NONE', #403 ) ;
#1421 = DIRECTION ( 'NONE',  ( 0.000000000000000000, 0.000000000000000000, -1.000000000000000000 ) ) ;
#1422 = ADVANCED_FACE ( 'NONE', ( #4115 ), #1496, .T. ) ;
#1423 = SURFACE_STYLE_FILL_AREA ( #3678 ) ;
#1424 = CARTESIAN_POINT ( 'NONE',  ( 2.464206634533073981, -0.5648679728127937727, 0.1499999999999999667 ) ) ;
#1425 = CARTESIAN_POINT ( 'NONE',  ( -1.694119043725986540, -1.378483685311768570, 5.282195734676478516 ) ) ;
#1426 = CARTESIAN_POINT ( 'NONE',  ( -1.570000000000000284, -0.1750000000000000722, -0.5000000000000000000 ) ) ;
#1427 = CARTESIAN_POINT ( 'NONE',  ( 2.387847112855646436, 0.1513374978324915632, 5.673771699177131644 ) ) ;
#1428 = AXIS2_PLACEMENT_3D ( 'NONE', #1775, #4411, #4020 ) ;
#1429 = CARTESIAN_POINT ( 'NONE',  ( -1.943637718155272642, -0.6682400405862758408, 6.050386897378040807 ) ) ;
#1430 = MECHANICAL_DESIGN_GEOMETRIC_PRESENTATION_REPRESENTATION (  '', ( #3091 ), #1672 ) ;
#1431 = SURFACE_SIDE_STYLE ('',( #3983 ) ) ;
#1432 = CARTESIAN_POINT ( 'NONE',  ( 1.278714343086607474, 0.4812256095754201546, 6.640580136664471667 ) ) ;
#1433 = AXIS2_PLACEMENT_3D ( 'NONE', #2948, #1874, #3720 ) ;
#1434 = CARTESIAN_POINT ( 'NONE',  ( -0.5301920810020180896, -0.3133916982423658459, 6.942320272720776231 ) ) ;
#1435 = FACE_OUTER_BOUND ( 'NONE', #2509, .T. ) ;
#1436 = CARTESIAN_POINT ( 'NONE',  ( 1.362490098663261096, -1.563784101280339067, 5.150000000000000355 ) ) ;
#1437 = CARTESIAN_POINT ( 'NONE',  ( -0.9709435175606930812, 1.123260495175514517, 6.474925626454340666 ) ) ;
#1438 = CARTESIAN_POINT ( 'NONE',  ( 0.04542328838703704741, 0.04640571112146429922, 6.999999999999833022 ) ) ;
#1439 = VERTEX_POINT ( 'NONE', #2337 ) ;
#1440 = ORIENTED_EDGE ( 'NONE', *, *, #2747, .T. ) ;
#1441 = CARTESIAN_POINT ( 'NONE',  ( 0.000000000000000000, 0.000000000000000000, 0.000000000000000000 ) ) ;
#1442 = FILL_AREA_STYLE ('',( #3385 ) ) ;
#1443 = CARTESIAN_POINT ( 'NONE',  ( 2.127676171409492945, -1.026761299328508459, 5.232047315439990243 ) ) ;
#1444 = VERTEX_POINT ( 'NONE', #4531 ) ;
#1445 = DIRECTION ( 'NONE',  ( 0.000000000000000000, 1.000000000000000000, 0.000000000000000000 ) ) ;
#1446 = ORIENTED_EDGE ( 'NONE', *, *, #2587, .F. ) ;
#1447 = EDGE_CURVE ( 'NONE', #3242, #1978, #4229, .T. ) ;
#1448 = CARTESIAN_POINT ( 'NONE',  ( 1.570000000000000284, 0.5749999999999999556, 0.000000000000000000 ) ) ;
#1449 = VERTEX_POINT ( 'NONE', #4556 ) ;
#1450 = CARTESIAN_POINT ( 'NONE',  ( -2.538428540730606642, -0.1554344158835592460, 5.280862548978384474 ) ) ;
#1451 = CARTESIAN_POINT ( 'NONE',  ( 2.190889080394189392, -0.5711502568339784647, 5.805463440614313519 ) ) ;
#1452 = DIRECTION ( 'NONE',  ( 0.000000000000000000, -0.000000000000000000, -1.000000000000000000 ) ) ;
#1453 = CARTESIAN_POINT ( 'NONE',  ( -1.843068670046341229, -0.5074394215654931539, 6.218211879986815127 ) ) ;
#1454 = VECTOR ( 'NONE', #694, 1000.000000000000000 ) ;
#1455 = DIRECTION ( 'NONE',  ( -0.000000000000000000, 0.000000000000000000, -1.000000000000000000 ) ) ;
#1456 = CARTESIAN_POINT ( 'NONE',  ( 1.195235304383824637, -0.9443433413101430807, 6.509147881991901308 ) ) ;
#1457 = MECHANICAL_DESIGN_GEOMETRIC_PRESENTATION_REPRESENTATION (  '', ( #842 ), #78 ) ;
#1458 = DIRECTION ( 'NONE',  ( 1.000000000000000000, 0.000000000000000000, 0.000000000000000000 ) ) ;
#1459 = CARTESIAN_POINT ( 'NONE',  ( -0.9318521475184020630, -0.2904465397891852207, 6.827761910056463712 ) ) ;
#1460 = CARTESIAN_POINT ( 'NONE',  ( 0.9362868241582545936, 1.080982928623154926, 6.521957418996934486 ) ) ;
#1461 = CARTESIAN_POINT ( 'NONE',  ( 1.291438609367756785, -1.482143136351967261, 5.761373546823340241 ) ) ;
#1462 = FACE_OUTER_BOUND ( 'NONE', #4408, .T. ) ;
#1463 = MECHANICAL_DESIGN_GEOMETRIC_PRESENTATION_REPRESENTATION (  '', ( #2408 ), #3967 ) ;
#1464 =( GEOMETRIC_REPRESENTATION_CONTEXT ( 3 ) GLOBAL_UNCERTAINTY_ASSIGNED_CONTEXT ( ( #2804 ) ) GLOBAL_UNIT_ASSIGNED_CONTEXT ( ( #1771, #3268, #1399 ) ) REPRESENTATION_CONTEXT ( 'NONE', 'WORKASPACE' ) );
#1465 = CARTESIAN_POINT ( 'NONE',  ( 0.2281771980869782557, 0.01895998722636066045, 6.992634239098924454 ) ) ;
#1466 = ORIENTED_EDGE ( 'NONE', *, *, #1570, .F. ) ;
#1467 = ORIENTED_EDGE ( 'NONE', *, *, #3146, .T. ) ;
#1468 =( GEOMETRIC_REPRESENTATION_CONTEXT ( 3 ) GLOBAL_UNCERTAINTY_ASSIGNED_CONTEXT ( ( #3917 ) ) GLOBAL_UNIT_ASSIGNED_CONTEXT ( ( #691, #2195, #3025 ) ) REPRESENTATION_CONTEXT ( 'NONE', 'WORKASPACE' ) );
#1469 = DIRECTION ( 'NONE',  ( 1.000000000000000000, 0.000000000000000000, 0.000000000000000000 ) ) ;
#1470 = CARTESIAN_POINT ( 'NONE',  ( 1.355544049883260938, 1.565035391898370598, 5.231575808260192417 ) ) ;
#1471 = VERTEX_POINT ( 'NONE', #3437 ) ;
#1472 = UNCERTAINTY_MEASURE_WITH_UNIT (LENGTH_MEASURE( 1.000000000000000082E-05 ), #3552, 'distance_accuracy_value', 'NONE');
#1473 = VECTOR ( 'NONE', #2143, 1000.000000000000000 ) ;
#1474 = MECHANICAL_DESIGN_GEOMETRIC_PRESENTATION_REPRESENTATION (  '', ( #2344 ), #3133 ) ;
#1475 = SURFACE_SIDE_STYLE ('',( #3327 ) ) ;
#1476 =( NAMED_UNIT ( * ) SI_UNIT ( $, .STERADIAN. ) SOLID_ANGLE_UNIT ( ) );
#1477 = DIRECTION ( 'NONE',  ( 0.000000000000000000, 0.000000000000000000, 1.000000000000000000 ) ) ;
#1478 = EDGE_CURVE ( 'NONE', #4452, #1420, #881, .T. ) ;
#1479 = CARTESIAN_POINT ( 'NONE',  ( 1.439821211110727361, 1.398064425962046053, 5.801381364728413814 ) ) ;
#1480 = CARTESIAN_POINT ( 'NONE',  ( -1.206672284840691223, 1.395970576726808909, 6.020853855459194826 ) ) ;
#1481 = DIRECTION ( 'NONE',  ( 0.000000000000000000, 1.000000000000000000, 0.000000000000000000 ) ) ;
#1482 =( LENGTH_UNIT ( ) NAMED_UNIT ( * ) SI_UNIT ( .MILLI., .METRE. ) );
#1483 = ADVANCED_FACE ( 'NONE', ( #1203 ), #838, .T. ) ;
#1484 = CARTESIAN_POINT ( 'NONE',  ( 0.9723158895613457364, 1.122580048889547877, 6.475079918805775492 ) ) ;
#1485 = CARTESIAN_POINT ( 'NONE',  ( 0.9700000000000003064, -0.3750000000000001665, -0.3000000000000000444 ) ) ;
#1486 = AXIS2_PLACEMENT_3D ( 'NONE', #4507, #740, #3390 ) ;
#1487 = CARTESIAN_POINT ( 'NONE',  ( -0.6209171644756800168, 0.6298238699977926069, 6.858809179059365491 ) ) ;
#1488 = CARTESIAN_POINT ( 'NONE',  ( 0.5169270594796373519, -0.5933068000628453076, 6.881020944678859053 ) ) ;
#1489 = CARTESIAN_POINT ( 'NONE',  ( 0.1151165998188891371, -0.01871904441778004732, 6.998748889211412028 ) ) ;
#1490 = STYLED_ITEM ( 'NONE', ( #3021 ), #3254 ) ;
#1491 = CARTESIAN_POINT ( 'NONE',  ( -0.2022378078026067227, 0.008971597223657656189, 7.000000000000001776 ) ) ;
#1492 = DIRECTION ( 'NONE',  ( 1.000000000000000000, 1.084202172485504434E-16, -0.000000000000000000 ) ) ;
#1493 = CARTESIAN_POINT ( 'NONE',  ( 2.504338932384091887, 0.3119401712405754368, 5.313847574062425139 ) ) ;
#1494 = CARTESIAN_POINT ( 'NONE',  ( -0.5765849447790594162, -0.6671369844122665427, 6.850327683621760144 ) ) ;
#1495 = ORIENTED_EDGE ( 'NONE', *, *, #1696, .T. ) ;
#1496 = CYLINDRICAL_SURFACE ( 'NONE', #4051, 0.2000000000000000944 ) ;
#1497 =( NAMED_UNIT ( * ) SI_UNIT ( $, .STERADIAN. ) SOLID_ANGLE_UNIT ( ) );
#1498 = CARTESIAN_POINT ( 'NONE',  ( 2.549999999999970957, 0.6506976810610034523, 5.149999999834288467 ) ) ;
#1499 = CARTESIAN_POINT ( 'NONE',  ( -1.020000000000000018, 0.1749999999999999056, -0.3000000000000000444 ) ) ;
#1500 = CARTESIAN_POINT ( 'NONE',  ( 1.701251866594722939, -1.276719839447755245, 5.681968192994579780 ) ) ;
#1501 = SPHERICAL_SURFACE ( 'NONE', #4252, 0.2000000000000000111 ) ;
#1502 = CARTESIAN_POINT ( 'NONE',  ( -1.347143485847643207, 1.317458726088750698, 6.038470316931886295 ) ) ;
#1503 = DIRECTION ( 'NONE',  ( 1.000000000000000000, 0.000000000000000000, 0.000000000000000000 ) ) ;
#1504 =( NAMED_UNIT ( * ) PLANE_ANGLE_UNIT ( ) SI_UNIT ( $, .RADIAN. ) );
#1505 = CARTESIAN_POINT ( 'NONE',  ( 1.030069290768125700, -0.8854616780820334654, 6.628953414283389911 ) ) ;
#1506 = EDGE_CURVE ( 'NONE', #1471, #542, #93, .T. ) ;
#1507 = CARTESIAN_POINT ( 'NONE',  ( 1.020000000000000018, 0.2499999999999999445, -0.4854049621773915968 ) ) ;
#1508 = CARTESIAN_POINT ( 'NONE',  ( -0.4710181687346491342, -0.4238056486430177294, 6.937054407118733224 ) ) ;
#1509 = CARTESIAN_POINT ( 'NONE',  ( -1.631687359977955776, -1.249334811545012913, -2.710505431213761085E-17 ) ) ;
#1510 =( NAMED_UNIT ( * ) PLANE_ANGLE_UNIT ( ) SI_UNIT ( $, .RADIAN. ) );
#1511 = CARTESIAN_POINT ( 'NONE',  ( -1.570000000000000284, 0.1749999999999999611, -0.5000000000000000000 ) ) ;
#1512 = CARTESIAN_POINT ( 'NONE',  ( 0.04802146082847231351, 0.04330230200592354028, 6.999999999999841016 ) ) ;
#1513 = EDGE_CURVE ( 'NONE', #1185, #2384, #2857, .T. ) ;
#1514 = SURFACE_SIDE_STYLE ('',( #40 ) ) ;
#1515 = FILL_AREA_STYLE ('',( #737 ) ) ;
#1516 = CARTESIAN_POINT ( 'NONE',  ( 2.114216612551939711, 1.027703225086342709, 5.314883852409292508 ) ) ;
#1517 = CARTESIAN_POINT ( 'NONE',  ( -0.4161728975213365711, -0.4815308954588930490, 6.928796738843773895 ) ) ;
#1518 = SURFACE_STYLE_USAGE ( .BOTH. , #67 ) ;
#1519 = AXIS2_PLACEMENT_3D ( 'NONE', #3502, #531, #2033 ) ;
#1520 = FACE_OUTER_BOUND ( 'NONE', #770, .T. ) ;
#1521 = CARTESIAN_POINT ( 'NONE',  ( 1.570000000000000284, -0.1750000000000000722, 0.000000000000000000 ) ) ;
#1522 = CARTESIAN_POINT ( 'NONE',  ( 2.400454586274571867, -0.6070014445258308244, 5.314163948773495960 ) ) ;
#1523 = ORIENTED_EDGE ( 'NONE', *, *, #1999, .T. ) ;
#1524 = SURFACE_STYLE_FILL_AREA ( #2245 ) ;
#1525 = CARTESIAN_POINT ( 'NONE',  ( -1.362081937483589300, 1.442650635947402282, 5.795524410550532579 ) ) ;
#1526 = DIRECTION ( 'NONE',  ( 0.000000000000000000, 0.000000000000000000, 1.000000000000000000 ) ) ;
#1527 = FILL_AREA_STYLE ('',( #1135 ) ) ;
#1528 = COLOUR_RGB ( '',1.000000000000000000, 0.000000000000000000, 0.000000000000000000 ) ;
#1529 = CARTESIAN_POINT ( 'NONE',  ( 1.730480576876479493, 0.2399556152369768103, 6.371741176293674869 ) ) ;
#1530 = VECTOR ( 'NONE', #2175, 1000.000000000000000 ) ;
#1531 = CARTESIAN_POINT ( 'NONE',  ( -0.4455393794716899225, -0.4548413952251608161, 6.933611131996416432 ) ) ;
#1532 = CARTESIAN_POINT ( 'NONE',  ( 1.362490098663261096, -1.563784101280339067, 5.150000000000000355 ) ) ;
#1533 = CARTESIAN_POINT ( 'NONE',  ( 0.08781828583827770707, 0.09538241400661980063, 6.998107420479510843 ) ) ;
#1534 = CIRCLE ( 'NONE', #1379, 0.2000000000000000111 ) ;
#1535 = EDGE_CURVE ( 'NONE', #1330, #2288, #379, .T. ) ;
#1536 = VERTEX_POINT ( 'NONE', #4326 ) ;
#1537 =( GEOMETRIC_REPRESENTATION_CONTEXT ( 3 ) GLOBAL_UNCERTAINTY_ASSIGNED_CONTEXT ( ( #498 ) ) GLOBAL_UNIT_ASSIGNED_CONTEXT ( ( #3121, #2745, #113 ) ) REPRESENTATION_CONTEXT ( 'NONE', 'WORKASPACE' ) );
#1538 = LINE ( 'NONE', #2603, #4567 ) ;
#1539 = FILL_AREA_STYLE ('',( #3797 ) ) ;
#1540 = AXIS2_PLACEMENT_3D ( 'NONE', #1131, #3373, #1829 ) ;
#1541 = CARTESIAN_POINT ( 'NONE',  ( -1.353433932853766564, -1.565996545449936495, 5.231561715704140525 ) ) ;
#1542 = DIRECTION ( 'NONE',  ( -0.000000000000000000, -1.000000000000000000, -0.000000000000000000 ) ) ;
#1543 = CARTESIAN_POINT ( 'NONE',  ( 1.570000000000000284, -0.5750000000000000666, -0.1999999999999999833 ) ) ;
#1544 = ADVANCED_FACE ( 'NONE', ( #1320 ), #685, .F. ) ;
#1545 = VECTOR ( 'NONE', #244, 1000.000000000000000 ) ;
#1546 = COLOUR_RGB ( '',1.000000000000000000, 0.000000000000000000, 0.000000000000000000 ) ;
#1547 = DIRECTION ( 'NONE',  ( -1.000000000000000000, 1.084202172485504434E-16, 0.000000000000000000 ) ) ;
#1548 = DIRECTION ( 'NONE',  ( -0.000000000000000000, -0.000000000000000000, -1.000000000000000000 ) ) ;
#1549 = ORIENTED_EDGE ( 'NONE', *, *, #2077, .T. ) ;
#1550 = CARTESIAN_POINT ( 'NONE',  ( 1.533733302430694057, -1.471327203828153518, 5.315536066584723329 ) ) ;
#1551 = ORIENTED_EDGE ( 'NONE', *, *, #155, .T. ) ;
#1552 =( GEOMETRIC_REPRESENTATION_CONTEXT ( 3 ) GLOBAL_UNCERTAINTY_ASSIGNED_CONTEXT ( ( #4503 ) ) GLOBAL_UNIT_ASSIGNED_CONTEXT ( ( #3485, #1593, #3868 ) ) REPRESENTATION_CONTEXT ( 'NONE', 'WORKASPACE' ) );
#1553 = CARTESIAN_POINT ( 'NONE',  ( -1.895505441804524738, 1.115148361175216651, 5.682106939949824742 ) ) ;
#1554 = CARTESIAN_POINT ( 'NONE',  ( -1.353433932853766564, -1.565996545449936495, 5.231561715704140525 ) ) ;
#1555 = CARTESIAN_POINT ( 'NONE',  ( 1.807967161633995401, -0.1204330769077231467, 6.320450836754885060 ) ) ;
#1556 = CARTESIAN_POINT ( 'NONE',  ( -1.278146988817316476, 0.4808542231904901487, 6.640148112040593631 ) ) ;
#1557 = CARTESIAN_POINT ( 'NONE',  ( -2.406913966416136308, -0.03876860246839543278, -5.421010862427522170E-17 ) ) ;
#1558 = CARTESIAN_POINT ( 'NONE',  ( -1.354775234658122773, 1.567308033704367887, 5.149999999834290243 ) ) ;
#1559 = CARTESIAN_POINT ( 'NONE',  ( -0.7700000000000002398, 0.1749999999999998779, -0.5000000000000000000 ) ) ;
#1560 = CARTESIAN_POINT ( 'NONE',  ( 0.4102934313857103388, -0.2823155973586873868, 6.965059188343990293 ) ) ;
#1561 = VECTOR ( 'NONE', #3593, 1000.000000000000000 ) ;
#1562 = PRESENTATION_STYLE_ASSIGNMENT (( #64 ) ) ;
#1563 = CARTESIAN_POINT ( 'NONE',  ( -0.1928587630102601425, 0.1642840509915440284, 6.991292908078283297 ) ) ;
#1564 = CARTESIAN_POINT ( 'NONE',  ( -1.770000000000000240, -0.1750000000000000722, -0.1999999999999999833 ) ) ;
#1565 = ADVANCED_FACE ( 'NONE', ( #3219 ), #995, .F. ) ;
#1566 = CARTESIAN_POINT ( 'NONE',  ( -2.319570690071726116, -0.7560387210755803444, 5.314286695651569303 ) ) ;
#1567 = CARTESIAN_POINT ( 'NONE',  ( 1.578986613690975593, -1.282767107270746942, -2.710505431213761701E-17 ) ) ;
#1568 = CARTESIAN_POINT ( 'NONE',  ( -2.549999999999998934, -3.699999999999999289, 5.150000000000000355 ) ) ;
#1569 = AXIS2_PLACEMENT_3D ( 'NONE', #3886, #3071, #2375 ) ;
#1570 = EDGE_CURVE ( 'NONE', #2766, #1009, #1069, .T. ) ;
#1571 = FACE_OUTER_BOUND ( 'NONE', #3896, .T. ) ;
#1572 = CARTESIAN_POINT ( 'NONE',  ( 1.749402754992124276, -1.304934206450811818, 5.483340015760968633 ) ) ;
#1573 = CIRCLE ( 'NONE', #3459, 0.1999999999999999833 ) ;
#1574 = VERTEX_POINT ( 'NONE', #1511 ) ;
#1575 = CARTESIAN_POINT ( 'NONE',  ( 1.783674008433411506, -1.324389739200935168, 5.149999999834289355 ) ) ;
#1576 = CARTESIAN_POINT ( 'NONE',  ( 0.7700000000000002398, -0.3750000000000001665, -0.5000000000000000000 ) ) ;
#1577 = CARTESIAN_POINT ( 'NONE',  ( -1.226845382673725560, -1.419526214159501531, 5.962929398625731459 ) ) ;
#1578 = DIRECTION ( 'NONE',  ( -0.000000000000000000, -1.000000000000000000, 0.000000000000000000 ) ) ;
#1579 = CARTESIAN_POINT ( 'NONE',  ( 1.745658319795949653, -0.1173016509585139699, 6.370900455750348357 ) ) ;
#1580 = DIRECTION ( 'NONE',  ( 0.000000000000000000, 1.000000000000000000, 0.000000000000000000 ) ) ;
#1581 = CARTESIAN_POINT ( 'NONE',  ( -1.025988600297069731, -0.8881567070564569955, 6.628289017701299635 ) ) ;
#1582 =( NAMED_UNIT ( * ) SI_UNIT ( $, .STERADIAN. ) SOLID_ANGLE_UNIT ( ) );
#1583 = SURFACE_SIDE_STYLE ('',( #1960 ) ) ;
#1584 = CARTESIAN_POINT ( 'NONE',  ( 0.2180997908547531450, 0.2368782559637557517, 6.983864816478703830 ) ) ;
#1585 =( GEOMETRIC_REPRESENTATION_CONTEXT ( 3 ) GLOBAL_UNCERTAINTY_ASSIGNED_CONTEXT ( ( #4750 ) ) GLOBAL_UNIT_ASSIGNED_CONTEXT ( ( #1879, #3057, #28 ) ) REPRESENTATION_CONTEXT ( 'NONE', 'WORKASPACE' ) );
#1586 = CIRCLE ( 'NONE', #1428, 0.2000000000000000111 ) ;
#1587 = FILL_AREA_STYLE_COLOUR ( '', #1808 ) ;
#1588 = CARTESIAN_POINT ( 'NONE',  ( -4.671608575681286983E-06, 0.000000000000000000, 6.999999999999999112 ) ) ;
#1589 = DIRECTION ( 'NONE',  ( 0.000000000000000000, 1.000000000000000000, -0.000000000000000000 ) ) ;
#1590 = ORIENTED_EDGE ( 'NONE', *, *, #673, .T. ) ;
#1591 = CARTESIAN_POINT ( 'NONE',  ( -2.549992583055767703, -0.1558824259250966016, 5.166295612738841747 ) ) ;
#1592 =( GEOMETRIC_REPRESENTATION_CONTEXT ( 3 ) GLOBAL_UNCERTAINTY_ASSIGNED_CONTEXT ( ( #2449 ) ) GLOBAL_UNIT_ASSIGNED_CONTEXT ( ( #1231, #3550, #3178 ) ) REPRESENTATION_CONTEXT ( 'NONE', 'WORKASPACE' ) );
#1593 =( NAMED_UNIT ( * ) PLANE_ANGLE_UNIT ( ) SI_UNIT ( $, .RADIAN. ) );
#1594 = TOROIDAL_SURFACE ( 'NONE', #1356, 0.4000000000000000222, 0.2000000000000000111 ) ;
#1595 = COLOUR_RGB ( '',1.000000000000000000, 0.000000000000000000, 0.000000000000000000 ) ;
#1596 = DIRECTION ( 'NONE',  ( 0.000000000000000000, 0.000000000000000000, 1.000000000000000000 ) ) ;
#1597 = PRESENTATION_STYLE_ASSIGNMENT (( #2383 ) ) ;
#1598 = CARTESIAN_POINT ( 'NONE',  ( 2.318484355799381280, -0.7816121940428035764, 0.1499999999999999667 ) ) ;
#1599 = CARTESIAN_POINT ( 'NONE',  ( 2.455564017584594083, -0.3031321276230375394, 5.478387913529404685 ) ) ;
#1600 = ADVANCED_FACE ( 'NONE', ( #1462 ), #2229, .T. ) ;
#1601 = CARTESIAN_POINT ( 'NONE',  ( 1.452829886590286446, -1.522108650185095113, 5.183147224140249421 ) ) ;
#1602 = CARTESIAN_POINT ( 'NONE',  ( -1.361945497318105991, -1.442719803231195863, 5.795515520435379209 ) ) ;
#1603 = CARTESIAN_POINT ( 'NONE',  ( -1.770000000000000240, -0.3750000000000000555, -0.1999999999999999833 ) ) ;
#1604 = DIRECTION ( 'NONE',  ( -0.000000000000000000, 1.000000000000000000, 0.000000000000000000 ) ) ;
#1605 = CARTESIAN_POINT ( 'NONE',  ( 1.176526861101839350, -1.153878616756590647, 6.356261623619479550 ) ) ;
#1606 = EDGE_CURVE ( 'NONE', #3412, #4514, #2623, .T. ) ;
#1607 = CARTESIAN_POINT ( 'NONE',  ( -1.359520034494454244, 0.7303408069165653327, 6.516598467295275476 ) ) ;
#1608 = CIRCLE ( 'NONE', #2241, 0.2000000000000000944 ) ;
#1609 = PRESENTATION_STYLE_ASSIGNMENT (( #3451 ) ) ;
#1610 = CARTESIAN_POINT ( 'NONE',  ( -1.351802243385915592, 1.563868637225331870, 5.280504273559138539 ) ) ;
#1611 = CARTESIAN_POINT ( 'NONE',  ( 0.2418883625238425206, -0.2044382638569987032, 6.985905681364135589 ) ) ;
#1612 = CARTESIAN_POINT ( 'NONE',  ( -0.05736094415129910917, -0.02372376406913044924, 6.999999999999870326 ) ) ;
#1613 = DIRECTION ( 'NONE',  ( -0.000000000000000000, -0.000000000000000000, -1.000000000000000000 ) ) ;
#1614 = CARTESIAN_POINT ( 'NONE',  ( -2.522736596428439171, 0.3115633607667471772, 5.166295636461665453 ) ) ;
#1615 = SURFACE_STYLE_FILL_AREA ( #1944 ) ;
#1616 = DIRECTION ( 'NONE',  ( -1.084202172485504434E-16, -1.000000000000000000, 0.000000000000000000 ) ) ;
#1617 = STYLED_ITEM ( 'NONE', ( #1247 ), #1713 ) ;
#1618 = AXIS2_PLACEMENT_3D ( 'NONE', #3942, #957, #4680 ) ;
#1619 = B_SPLINE_CURVE_WITH_KNOTS ( 'NONE', 3,
 ( #1817, #783, #2941, #3635, #300, #3287, #3667, #3340, #4771, #4066, #2916, #1437, #3313, #708, #4424, #345, #1840, #2373, #416, #3839, #2305, #1912, #4603, #2355, #1610, #1269, #3069, #4154, #1987, #487 ),
 .UNSPECIFIED., .F., .F.,
 ( 4, 2, 2, 2, 2, 2, 2, 2, 2, 2, 2, 2, 2, 2, 4 ),
 ( 0.000000000000000000, 0.06250000000000000000, 0.1250000000000000000, 0.2500000000000000000, 0.3750000000000000000, 0.5000000000000000000, 0.5625000000000000000, 0.6250000000000000000, 0.6875000000000000000, 0.7500000000000000000, 0.8750000000000000000, 0.9375000000000000000, 0.9687500000000000000, 0.9843750000000000000, 1.000000000000000000 ),
 .UNSPECIFIED. ) ;
#1620 = DIRECTION ( 'NONE',  ( 1.000000000000000000, 0.000000000000000000, 0.000000000000000000 ) ) ;
#1621 = ORIENTED_EDGE ( 'NONE', *, *, #1852, .F. ) ;
#1622 = DIRECTION ( 'NONE',  ( -1.000000000000000000, 0.000000000000000000, 0.000000000000000000 ) ) ;
#1623 = VERTEX_POINT ( 'NONE', #4396 ) ;
#1624 = CIRCLE ( 'NONE', #2093, 0.2000000000000000111 ) ;
#1625 = MECHANICAL_DESIGN_GEOMETRIC_PRESENTATION_REPRESENTATION (  '', ( #4196 ), #3128 ) ;
#1626 = ORIENTED_EDGE ( 'NONE', *, *, #3931, .F. ) ;
#1627 = CARTESIAN_POINT ( 'NONE',  ( 2.125136720821207525, 1.031277952866588077, 5.215528200418726001 ) ) ;
#1628 = AXIS2_PLACEMENT_3D ( 'NONE', #4134, #2598, #3383 ) ;
#1629 = CARTESIAN_POINT ( 'NONE',  ( -1.503219086680894989, 1.248301529149620448, 5.989578871625155010 ) ) ;
#1630 = EDGE_CURVE ( 'NONE', #1330, #2111, #2174, .T. ) ;
#1631 = CARTESIAN_POINT ( 'NONE',  ( 1.570000000000000284, 0.1749999999999999611, -0.5000000000000000000 ) ) ;
#1632 = CARTESIAN_POINT ( 'NONE',  ( 1.570000000000000284, -0.1750000000000000722, -0.3000000000000000444 ) ) ;
#1633 = CARTESIAN_POINT ( 'NONE',  ( 1.210170921475569816, -1.279010497728090723, 6.196948622097543158 ) ) ;
#1634 = AXIS2_PLACEMENT_3D ( 'NONE', #581, #3938, #3591 ) ;
#1635 = ORIENTED_EDGE ( 'NONE', *, *, #1155, .F. ) ;
#1636 = CARTESIAN_POINT ( 'NONE',  ( -0.8747570873051778717, 0.8774538159434761564, 6.689316280546343307 ) ) ;
#1637 = EDGE_CURVE ( 'NONE', #2335, #3469, #2974, .T. ) ;
#1638 = CARTESIAN_POINT ( 'NONE',  ( -2.448642533736857807, 0.5331178329986309139, 0.1499999999999999944 ) ) ;
#1639 = SURFACE_STYLE_USAGE ( .BOTH. , #1583 ) ;
#1640 = UNCERTAINTY_MEASURE_WITH_UNIT (LENGTH_MEASURE( 1.000000000000000082E-05 ), #4211, 'distance_accuracy_value', 'NONE');
#1641 = CARTESIAN_POINT ( 'NONE',  ( 0.4487958142489499314, -0.1468994234787187880, 6.966567792531271230 ) ) ;
#1642 = CARTESIAN_POINT ( 'NONE',  ( 1.570000000000000284, 0.1749999999999999611, 0.000000000000000000 ) ) ;
#1643 = CARTESIAN_POINT ( 'NONE',  ( -0.05438892650800435102, 0.03229386539857597577, 6.999999999999859668 ) ) ;
#1644 = DIRECTION ( 'NONE',  ( 0.000000000000000000, 0.000000000000000000, 1.000000000000000000 ) ) ;
#1645 = CARTESIAN_POINT ( 'NONE',  ( -1.698852765158171074, -1.381499229437145759, 5.182868354598120675 ) ) ;
#1646 = DIRECTION ( 'NONE',  ( 0.000000000000000000, 0.000000000000000000, -1.000000000000000000 ) ) ;
#1647 = DIRECTION ( 'NONE',  ( -1.000000000000000000, -1.084202172485504434E-16, 0.000000000000000000 ) ) ;
#1648 = ORIENTED_EDGE ( 'NONE', *, *, #3783, .T. ) ;
#1649 =( GEOMETRIC_REPRESENTATION_CONTEXT ( 3 ) GLOBAL_UNCERTAINTY_ASSIGNED_CONTEXT ( ( #510 ) ) GLOBAL_UNIT_ASSIGNED_CONTEXT ( ( #885, #911, #1669 ) ) REPRESENTATION_CONTEXT ( 'NONE', 'WORKASPACE' ) );
#1650 = LINE ( 'NONE', #2382, #2585 ) ;
#1651 = SURFACE_STYLE_USAGE ( .BOTH. , #169 ) ;
#1652 = ORIENTED_EDGE ( 'NONE', *, *, #796, .F. ) ;
#1653 = TOROIDAL_SURFACE ( 'NONE', #2990, 0.4000000000000000222, 0.2000000000000000111 ) ;
#1654 = DIRECTION ( 'NONE',  ( 0.000000000000000000, -1.000000000000000000, 0.000000000000000000 ) ) ;
#1655 = CARTESIAN_POINT ( 'NONE',  ( 2.549679308084462637, -0.1529783697968846445, 5.182635091864496779 ) ) ;
#1656 = CARTESIAN_POINT ( 'NONE',  ( -1.668337842264389526, 1.361633017351792541, 5.483098074081850903 ) ) ;
#1657 = CARTESIAN_POINT ( 'NONE',  ( 0.7674428470143945802, 1.622484243506683743, -2.710505431213761085E-17 ) ) ;
#1658 = CARTESIAN_POINT ( 'NONE',  ( 1.968987099129775764, 0.2642018616745079318, 6.160218570668781091 ) ) ;
#1659 =( GEOMETRIC_REPRESENTATION_CONTEXT ( 3 ) GLOBAL_UNCERTAINTY_ASSIGNED_CONTEXT ( ( #1765 ) ) GLOBAL_UNIT_ASSIGNED_CONTEXT ( ( #3665, #4130, #1066 ) ) REPRESENTATION_CONTEXT ( 'NONE', 'WORKASPACE' ) );
#1660 = CARTESIAN_POINT ( 'NONE',  ( -1.203668343540045926, 1.186906261993956324, 6.306624078727263161 ) ) ;
#1661 =( LENGTH_UNIT ( ) NAMED_UNIT ( * ) SI_UNIT ( .MILLI., .METRE. ) );
#1662 = CARTESIAN_POINT ( 'NONE',  ( 0.2040204545421420435, 0.1422080690271661230, 6.991938797280621287 ) ) ;
#1663 = EDGE_CURVE ( 'NONE', #3418, #3438, #2256, .T. ) ;
#1664 = CARTESIAN_POINT ( 'NONE',  ( -0.4035105553487198793, -0.04756847114784020641, 7.000000000000002665 ) ) ;
#1665 = CARTESIAN_POINT ( 'NONE',  ( -0.05252690779748748345, -0.03629805367736595872, 6.999999999999856115 ) ) ;
#1666 = CARTESIAN_POINT ( 'NONE',  ( -1.579936929888781094, 1.282187190456044235, -2.710505431213761085E-17 ) ) ;
#1667 = CARTESIAN_POINT ( 'NONE',  ( -2.415363127158382195, 0.6133074986287708752, 5.149999999834288467 ) ) ;
#1668 = EDGE_CURVE ( 'NONE', #4285, #1078, #1619, .T. ) ;
#1669 =( NAMED_UNIT ( * ) SI_UNIT ( $, .STERADIAN. ) SOLID_ANGLE_UNIT ( ) );
#1670 = CARTESIAN_POINT ( 'NONE',  ( -0.9700000000000003064, 0.5749999999999998446, -0.1999999999999999833 ) ) ;
#1671 = VERTEX_POINT ( 'NONE', #3478 ) ;
#1672 =( GEOMETRIC_REPRESENTATION_CONTEXT ( 3 ) GLOBAL_UNCERTAINTY_ASSIGNED_CONTEXT ( ( #397 ) ) GLOBAL_UNIT_ASSIGNED_CONTEXT ( ( #1738, #4727, #3970 ) ) REPRESENTATION_CONTEXT ( 'NONE', 'WORKASPACE' ) );
#1673 = CARTESIAN_POINT ( 'NONE',  ( 0.1449041079119228193, -1.857940053382651335, 0.1499999999999999944 ) ) ;
#1674 = UNCERTAINTY_MEASURE_WITH_UNIT (LENGTH_MEASURE( 1.000000000000000082E-05 ), #266, 'distance_accuracy_value', 'NONE');
#1675 = CARTESIAN_POINT ( 'NONE',  ( 2.523414251143476505, -0.3084844331552799024, 5.166302509539439036 ) ) ;
#1676 = CARTESIAN_POINT ( 'NONE',  ( -1.946152734913445981, -1.201509057441444206, 0.1499999999999999667 ) ) ;
#1677 = CARTESIAN_POINT ( 'NONE',  ( -2.077689883216279121, 1.015449464900716414, 5.481581278656762812 ) ) ;
#1678 = DIRECTION ( 'NONE',  ( 0.000000000000000000, -0.000000000000000000, -1.000000000000000000 ) ) ;
#1679 = CARTESIAN_POINT ( 'NONE',  ( 1.534404792265697370, 1.178721020501391381, 6.050977058488578031 ) ) ;
#1680 = FILL_AREA_STYLE ('',( #1752 ) ) ;
#1681 = CARTESIAN_POINT ( 'NONE',  ( -1.489452816360272269, 0.9222205774628737807, 6.328709657917791276 ) ) ;
#1682 = FILL_AREA_STYLE_COLOUR ( '', #3423 ) ;
#1683 = UNCERTAINTY_MEASURE_WITH_UNIT (LENGTH_MEASURE( 1.000000000000000082E-05 ), #1482, 'distance_accuracy_value', 'NONE');
#1684 = CARTESIAN_POINT ( 'NONE',  ( 0.8646756413045849632, 0.4928223622841627072, 6.827435933031543058 ) ) ;
#1685 = CARTESIAN_POINT ( 'NONE',  ( -0.5952028580758582654, -0.1196121928839703613, 6.999999999999997335 ) ) ;
#1686 = CARTESIAN_POINT ( 'NONE',  ( -0.4455799348193476561, 0.4548156058568488258, 6.933615734116949980 ) ) ;
#1687 = CARTESIAN_POINT ( 'NONE',  ( 0.5256162889460596066, 1.821879472794939447, 0.1499999999999999667 ) ) ;
#1688 = CARTESIAN_POINT ( 'NONE',  ( -1.354476400533462188, -1.567202741319690729, 5.182607543740926026 ) ) ;
#1689 = CARTESIAN_POINT ( 'NONE',  ( -0.7631432335913531650, -1.614110371993768389, -2.710505431213760777E-17 ) ) ;
#1690 = EDGE_CURVE ( 'NONE', #1099, #1574, #3124, .T. ) ;
#1691 = CARTESIAN_POINT ( 'NONE',  ( 4.686308437449692685E-06, 0.000000000000000000, 6.999999999999999112 ) ) ;
#1692 = LINE ( 'NONE', #3617, #704 ) ;
#1693 = FILL_AREA_STYLE_COLOUR ( '', #1595 ) ;
#1694 = AXIS2_PLACEMENT_3D ( 'NONE', #81, #3856, #2764 ) ;
#1695 = EDGE_LOOP ( 'NONE', ( #2705, #126, #4613, #309 ) ) ;
#1696 = EDGE_CURVE ( 'NONE', #1574, #1009, #4632, .T. ) ;
#1697 = ORIENTED_EDGE ( 'NONE', *, *, #4146, .F. ) ;
#1698 = CARTESIAN_POINT ( 'NONE',  ( -0.4580368472555328974, -1.828134903474178063, 5.150000000000000355 ) ) ;
#1699 = FACE_OUTER_BOUND ( 'NONE', #2802, .T. ) ;
#1700 = EDGE_LOOP ( 'NONE', ( #2211, #2979, #3620, #1122 ) ) ;
#1701 = CARTESIAN_POINT ( 'NONE',  ( -1.955638486792259378, -1.140839946007190298, 5.482629428054625720 ) ) ;
#1702 = COLOUR_RGB ( '',0.8431372549019607865, 0.8431372549019607865, 0.8431372549019607865 ) ;
#1703 = CARTESIAN_POINT ( 'NONE',  ( 2.099654609586270038, -0.1342707588655182027, 6.044574283562319295 ) ) ;
#1704 = CARTESIAN_POINT ( 'NONE',  ( -1.672019465012475781, 0.4711649317736273934, 6.374098509604483098 ) ) ;
#1705 = DIRECTION ( 'NONE',  ( -1.000000000000000000, 0.000000000000000000, 0.000000000000000000 ) ) ;
#1706 = VECTOR ( 'NONE', #4658, 1000.000000000000000 ) ;
#1707 = CARTESIAN_POINT ( 'NONE',  ( 0.6842670564353077189, 0.7383040246349622526, 6.805009945139800287 ) ) ;
#1708 = CARTESIAN_POINT ( 'NONE',  ( -1.373742580291569038, 1.558593962787103493, 5.149999999999998579 ) ) ;
#1709 = CARTESIAN_POINT ( 'NONE',  ( -0.2848013605579024499, -0.02339328191970193455, 6.987724115810386216 ) ) ;
#1710 = CARTESIAN_POINT ( 'NONE',  ( -1.532892679456545837, 1.482635859225680752, -2.020094817840017564E-14 ) ) ;
#1711 = CARTESIAN_POINT ( 'NONE',  ( -1.631486866205667186, -1.249467456793532216, -2.710505431213761085E-17 ) ) ;
#1712 = LINE ( 'NONE', #2448, #2887 ) ;
#1713 = ADVANCED_FACE ( 'NONE', ( #2329, #2668, #1172 ), #4178, .F. ) ;
#1714 = LINE ( 'NONE', #1737, #2826 ) ;
#1715 = ORIENTED_EDGE ( 'NONE', *, *, #2859, .F. ) ;
#1716 = UNCERTAINTY_MEASURE_WITH_UNIT (LENGTH_MEASURE( 1.000000000000000082E-05 ), #2006, 'distance_accuracy_value', 'NONE');
#1717 = EDGE_CURVE ( 'NONE', #3469, #1104, #2769, .T. ) ;
#1718 = DIRECTION ( 'NONE',  ( -0.000000000000000000, 1.000000000000000000, 0.000000000000000000 ) ) ;
#1719 = AXIS2_PLACEMENT_3D ( 'NONE', #4614, #4253, #4589 ) ;
#1720 = CARTESIAN_POINT ( 'NONE',  ( 2.549999999999999822, 3.699999999999999734, 0.1499999999999996891 ) ) ;
#1721 = CARTESIAN_POINT ( 'NONE',  ( 2.005248151834673198, -1.150101152182264386, 0.1499999999999999667 ) ) ;
#1722 = CARTESIAN_POINT ( 'NONE',  ( -2.077593528484621199, -1.015553964494626760, 5.481578086624532276 ) ) ;
#1723 = CARTESIAN_POINT ( 'NONE',  ( -1.461967070489929688, 1.350233649337541975, -2.710505431213761085E-17 ) ) ;
#1724 = PRESENTATION_STYLE_ASSIGNMENT (( #4364 ) ) ;
#1725 = CARTESIAN_POINT ( 'NONE',  ( 1.467648910829677300, 1.135233983078371311, 6.164101905316249130 ) ) ;
#1726 = AXIS2_PLACEMENT_3D ( 'NONE', #4608, #2015, #162 ) ;
#1727 = CARTESIAN_POINT ( 'NONE',  ( -1.233857476519125251, 0.9774129850974814238, 6.464444343068102228 ) ) ;
#1728 = CARTESIAN_POINT ( 'NONE',  ( -1.520000000000000018, 0.2500000000000000000, 0.000000000000000000 ) ) ;
#1729 = CARTESIAN_POINT ( 'NONE',  ( 1.183866805523210441, -0.3543147534940198629, 6.710916188543249561 ) ) ;
#1730 = CARTESIAN_POINT ( 'NONE',  ( 0.8784370903129424812, 1.739290534271327848, 7.000000000000045297 ) ) ;
#1731 = CARTESIAN_POINT ( 'NONE',  ( -0.2178336856109120978, 0.2370418246866215217, 6.983847878009859400 ) ) ;
#1732 = CARTESIAN_POINT ( 'NONE',  ( -0.03614088021655100652, 1.710676347886264992, 0.000000000000000000 ) ) ;
#1733 =( LENGTH_UNIT ( ) NAMED_UNIT ( * ) SI_UNIT ( .MILLI., .METRE. ) );
#1734 = CARTESIAN_POINT ( 'NONE',  ( -0.9700000000000003064, 0.1749999999999998501, -0.1999999999999999833 ) ) ;
#1735 = SURFACE_STYLE_FILL_AREA ( #4696 ) ;
#1736 = ORIENTED_EDGE ( 'NONE', *, *, #3625, .F. ) ;
#1737 = CARTESIAN_POINT ( 'NONE',  ( -1.570000000000000284, 0.3750000000000000000, -0.5000000000000000000 ) ) ;
#1738 =( LENGTH_UNIT ( ) NAMED_UNIT ( * ) SI_UNIT ( .MILLI., .METRE. ) );
#1739 = ORIENTED_EDGE ( 'NONE', *, *, #3083, .F. ) ;
#1740 = FACE_OUTER_BOUND ( 'NONE', #1903, .T. ) ;
#1741 = ORIENTED_EDGE ( 'NONE', *, *, #1506, .F. ) ;
#1742 = VERTEX_POINT ( 'NONE', #3818 ) ;
#1743 = CARTESIAN_POINT ( 'NONE',  ( 2.334793351861168986, 0.7599181896662652314, 5.149999999834288467 ) ) ;
#1744 = FACE_OUTER_BOUND ( 'NONE', #3131, .T. ) ;
#1745 = ORIENTED_EDGE ( 'NONE', *, *, #3465, .F. ) ;
#1746 = CARTESIAN_POINT ( 'NONE',  ( -1.335944364986574762, 1.545522962400496247, 5.474963413074580565 ) ) ;
#1747 = CARTESIAN_POINT ( 'NONE',  ( 1.570000000000000284, -0.1750000000000000722, -0.1999999999999999833 ) ) ;
#1748 = SURFACE_STYLE_FILL_AREA ( #2708 ) ;
#1750 = ADVANCED_FACE ( 'NONE', ( #4549 ), #3503, .T. ) ;
#1749 = PRESENTATION_LAYER_ASSIGNMENT (  '', '', ( #569 ) ) ;
#1751 = CARTESIAN_POINT ( 'NONE',  ( 1.795787165194454804, -0.9077413898424449012, 6.054544121306402182 ) ) ;
#1752 = FILL_AREA_STYLE_COLOUR ( '', #3951 ) ;
#1753 = PRESENTATION_LAYER_ASSIGNMENT (  '', '', ( #2150 ) ) ;
#1754 = PRESENTATION_LAYER_ASSIGNMENT (  '', '', ( #1997 ) ) ;
#1755 = CARTESIAN_POINT ( 'NONE',  ( -1.192323846099500040, -1.017991408253200447, 6.460632131681805390 ) ) ;
#1756 = EDGE_CURVE ( 'NONE', #4014, #2546, #3929, .T. ) ;
#1757 = CARTESIAN_POINT ( 'NONE',  ( 0.5797704860800991788, -0.6654225666791915295, 6.850702314308279028 ) ) ;
#1758 = CARTESIAN_POINT ( 'NONE',  ( -1.770000000000000240, 0.3750000000000000000, -0.5000000000000000000 ) ) ;
#1759 = MECHANICAL_DESIGN_GEOMETRIC_PRESENTATION_REPRESENTATION (  '', ( #2313 ), #507 ) ;
#1760 = FACE_OUTER_BOUND ( 'NONE', #1791, .T. ) ;
#1761 = CARTESIAN_POINT ( 'NONE',  ( -0.4573141743213030574, 0.07470018126087263344, 6.966438820901498907 ) ) ;
#1762 = CARTESIAN_POINT ( 'NONE',  ( 0.8043434807457825464, 1.768555439737815371, 0.1499999999999999667 ) ) ;
#1763 = CARTESIAN_POINT ( 'NONE',  ( -0.9700000000000003064, -0.3750000000000001665, -0.5000000000000000000 ) ) ;
#1764 = DIRECTION ( 'NONE',  ( 0.000000000000000000, 1.000000000000000000, 0.000000000000000000 ) ) ;
#1765 = UNCERTAINTY_MEASURE_WITH_UNIT (LENGTH_MEASURE( 1.000000000000000082E-05 ), #3665, 'distance_accuracy_value', 'NONE');
#1766 = ORIENTED_EDGE ( 'NONE', *, *, #101, .F. ) ;
#1767 = ORIENTED_EDGE ( 'NONE', *, *, #3538, .T. ) ;
#1768 =( LENGTH_UNIT ( ) NAMED_UNIT ( * ) SI_UNIT ( .MILLI., .METRE. ) );
#1769 = SURFACE_STYLE_FILL_AREA ( #2138 ) ;
#1770 = ORIENTED_EDGE ( 'NONE', *, *, #177, .T. ) ;
#1771 =( LENGTH_UNIT ( ) NAMED_UNIT ( * ) SI_UNIT ( .MILLI., .METRE. ) );
#1772 = ORIENTED_EDGE ( 'NONE', *, *, #326, .T. ) ;
#1773 = AXIS2_PLACEMENT_3D ( 'NONE', #3661, #4816, #2591 ) ;
#1774 = FILL_AREA_STYLE_COLOUR ( '', #2100 ) ;
#1775 = CARTESIAN_POINT ( 'NONE',  ( 1.570000000000000284, 0.1749999999999999889, -0.3000000000000000444 ) ) ;
#1776 = CARTESIAN_POINT ( 'NONE',  ( -0.3831716899881295602, -1.831826910004173525, -2.710505431213761085E-17 ) ) ;
#1777 = ORIENTED_EDGE ( 'NONE', *, *, #1756, .F. ) ;
#1778 = CARTESIAN_POINT ( 'NONE',  ( -2.519833379030375298, 0.3113366471812147318, 5.215334767712497488 ) ) ;
#1779 = COLOUR_RGB ( '',1.000000000000000000, 0.000000000000000000, 0.000000000000000000 ) ;
#1780 = CARTESIAN_POINT ( 'NONE',  ( 1.696580337713801345, 1.280034119422617023, 5.681692688483263254 ) ) ;
#1781 = STYLED_ITEM ( 'NONE', ( #1232 ), #1182 ) ;
#1782 = CARTESIAN_POINT ( 'NONE',  ( -1.533529105770388368, 1.179241292433693244, 6.050802752086978487 ) ) ;
#1783 = CARTESIAN_POINT ( 'NONE',  ( 1.152565090703652206, -0.7378311480621878582, 6.640110760196924033 ) ) ;
#1784 = AXIS2_PLACEMENT_3D ( 'NONE', #2437, #2813, #1265 ) ;
#1785 = EDGE_CURVE ( 'NONE', #2292, #2579, #3255, .T. ) ;
#1786 = CARTESIAN_POINT ( 'NONE',  ( -0.4407288242810962209, -0.1834754675876381635, 6.966304676800366913 ) ) ;
#1787 = DIRECTION ( 'NONE',  ( 1.000000000000000000, 1.084202172485504434E-16, 0.000000000000000000 ) ) ;
#1788 = CARTESIAN_POINT ( 'NONE',  ( -2.127226783879089478, -1.032017221227784498, 5.149999999834290243 ) ) ;
#1789 = CARTESIAN_POINT ( 'NONE',  ( -1.520000000000000018, 0.000000000000000000, -0.5000000000000000000 ) ) ;
#1790 = DIRECTION ( 'NONE',  ( -0.000000000000000000, -0.000000000000000000, -1.000000000000000000 ) ) ;
#1791 = EDGE_LOOP ( 'NONE', ( #3670, #2728, #4354 ) ) ;
#1792 = VECTOR ( 'NONE', #3577, 1000.000000000000000 ) ;
#1793 = ORIENTED_EDGE ( 'NONE', *, *, #733, .F. ) ;
#1794 = SURFACE_SIDE_STYLE ('',( #4754 ) ) ;
#1795 = CARTESIAN_POINT ( 'NONE',  ( 2.412791195605314964, -0.6090056675008200804, 5.231834461710501039 ) ) ;
#1796 = ORIENTED_EDGE ( 'NONE', *, *, #3403, .T. ) ;
#1797 = DIRECTION ( 'NONE',  ( 0.000000000000000000, 0.000000000000000000, 1.000000000000000000 ) ) ;
#1798 = CARTESIAN_POINT ( 'NONE',  ( 1.770000000000000240, -0.3750000000000000555, -0.3000000000000000444 ) ) ;
#1799 = CARTESIAN_POINT ( 'NONE',  ( 1.770000000000000240, 0.3750000000000000000, -0.5000000000000000000 ) ) ;
#1800 = CARTESIAN_POINT ( 'NONE',  ( -0.5220499076063298549, -1.813785812975499567, 1.250800457226156451E-14 ) ) ;
#1801 = ORIENTED_EDGE ( 'NONE', *, *, #1606, .F. ) ;
#1802 = CARTESIAN_POINT ( 'NONE',  ( -1.444202083311295182, -1.524666150458511726, 5.232854946411632291 ) ) ;
#1803 = CARTESIAN_POINT ( 'NONE',  ( -1.770000000000000240, -0.3750000000000000555, -0.5000000000000000000 ) ) ;
#1804 = CARTESIAN_POINT ( 'NONE',  ( 1.569816004134355403, -1.195518128819708314, 5.992596310094783441 ) ) ;
#1805 = PRESENTATION_LAYER_ASSIGNMENT (  '', '', ( #3905 ) ) ;
#1806 = SURFACE_STYLE_USAGE ( .BOTH. , #408 ) ;
#1807 = CARTESIAN_POINT ( 'NONE',  ( -1.705495536108910803, 0.8770822442355334925, 6.168433235915052215 ) ) ;
#1808 = COLOUR_RGB ( '',1.000000000000000000, 0.000000000000000000, 0.000000000000000000 ) ;
#1809 = SURFACE_STYLE_USAGE ( .BOTH. , #4027 ) ;
#1810 = SURFACE_STYLE_USAGE ( .BOTH. , #2178 ) ;
#1811 = CARTESIAN_POINT ( 'NONE',  ( 1.348244628038608672, 0.1972324835245747587, 6.637612254905021381 ) ) ;
#1812 = PRODUCT_DEFINITION ( 'UNKNOWN', '', #2074, #3965 ) ;
#1813 = DIRECTION ( 'NONE',  ( -0.000000000000000000, 1.000000000000000000, -0.000000000000000000 ) ) ;
#1814 = CARTESIAN_POINT ( 'NONE',  ( -0.6773742908142775798, 0.5634099272709167661, 6.866841837641668000 ) ) ;
#1815 = DIRECTION ( 'NONE',  ( 0.000000000000000000, 0.000000000000000000, -1.000000000000000000 ) ) ;
#1816 = CARTESIAN_POINT ( 'NONE',  ( 0.6818015384216040697, -0.7830399497913167473, 6.779310818623469181 ) ) ;
#1817 = CARTESIAN_POINT ( 'NONE',  ( -4.671608576693501519E-06, 6.554002132674874304E-12, 7.000000000000000000 ) ) ;
#1818 = CARTESIAN_POINT ( 'NONE',  ( 0.05269258558292423678, -0.03615080646164103156, 6.999999999999855227 ) ) ;
#1819 = ADVANCED_FACE ( 'NONE', ( #3561 ), #554, .T. ) ;
#1820 = VERTEX_POINT ( 'NONE', #947 ) ;
#1821 = VERTEX_POINT ( 'NONE', #1384 ) ;
#1822 = CARTESIAN_POINT ( 'NONE',  ( -0.8788125244891883403, -1.739190274098601829, 6.999999999999892530 ) ) ;
#1823 = SURFACE_STYLE_FILL_AREA ( #329 ) ;
#1824 = CARTESIAN_POINT ( 'NONE',  ( 1.773229098761205602, 1.324710612198607862, 5.282129637868074212 ) ) ;
#1825 = ORIENTED_EDGE ( 'NONE', *, *, #4474, .F. ) ;
#1826 = UNCERTAINTY_MEASURE_WITH_UNIT (LENGTH_MEASURE( 1.000000000000000082E-05 ), #1225, 'distance_accuracy_value', 'NONE');
#1827 = DIRECTION ( 'NONE',  ( 0.000000000000000000, 1.000000000000000000, 0.000000000000000000 ) ) ;
#1828 = FILL_AREA_STYLE ('',( #2981 ) ) ;
#1829 = DIRECTION ( 'NONE',  ( 0.000000000000000000, -2.710505431213761085E-16, 1.000000000000000000 ) ) ;
#1830 = CARTESIAN_POINT ( 'NONE',  ( -1.992280107539217360, 1.155763975769672269, 5.281819842904722506 ) ) ;
#1831 = CARTESIAN_POINT ( 'NONE',  ( 1.990688863854118029, 0.6804503679347460032, 5.991156040909065617 ) ) ;
#1832 = STYLED_ITEM ( 'NONE', ( #2169 ), #3847 ) ;
#1833 = CARTESIAN_POINT ( 'NONE',  ( -1.204095919636884560, 1.282189755461069502, 6.196337360474008626 ) ) ;
#1834 = PRESENTATION_STYLE_ASSIGNMENT (( #2615 ) ) ;
#1835 = CARTESIAN_POINT ( 'NONE',  ( 0.9166845138323239661, 0.9829456351090554156, 6.611333124368318437 ) ) ;
#1836 = CARTESIAN_POINT ( 'NONE',  ( 0.9700000000000003064, 0.1749999999999998501, 0.000000000000000000 ) ) ;
#1837 = CARTESIAN_POINT ( 'NONE',  ( -0.5782075472750762835, 0.09328042323336596664, 6.943267131254289737 ) ) ;
#1838 =( LENGTH_UNIT ( ) NAMED_UNIT ( * ) SI_UNIT ( .MILLI., .METRE. ) );
#1839 = CARTESIAN_POINT ( 'NONE',  ( 1.570000000000000284, 0.000000000000000000, -0.3000000000000000444 ) ) ;
#1840 = CARTESIAN_POINT ( 'NONE',  ( -1.162612411880526553, 1.344998556269872303, 6.131651803211476626 ) ) ;
#1841 = CARTESIAN_POINT ( 'NONE',  ( 0.1107939400843944017, 0.04641315522379064334, 6.998708146480269399 ) ) ;
#1842 = VERTEX_POINT ( 'NONE', #2789 ) ;
#1843 = MECHANICAL_DESIGN_GEOMETRIC_PRESENTATION_REPRESENTATION (  '', ( #973 ), #4579 ) ;
#1844 = CARTESIAN_POINT ( 'NONE',  ( -0.7634718282110500853, -1.767148412124945001, 6.999999999999935163 ) ) ;
#1845 = DIRECTION ( 'NONE',  ( -0.1946178362664815475, -0.9808791453624411405, -0.000000000000000000 ) ) ;
#1846 = CARTESIAN_POINT ( 'NONE',  ( 1.539012803568047261, -1.475735275804253455, 5.215432419104272022 ) ) ;
#1847 = ORIENTED_EDGE ( 'NONE', *, *, #4289, .T. ) ;
#1848 = EDGE_CURVE ( 'NONE', #1842, #371, #2740, .T. ) ;
#1849 = CARTESIAN_POINT ( 'NONE',  ( 0.9700000000000003064, 0.000000000000000000, -0.3000000000000000444 ) ) ;
#1850 = CARTESIAN_POINT ( 'NONE',  ( -0.7700000000000002398, -0.1750000000000001277, -0.5000000000000000000 ) ) ;
#1851 = STYLED_ITEM ( 'NONE', ( #168 ), #63 ) ;
#1852 = EDGE_CURVE ( 'NONE', #3117, #3675, #4511, .T. ) ;
#1853 = CARTESIAN_POINT ( 'NONE',  ( -2.443564844224467958, -0.5464336179800742821, 0.1499999999999999667 ) ) ;
#1854 = VERTEX_POINT ( 'NONE', #2839 ) ;
#1855 = CARTESIAN_POINT ( 'NONE',  ( 2.153074136446119002, -0.1366549910983208271, 5.985151244882652044 ) ) ;
#1856 = PRESENTATION_LAYER_ASSIGNMENT (  '', '', ( #3417 ) ) ;
#1857 =( LENGTH_UNIT ( ) NAMED_UNIT ( * ) SI_UNIT ( .MILLI., .METRE. ) );
#1858 =( NAMED_UNIT ( * ) SI_UNIT ( $, .STERADIAN. ) SOLID_ANGLE_UNIT ( ) );
#1859 = CARTESIAN_POINT ( 'NONE',  ( -1.843115600919120967, 0.5073431786391746634, 6.218218229020815890 ) ) ;
#1860 = VECTOR ( 'NONE', #420, 1000.000000000000000 ) ;
#1861 = LINE ( 'NONE', #4519, #979 ) ;
#1862 = CARTESIAN_POINT ( 'NONE',  ( 1.225616805277545796, 0.09130008927103493155, 6.708833746818634758 ) ) ;
#1863 = COLOUR_RGB ( '',1.000000000000000000, 0.000000000000000000, 0.000000000000000000 ) ;
#1864 = EDGE_LOOP ( 'NONE', ( #3894, #4190, #890, #848 ) ) ;
#1865 = CARTESIAN_POINT ( 'NONE',  ( -1.570000000000000284, 0.1749999999999999611, -0.3000000000000000444 ) ) ;
#1866 = CARTESIAN_POINT ( 'NONE',  ( -0.6559248602274404538, -0.7589378912394134646, 6.798806503272879276 ) ) ;
#1867 = SURFACE_SIDE_STYLE ('',( #4089 ) ) ;
#1868 = MECHANICAL_DESIGN_GEOMETRIC_PRESENTATION_REPRESENTATION (  '', ( #2563 ), #4195 ) ;
#1869 = AXIS2_PLACEMENT_3D ( 'NONE', #1849, #1445, #4807 ) ;
#1870 = CARTESIAN_POINT ( 'NONE',  ( 0.05740759030646017114, 0.02373356960214627678, 6.999999999999869438 ) ) ;
#1871 = ORIENTED_EDGE ( 'NONE', *, *, #636, .F. ) ;
#1872 = TOROIDAL_SURFACE ( 'NONE', #3278, 0.4000000000000000222, 0.2000000000000000111 ) ;
#1873 = DIRECTION ( 'NONE',  ( 0.000000000000000000, 0.000000000000000000, 1.000000000000000000 ) ) ;
#1874 = DIRECTION ( 'NONE',  ( 0.000000000000000000, 1.000000000000000000, 0.000000000000000000 ) ) ;
#1875 = CARTESIAN_POINT ( 'NONE',  ( 1.361739721099819445, -1.562922860130368186, 5.215282336811464248 ) ) ;
#1876 = AXIS2_PLACEMENT_3D ( 'NONE', #3990, #4301, #4676 ) ;
#1877 = STYLED_ITEM ( 'NONE', ( #858 ), #1750 ) ;
#1878 = CARTESIAN_POINT ( 'NONE',  ( -1.520000000000000018, 0.2500000000000000000, 0.000000000000000000 ) ) ;
#1879 =( LENGTH_UNIT ( ) NAMED_UNIT ( * ) SI_UNIT ( .MILLI., .METRE. ) );
#1880 = DIRECTION ( 'NONE',  ( -1.000000000000000000, 0.000000000000000000, 0.000000000000000000 ) ) ;
#1881 = CARTESIAN_POINT ( 'NONE',  ( 1.836705621724791460, -0.9233904806201627125, 5.994995200743673536 ) ) ;
#1882 = EDGE_CURVE ( 'NONE', #1821, #3675, #4714, .T. ) ;
#1883 = DIRECTION ( 'NONE',  ( -1.000000000000000000, 0.000000000000000000, 0.000000000000000000 ) ) ;
#1884 = CARTESIAN_POINT ( 'NONE',  ( -1.705414030467208741, -0.8771707157765233909, 6.168423020731773398 ) ) ;
#1885 = DIRECTION ( 'NONE',  ( 0.000000000000000000, 0.000000000000000000, 1.000000000000000000 ) ) ;
#1886 = CARTESIAN_POINT ( 'NONE',  ( 0.9763366937529556200, -1.120578948568690780, 6.475533294458298172 ) ) ;
#1887 = MECHANICAL_DESIGN_GEOMETRIC_PRESENTATION_REPRESENTATION (  '', ( #3985 ), #98 ) ;
#1888 = EDGE_CURVE ( 'NONE', #544, #2551, #2861, .T. ) ;
#1889 = DIRECTION ( 'NONE',  ( 0.000000000000000000, -2.710505431213761085E-16, 1.000000000000000000 ) ) ;
#1890 = CARTESIAN_POINT ( 'NONE',  ( -0.5766453932387561876, 0.6671045712277369200, 6.850334770600191803 ) ) ;
#1891 = SURFACE_STYLE_USAGE ( .BOTH. , #2596 ) ;
#1892 = CARTESIAN_POINT ( 'NONE',  ( 1.014426200790896626, -1.164341988707922049, 6.418927011072843136 ) ) ;
#1893 = CARTESIAN_POINT ( 'NONE',  ( 1.770000000000000240, 0.5749999999999999556, -0.1999999999999999833 ) ) ;
#1894 = CARTESIAN_POINT ( 'NONE',  ( 4.686308437449692685E-06, 0.000000000000000000, 6.999999999999999112 ) ) ;
#1895 = CIRCLE ( 'NONE', #4629, 0.1999999999999999833 ) ;
#1896 = ORIENTED_EDGE ( 'NONE', *, *, #3926, .T. ) ;
#1897 = PLANE ( 'NONE',  #4539 ) ;
#1898 = CARTESIAN_POINT ( 'NONE',  ( 1.703292944599773762, -1.376350083554864767, 5.232423683844792173 ) ) ;
#1899 = ORIENTED_EDGE ( 'NONE', *, *, #1306, .T. ) ;
#1900 =( NAMED_UNIT ( * ) PLANE_ANGLE_UNIT ( ) SI_UNIT ( $, .RADIAN. ) );
#1901 = DIRECTION ( 'NONE',  ( 0.000000000000000000, 4.472333961502705790E-15, -1.000000000000000000 ) ) ;
#1902 = CARTESIAN_POINT ( 'NONE',  ( 1.960178092502392388, -1.136705658978254041, 5.482872209671544539 ) ) ;
#1903 = EDGE_LOOP ( 'NONE', ( #4307, #1801, #2896, #563 ) ) ;
#1904 = CARTESIAN_POINT ( 'NONE',  ( -2.115316388858297536, -1.221343110512638441, 5.149999999834290243 ) ) ;
#1905 = CARTESIAN_POINT ( 'NONE',  ( -1.533418641924239267, -1.179320103828411348, 6.050791429534674748 ) ) ;
#1906 = CARTESIAN_POINT ( 'NONE',  ( 1.567466599935523508, -0.8159097261211852858, 6.329119216313891627 ) ) ;
#1907 = CIRCLE ( 'NONE', #3005, 0.1999999999999999833 ) ;
#1908 = VECTOR ( 'NONE', #2000, 1000.000000000000000 ) ;
#1909 = CARTESIAN_POINT ( 'NONE',  ( -0.6597307149198377019, 0.5867463342495561340, 6.864666164627343470 ) ) ;
#1910 = EDGE_CURVE ( 'NONE', #1623, #2111, #4319, .T. ) ;
#1911 = CARTESIAN_POINT ( 'NONE',  ( 1.254545203210815307, -1.439891154084197877, 5.896353383045877194 ) ) ;
#1912 = CARTESIAN_POINT ( 'NONE',  ( -1.335944364986574762, 1.545522962400496247, 5.474963413074580565 ) ) ;
#1913 = CARTESIAN_POINT ( 'NONE',  ( 0.05257095754024194295, 0.03627814469897010924, 6.999999999999854339 ) ) ;
#1914 = COLOUR_RGB ( '',1.000000000000000000, 0.000000000000000000, 0.000000000000000000 ) ;
#1915 = CARTESIAN_POINT ( 'NONE',  ( -1.239381291744839908, -1.620924527340560584, 5.150000000000219735 ) ) ;
#1916 =( NAMED_UNIT ( * ) PLANE_ANGLE_UNIT ( ) SI_UNIT ( $, .RADIAN. ) );
#1917 = DIRECTION ( 'NONE',  ( -0.000000000000000000, 0.000000000000000000, 1.000000000000000000 ) ) ;
#1918 = CARTESIAN_POINT ( 'NONE',  ( -2.511383860430603132, 0.3106719933856273985, 5.280909220288272365 ) ) ;
#1919 = DIRECTION ( 'NONE',  ( -1.000000000000000000, 0.000000000000000000, 0.000000000000000000 ) ) ;
#1920 = ORIENTED_EDGE ( 'NONE', *, *, #1999, .F. ) ;
#1921 = CARTESIAN_POINT ( 'NONE',  ( -1.570000000000000284, -0.1750000000000000722, -0.1999999999999999833 ) ) ;
#1922 = DIRECTION ( 'NONE',  ( 0.000000000000000000, 0.000000000000000000, -1.000000000000000000 ) ) ;
#1923 = CARTESIAN_POINT ( 'NONE',  ( 1.344909408589995525, 1.552757187037227649, 5.410564756047899770 ) ) ;
#1924 = ORIENTED_EDGE ( 'NONE', *, *, #3999, .T. ) ;
#1925 = SURFACE_STYLE_FILL_AREA ( #4170 ) ;
#1926 = FACE_OUTER_BOUND ( 'NONE', #717, .T. ) ;
#1927 = CARTESIAN_POINT ( 'NONE',  ( -1.438407329830105885, 1.398836656950011026, 5.801281146766849695 ) ) ;
#1928 = CARTESIAN_POINT ( 'NONE',  ( 1.570000000000000284, -0.3750000000000000555, -0.1999999999999999833 ) ) ;
#1929 = CARTESIAN_POINT ( 'NONE',  ( 1.520000000000000018, 0.2500000000000000000, 0.000000000000000000 ) ) ;
#1930 = CARTESIAN_POINT ( 'NONE',  ( -1.354476400533462188, -1.567202741319690729, 5.182607543740926026 ) ) ;
#1931 = CARTESIAN_POINT ( 'NONE',  ( 1.317138509849348660, 1.034090722069193724, 6.371326620752193470 ) ) ;
#1932 = MECHANICAL_DESIGN_GEOMETRIC_PRESENTATION_REPRESENTATION (  '', ( #3560 ), #1372 ) ;
#1933 = CARTESIAN_POINT ( 'NONE',  ( -0.9700000000000003064, -0.1750000000000001277, 0.000000000000000000 ) ) ;
#1934 = CARTESIAN_POINT ( 'NONE',  ( -1.198793584667696033, -0.6573370782841511106, 6.640361589289766719 ) ) ;
#1935 = CARTESIAN_POINT ( 'NONE',  ( -2.127158048428655857, -0.7934272352286518837, -2.710505431213761085E-17 ) ) ;
#1936 = CARTESIAN_POINT ( 'NONE',  ( 0.2737631984483289704, 0.1149569709409784396, 6.987606125683835323 ) ) ;
#1937 = COLOUR_RGB ( '',1.000000000000000000, 0.000000000000000000, 0.000000000000000000 ) ;
#1938 = ADVANCED_FACE ( 'NONE', ( #179 ), #988, .T. ) ;
#1939 = FILL_AREA_STYLE_COLOUR ( '', #3223 ) ;
#1940 = CARTESIAN_POINT ( 'NONE',  ( -0.1796853914751952996, 0.1840992070840172523, 6.990404432979749672 ) ) ;
#1941 =( GEOMETRIC_REPRESENTATION_CONTEXT ( 3 ) GLOBAL_UNCERTAINTY_ASSIGNED_CONTEXT ( ( #4018 ) ) GLOBAL_UNIT_ASSIGNED_CONTEXT ( ( #2023, #913, #2803 ) ) REPRESENTATION_CONTEXT ( 'NONE', 'WORKASPACE' ) );
#1942 = ORIENTED_EDGE ( 'NONE', *, *, #2325, .F. ) ;
#1943 = CARTESIAN_POINT ( 'NONE',  ( -2.511354302411386019, -0.3107979009185832808, 5.280908919791109213 ) ) ;
#1944 = FILL_AREA_STYLE ('',( #932 ) ) ;
#1945 = CARTESIAN_POINT ( 'NONE',  ( 2.496475182562855721, -0.4022336201720619342, 0.1499999999999999944 ) ) ;
#1946 = AXIS2_PLACEMENT_3D ( 'NONE', #1543, #3276, #2674 ) ;
#1947 = PRESENTATION_LAYER_ASSIGNMENT (  '', '', ( #2344 ) ) ;
#1948 = CARTESIAN_POINT ( 'NONE',  ( 1.337877594294790473, 1.544638619228200449, 5.475020373359908987 ) ) ;
#1949 = ORIENTED_EDGE ( 'NONE', *, *, #2118, .T. ) ;
#1950 = CIRCLE ( 'NONE', #4059, 0.1999999999999999833 ) ;
#1951 = FACE_OUTER_BOUND ( 'NONE', #314, .T. ) ;
#1952 = CARTESIAN_POINT ( 'NONE',  ( -2.267617770960257850, 0.5883462375218547757, 5.675946009051394903 ) ) ;
#1953 =( NAMED_UNIT ( * ) PLANE_ANGLE_UNIT ( ) SI_UNIT ( $, .RADIAN. ) );
#1954 = CARTESIAN_POINT ( 'NONE',  ( -1.335797442817825864, -1.545590098463797357, 5.474959086319421075 ) ) ;
#1955 = CARTESIAN_POINT ( 'NONE',  ( 1.554998861683278610, -0.4422560953019065710, 6.469870531235572209 ) ) ;
#1956 = DIRECTION ( 'NONE',  ( 0.000000000000000000, -0.000000000000000000, -1.000000000000000000 ) ) ;
#1957 = CARTESIAN_POINT ( 'NONE',  ( -0.8039683153515397862, -0.9302327981397191525, 6.674586736392599029 ) ) ;
#1958 = DIRECTION ( 'NONE',  ( 1.000000000000000000, 0.000000000000000000, 0.000000000000000000 ) ) ;
#1959 = CARTESIAN_POINT ( 'NONE',  ( -2.238735772061827500, 0.8945332397648297906, 0.1499999999999999389 ) ) ;
#1960 = SURFACE_STYLE_FILL_AREA ( #4245 ) ;
#1961 = CARTESIAN_POINT ( 'NONE',  ( 0.4603581647459707438, -0.03672142958379770450, 6.966584099417002740 ) ) ;
#1962 = EDGE_LOOP ( 'NONE', ( #3592, #2217, #866, #2881 ) ) ;
#1963 = MECHANICAL_DESIGN_GEOMETRIC_PRESENTATION_REPRESENTATION (  '', ( #2357 ), #1649 ) ;
#1964 =( NAMED_UNIT ( * ) SI_UNIT ( $, .STERADIAN. ) SOLID_ANGLE_UNIT ( ) );
#1965 = CARTESIAN_POINT ( 'NONE',  ( -0.05847656394925161011, -0.01915100353541124636, 6.999999999999873879 ) ) ;
#1966 = CARTESIAN_POINT ( 'NONE',  ( 2.553899402545197983, -0.1128139709081070335, -2.710505431213761085E-17 ) ) ;
#1967 = ORIENTED_EDGE ( 'NONE', *, *, #1630, .T. ) ;
#1968 = CARTESIAN_POINT ( 'NONE',  ( -1.777598835785803022, -1.328330457121675634, 5.182652639244341053 ) ) ;
#1969 =( NAMED_UNIT ( * ) SI_UNIT ( $, .STERADIAN. ) SOLID_ANGLE_UNIT ( ) );
#1970 = ADVANCED_FACE ( 'NONE', ( #3708 ), #4791, .T. ) ;
#1971 = CARTESIAN_POINT ( 'NONE',  ( 0.7700000000000002398, 0.1749999999999998779, -0.5000000000000000000 ) ) ;
#1972 = VERTEX_POINT ( 'NONE', #3734 ) ;
#1973 = AXIS2_PLACEMENT_3D ( 'NONE', #4279, #4677, #258 ) ;
#1974 = CYLINDRICAL_SURFACE ( 'NONE', #3447, 0.1999999999999999833 ) ;
#1975 = FILL_AREA_STYLE ('',( #2064 ) ) ;
#1976 = SURFACE_SIDE_STYLE ('',( #3107 ) ) ;
#1977 = CARTESIAN_POINT ( 'NONE',  ( 2.506101016289465022, -0.1513148819110867738, 5.412380271842269330 ) ) ;
#1978 = VERTEX_POINT ( 'NONE', #700 ) ;
#1979 = CARTESIAN_POINT ( 'NONE',  ( 2.003952004695008338, -1.154555118492440524, 5.149999999834289355 ) ) ;
#1980 = CARTESIAN_POINT ( 'NONE',  ( -2.051019009911676960, 0.5485414926482400366, 5.988562938226916543 ) ) ;
#1981 = FACE_OUTER_BOUND ( 'NONE', #2647, .T. ) ;
#1982 = CARTESIAN_POINT ( 'NONE',  ( 1.103786758026909620, 1.092545872683662989, 6.449085219179404582 ) ) ;
#1983 = FILL_AREA_STYLE_COLOUR ( '', #4793 ) ;
#1984 = CARTESIAN_POINT ( 'NONE',  ( -1.216148406655183312, -0.1804180636187390774, 6.708796256356563070 ) ) ;
#1985 = CIRCLE ( 'NONE', #4163, 0.4000000000000000777 ) ;
#1986 = CARTESIAN_POINT ( 'NONE',  ( 1.217208538461199030, 1.638852041547346650, 0.1499999999999999112 ) ) ;
#1987 = CARTESIAN_POINT ( 'NONE',  ( -1.354775234658087024, 1.567308033704384318, 5.166295715537748912 ) ) ;
#1988 = CARTESIAN_POINT ( 'NONE',  ( 0.4578381480127950431, 0.07508596570121471581, 6.966583009494877743 ) ) ;
#1989 = COLOUR_RGB ( '',1.000000000000000000, 0.000000000000000000, 0.000000000000000000 ) ;
#1990 = DIRECTION ( 'NONE',  ( 1.084202172485504434E-16, 1.000000000000000000, 0.000000000000000000 ) ) ;
#1991 = CARTESIAN_POINT ( 'NONE',  ( -4.671608575681286983E-06, 0.000000000000000000, 6.999999999999999112 ) ) ;
#1992 = SURFACE_STYLE_FILL_AREA ( #1539 ) ;
#1993 = CARTESIAN_POINT ( 'NONE',  ( -1.531983005923987617, -1.479589631369084612, 5.215388599263599545 ) ) ;
#1994 = CARTESIAN_POINT ( 'NONE',  ( 2.350182066810524439, -0.3688135916011012205, -2.006177025403371250E-33 ) ) ;
#1995 = DIRECTION ( 'NONE',  ( 1.000000000000000000, 0.000000000000000000, 0.000000000000000000 ) ) ;
#1996 = ORIENTED_EDGE ( 'NONE', *, *, #2270, .F. ) ;
#1997 = STYLED_ITEM ( 'NONE', ( #2677 ), #4117 ) ;
#1999 = EDGE_CURVE ( 'NONE', #310, #3418, #2180, .T. ) ;
#1998 = STYLED_ITEM ( 'NONE', ( #678 ), #4444 ) ;
#2000 = DIRECTION ( 'NONE',  ( 1.000000000000000000, -1.084202172485504434E-16, 0.000000000000000000 ) ) ;
#2001 = DIRECTION ( 'NONE',  ( 0.000000000000000000, 0.000000000000000000, 1.000000000000000000 ) ) ;
#2002 = EDGE_LOOP ( 'NONE', ( #1920, #2522, #2759, #3245 ) ) ;
#2003 = EDGE_CURVE ( 'NONE', #4514, #1104, #4368, .T. ) ;
#2004 = CARTESIAN_POINT ( 'NONE',  ( 2.519372437856632896, 0.3131360639473891871, 5.215359371067656014 ) ) ;
#2005 = CARTESIAN_POINT ( 'NONE',  ( -2.267562208133582669, -0.5884610114961612570, 5.675942859437183685 ) ) ;
#2006 =( LENGTH_UNIT ( ) NAMED_UNIT ( * ) SI_UNIT ( .MILLI., .METRE. ) );
#2007 =( NAMED_UNIT ( * ) PLANE_ANGLE_UNIT ( ) SI_UNIT ( $, .RADIAN. ) );
#2008 =( NAMED_UNIT ( * ) SI_UNIT ( $, .STERADIAN. ) SOLID_ANGLE_UNIT ( ) );
#2009 = CARTESIAN_POINT ( 'NONE',  ( 1.629059835351110097, 0.5848241160891460844, 6.376615774419975402 ) ) ;
#2010 = CARTESIAN_POINT ( 'NONE',  ( -1.191030974870769477, 0.9472579727823350337, 6.508447252345874290 ) ) ;
#2011 = PRESENTATION_LAYER_ASSIGNMENT (  '', '', ( #3493 ) ) ;
#2012 = CARTESIAN_POINT ( 'NONE',  ( -2.549999999999997158, 0.6513368192122593880, 5.149999999834290243 ) ) ;
#2013 = DIRECTION ( 'NONE',  ( 0.000000000000000000, 0.000000000000000000, -1.000000000000000000 ) ) ;
#2014 = CARTESIAN_POINT ( 'NONE',  ( 0.2368239877937175220, -0.2131015156014434142, 6.985510756816202260 ) ) ;
#2015 = DIRECTION ( 'NONE',  ( -0.000000000000000000, 0.000000000000000000, 1.000000000000000000 ) ) ;
#2016 = CARTESIAN_POINT ( 'NONE',  ( -0.1106899413761174983, -0.04638861390393123757, 6.998701526746385682 ) ) ;
#2017 = SURFACE_SIDE_STYLE ('',( #1992 ) ) ;
#2018 = CARTESIAN_POINT ( 'NONE',  ( -2.547035666644500207, -0.1557681310673442177, 5.215321089338793570 ) ) ;
#2019 = EDGE_LOOP ( 'NONE', ( #1349, #2362, #1006, #1996 ) ) ;
#2020 = STYLED_ITEM ( 'NONE', ( #3322 ), #1358 ) ;
#2021 = DIRECTION ( 'NONE',  ( -0.000000000000000000, -0.000000000000000000, -1.000000000000000000 ) ) ;
#2022 = ORIENTED_EDGE ( 'NONE', *, *, #4174, .F. ) ;
#2023 =( LENGTH_UNIT ( ) NAMED_UNIT ( * ) SI_UNIT ( .MILLI., .METRE. ) );
#2024 = MECHANICAL_DESIGN_GEOMETRIC_PRESENTATION_REPRESENTATION (  '', ( #529 ), #3654 ) ;
#2025 = CARTESIAN_POINT ( 'NONE',  ( 2.127232962258848836, 1.031957585755865381, 5.166299749312416978 ) ) ;
#2026 = CARTESIAN_POINT ( 'NONE',  ( -1.756208576507838348, -1.316192700805484561, 5.416023756471581407 ) ) ;
#2027 = SURFACE_SIDE_STYLE ('',( #2392 ) ) ;
#2028 =( NAMED_UNIT ( * ) PLANE_ANGLE_UNIT ( ) SI_UNIT ( $, .RADIAN. ) );
#2029 = EDGE_CURVE ( 'NONE', #1972, #1420, #684, .T. ) ;
#2030 = CARTESIAN_POINT ( 'NONE',  ( 2.099164129487969710, 0.1384556916953507133, 6.044520082978898756 ) ) ;
#2031 = AXIS2_PLACEMENT_3D ( 'NONE', #3199, #1764, #628 ) ;
#2032 = CARTESIAN_POINT ( 'NONE',  ( -1.347490130091401062, 0.1961958469352155510, 6.637032480778008114 ) ) ;
#2033 = DIRECTION ( 'NONE',  ( -1.000000000000000000, 0.000000000000000000, 0.000000000000000000 ) ) ;
#2034 =( NAMED_UNIT ( * ) SI_UNIT ( $, .STERADIAN. ) SOLID_ANGLE_UNIT ( ) );
#2035 = UNCERTAINTY_MEASURE_WITH_UNIT (LENGTH_MEASURE( 1.000000000000000082E-05 ), #132, 'distance_accuracy_value', 'NONE');
#2036 = ADVANCED_FACE ( 'NONE', ( #2910 ), #4389, .T. ) ;
#2037 = CARTESIAN_POINT ( 'NONE',  ( 0.2253384650387448562, -0.2290736903944033953, 6.984517343957988622 ) ) ;
#2038 = SURFACE_STYLE_FILL_AREA ( #3795 ) ;
#2039 = CARTESIAN_POINT ( 'NONE',  ( -0.1124989983069517585, -0.03737578039455616286, 6.998718120621918004 ) ) ;
#2040 = CARTESIAN_POINT ( 'NONE',  ( 0.07686228113099265180, 0.08873578979496815622, 7.000000000000000000 ) ) ;
#2041 = CARTESIAN_POINT ( 'NONE',  ( -2.126896691703166198, 1.031772586663471492, 5.182650063257600692 ) ) ;
#2042 = PRESENTATION_STYLE_ASSIGNMENT (( #472 ) ) ;
#2043 =( GEOMETRIC_REPRESENTATION_CONTEXT ( 3 ) GLOBAL_UNCERTAINTY_ASSIGNED_CONTEXT ( ( #2652 ) ) GLOBAL_UNIT_ASSIGNED_CONTEXT ( ( #2655, #1158, #4141 ) ) REPRESENTATION_CONTEXT ( 'NONE', 'WORKASPACE' ) );
#2044 = DIRECTION ( 'NONE',  ( -1.000000000000000000, 0.000000000000000000, 0.000000000000000000 ) ) ;
#2045 = ORIENTED_EDGE ( 'NONE', *, *, #611, .T. ) ;
#2046 = MECHANICAL_DESIGN_GEOMETRIC_PRESENTATION_REPRESENTATION (  '', ( #2904 ), #4224 ) ;
#2047 = CARTESIAN_POINT ( 'NONE',  ( 1.947039000020102328, -1.200309915815578998, 0.1499999999999999944 ) ) ;
#2048 = ORIENTED_EDGE ( 'NONE', *, *, #1882, .F. ) ;
#2049 = CARTESIAN_POINT ( 'NONE',  ( 2.522820939273644480, -0.3084389152899569275, 5.182640749916430423 ) ) ;
#2050 = CARTESIAN_POINT ( 'NONE',  ( -2.053734772040876955, -1.104365362939834005, 0.1499999999999999667 ) ) ;
#2051 = CARTESIAN_POINT ( 'NONE',  ( -1.955746748001775170, 1.140741599118574090, 5.482633098926180004 ) ) ;
#2052 = CARTESIAN_POINT ( 'NONE',  ( -2.376967938778096645, 0.2338113465603916807, -2.710505431213761085E-17 ) ) ;
#2053 = CARTESIAN_POINT ( 'NONE',  ( 1.897799766086007978, 0.5192876996302089321, 6.163384216009492711 ) ) ;
#2054 = ADVANCED_FACE ( 'NONE', ( #1981 ), #2295, .T. ) ;
#2055 = CARTESIAN_POINT ( 'NONE',  ( -1.628650628621630236, -0.5844241563371317394, 6.376153391589036268 ) ) ;
#2056 = CARTESIAN_POINT ( 'NONE',  ( -0.7700000000000002398, 0.1749999999999998779, -0.5000000000000000000 ) ) ;
#2057 = CARTESIAN_POINT ( 'NONE',  ( 0.5788370396006978780, 0.09375913478969263859, 6.943483793385951230 ) ) ;
#2058 = CARTESIAN_POINT ( 'NONE',  ( 1.241553797126397463, 1.620050569003543606, 6.999999999999498179 ) ) ;
#2059 = AXIS2_PLACEMENT_3D ( 'NONE', #3361, #1117, #4767 ) ;
#2060 = CARTESIAN_POINT ( 'NONE',  ( -0.2103827847049938582, 0.2433823968175648778, 6.983108731905450561 ) ) ;
#2061 = CARTESIAN_POINT ( 'NONE',  ( 1.278893557694960270, 1.450789277210626116, -5.421010862427522170E-17 ) ) ;
#2062 = CARTESIAN_POINT ( 'NONE',  ( -2.332671790066347839, -0.7588107407483964950, 5.215425555136797620 ) ) ;
#2063 = CARTESIAN_POINT ( 'NONE',  ( 1.245054203542970361, -1.618812649854983521, 7.000000000000177636 ) ) ;
#2064 = FILL_AREA_STYLE_COLOUR ( '', #4321 ) ;
#2065 = ORIENTED_EDGE ( 'NONE', *, *, #208, .T. ) ;
#2066 = CIRCLE ( 'NONE', #2528, 0.1999999999999999833 ) ;
#2067 = VECTOR ( 'NONE', #2466, 1000.000000000000000 ) ;
#2068 =( NAMED_UNIT ( * ) SI_UNIT ( $, .STERADIAN. ) SOLID_ANGLE_UNIT ( ) );
#2069 = CARTESIAN_POINT ( 'NONE',  ( -2.557756733115561065, -0.04380341949548270664, 1.774670995928311911E-15 ) ) ;
#2070 = VERTEX_POINT ( 'NONE', #54 ) ;
#2071 = CARTESIAN_POINT ( 'NONE',  ( -1.432291706520164354, 1.512604799348546747, 5.414582885298270476 ) ) ;
#2072 = CARTESIAN_POINT ( 'NONE',  ( 1.523306245542693116, 1.330127691518767641, -2.710505431213761085E-17 ) ) ;
#2073 = CARTESIAN_POINT ( 'NONE',  ( 2.001629853039661899, 0.5399307916285495113, 6.048514187173924306 ) ) ;
#2074 = PRODUCT_DEFINITION_FORMATION_WITH_SPECIFIED_SOURCE ( 'ANY', '', #2618, .NOT_KNOWN. ) ;
#2075 = CARTESIAN_POINT ( 'NONE',  ( -1.316164767547987058, -1.034640640254223198, 6.371112935664360322 ) ) ;
#2076 = CARTESIAN_POINT ( 'NONE',  ( 0.6799294366209974738, -0.5616129092746148244, 6.867253312147071576 ) ) ;
#2077 = EDGE_CURVE ( 'NONE', #1009, #2292, #1624, .T. ) ;
#2078 = CARTESIAN_POINT ( 'NONE',  ( 1.520000000000000018, -0.2500000000000000000, -24.99999999999999645 ) ) ;
#2079 = CARTESIAN_POINT ( 'NONE',  ( -0.2833927842241891759, -0.04677895414068088814, 6.987719484908583745 ) ) ;
#2080 = DIRECTION ( 'NONE',  ( -0.000000000000000000, 1.000000000000000000, -0.000000000000000000 ) ) ;
#2081 = CARTESIAN_POINT ( 'NONE',  ( 1.770000000000000240, -0.1750000000000000722, -0.1999999999999999833 ) ) ;
#2082 = DIRECTION ( 'NONE',  ( 0.000000000000000000, 0.000000000000000000, -1.000000000000000000 ) ) ;
#2083 = PRESENTATION_STYLE_ASSIGNMENT (( #2825 ) ) ;
#2084 = EDGE_CURVE ( 'NONE', #3388, #4800, #4355, .T. ) ;
#2085 =( NAMED_UNIT ( * ) PLANE_ANGLE_UNIT ( ) SI_UNIT ( $, .RADIAN. ) );
#2086 = STYLED_ITEM ( 'NONE', ( #2855 ), #915 ) ;
#2087 = VERTEX_POINT ( 'NONE', #2273 ) ;
#2088 =( GEOMETRIC_REPRESENTATION_CONTEXT ( 3 ) GLOBAL_UNCERTAINTY_ASSIGNED_CONTEXT ( ( #3491 ) ) GLOBAL_UNIT_ASSIGNED_CONTEXT ( ( #2279, #3042, #2034 ) ) REPRESENTATION_CONTEXT ( 'NONE', 'WORKASPACE' ) );
#2089 = AXIS2_PLACEMENT_3D ( 'NONE', #3296, #660, #4757 ) ;
#2090 = CARTESIAN_POINT ( 'NONE',  ( 1.897353801849635225E-17, -0.2500000000000000000, -0.4854049621773917078 ) ) ;
#2091 = LINE ( 'NONE', #4705, #3698 ) ;
#2092 = CARTESIAN_POINT ( 'NONE',  ( 1.533398022264709004, -1.482407349218493930, 0.1499999999999999667 ) ) ;
#2093 = AXIS2_PLACEMENT_3D ( 'NONE', #4217, #2711, #1192 ) ;
#2094 = ORIENTED_EDGE ( 'NONE', *, *, #2754, .T. ) ;
#2095 = CARTESIAN_POINT ( 'NONE',  ( -2.275975858417076836, -0.7466407338113284498, 5.479908508991803373 ) ) ;
#2096 = SURFACE_STYLE_USAGE ( .BOTH. , #2027 ) ;
#2097 = CARTESIAN_POINT ( 'NONE',  ( 1.578026770595135408, 0.9662710862859900107, 6.224511562193161041 ) ) ;
#2098 = CARTESIAN_POINT ( 'NONE',  ( -1.117857810795901186, 1.193658107814099978, 6.347491374973195377 ) ) ;
#2099 = CARTESIAN_POINT ( 'NONE',  ( 2.547803887271177459, -0.08850003977050571735, 0.1499999999999999389 ) ) ;
#2100 = COLOUR_RGB ( '',1.000000000000000000, 0.000000000000000000, 0.000000000000000000 ) ;
#2101 = CARTESIAN_POINT ( 'NONE',  ( 0.7940740875217106032, -0.3158005362497360857, 6.874601047109314855 ) ) ;
#2102 = DIRECTION ( 'NONE',  ( 1.000000000000000000, -1.084202172485504434E-16, 0.000000000000000000 ) ) ;
#2103 = CARTESIAN_POINT ( 'NONE',  ( 0.4319964607703221104, 1.830866737891101215, 5.150000000000263256 ) ) ;
#2104 = CARTESIAN_POINT ( 'NONE',  ( -0.3573664171077267082, 0.3655540209223729908, 6.959548692820536786 ) ) ;
#2105 = CARTESIAN_POINT ( 'NONE',  ( -1.147431138290467167, 1.667158250609121373, 0.1499999999999999667 ) ) ;
#2106 = CARTESIAN_POINT ( 'NONE',  ( -2.415304746638740951, -0.6134284991167907597, 5.149999999834290243 ) ) ;
#2107 = CARTESIAN_POINT ( 'NONE',  ( 0.03481874228495074330, -1.710515678588566235, -2.710505431213761085E-17 ) ) ;
#2108 = ORIENTED_EDGE ( 'NONE', *, *, #293, .T. ) ;
#2109 = LINE ( 'NONE', #3641, #2200 ) ;
#2110 = CARTESIAN_POINT ( 'NONE',  ( -2.532606157255075985, 0.2200238178906200603, 0.1499999999999999667 ) ) ;
#2111 = VERTEX_POINT ( 'NONE', #3760 ) ;
#2112 = EDGE_CURVE ( 'NONE', #2557, #1623, #1166, .T. ) ;
#2113 = PRESENTATION_STYLE_ASSIGNMENT (( #3244 ) ) ;
#2114 = FILL_AREA_STYLE_COLOUR ( '', #2706 ) ;
#2115 = CARTESIAN_POINT ( 'NONE',  ( -0.9700000000000003064, -0.1750000000000001277, -0.5000000000000000000 ) ) ;
#2116 = VECTOR ( 'NONE', #1596, 1000.000000000000000 ) ;
#2117 = CARTESIAN_POINT ( 'NONE',  ( 2.549999999999999378, -2.168404344971008868E-16, 0.1499999999999999667 ) ) ;
#2118 = EDGE_CURVE ( 'NONE', #3046, #2121, #3473, .T. ) ;
#2119 = CARTESIAN_POINT ( 'NONE',  ( -0.4996050882159939199, -1.665340670358606223, -2.710505431213761085E-17 ) ) ;
#2120 =( BOUNDED_CURVE ( )  B_SPLINE_CURVE ( 3, ( #86, #2012, #3838, #1558 ),
 .UNSPECIFIED., .F., .T. ) 
 B_SPLINE_CURVE_WITH_KNOTS ( ( 4, 4 ),
 ( 0.5000170800727192777, 1.000000000000000000 ),
 .UNSPECIFIED. ) 
 CURVE ( )  GEOMETRIC_REPRESENTATION_ITEM ( )  RATIONAL_B_SPLINE_CURVE ( ( 1.000000000000000000, 0.9166732201057181673, 0.9166732201057181673, 1.000000000000000000 ) ) 
 REPRESENTATION_ITEM ( '' )  );
#2121 = VERTEX_POINT ( 'NONE', #504 ) ;
#2122 = CARTESIAN_POINT ( 'NONE',  ( -2.352371582629453339, -0.6030061908792717640, 5.479174234737403282 ) ) ;
#2123 = CARTESIAN_POINT ( 'NONE',  ( 1.299595596662715291, -1.265860514682274340, 6.150960653655725530 ) ) ;
#2124 = STYLED_ITEM ( 'NONE', ( #4429 ), #3204 ) ;
#2125 = CARTESIAN_POINT ( 'NONE',  ( -1.514395550282159331, 0.7980505283731317290, 6.378233751500944848 ) ) ;
#2126 = CARTESIAN_POINT ( 'NONE',  ( 2.549999999999999378, -2.168404344971008868E-16, 0.1499999999999999667 ) ) ;
#2127 = CARTESIAN_POINT ( 'NONE',  ( 0.9575631073834351970, -0.1455881311265549705, 6.827595185722680426 ) ) ;
#2128 = CARTESIAN_POINT ( 'NONE',  ( -1.109562490842586513, 1.681149574127829949, 7.000000000000040856 ) ) ;
#2129 = CARTESIAN_POINT ( 'NONE',  ( -0.4573075935433709716, -0.07472816521446341842, 6.966437980367255811 ) ) ;
#2130 = CARTESIAN_POINT ( 'NONE',  ( 1.600548211610769656, 1.460119662720473110, 0.1499999999999999667 ) ) ;
#2131 = CARTESIAN_POINT ( 'NONE',  ( -1.999381441667648307, -1.158765463613340652, 5.149999999834290243 ) ) ;
#2132 =( LENGTH_UNIT ( ) NAMED_UNIT ( * ) SI_UNIT ( .MILLI., .METRE. ) );
#2133 = FILL_AREA_STYLE_COLOUR ( '', #3055 ) ;
#2134 = ORIENTED_EDGE ( 'NONE', *, *, #1213, .F. ) ;
#2135 = ORIENTED_EDGE ( 'NONE', *, *, #2148, .F. ) ;
#2136 = DIRECTION ( 'NONE',  ( 1.000000000000000000, 0.000000000000000000, 0.000000000000000000 ) ) ;
#2137 = CARTESIAN_POINT ( 'NONE',  ( 0.7700000000000002398, -0.1750000000000001277, -0.3000000000000000444 ) ) ;
#2138 = FILL_AREA_STYLE ('',( #1693 ) ) ;
#2139 = ORIENTED_EDGE ( 'NONE', *, *, #94, .F. ) ;
#2140 = ORIENTED_EDGE ( 'NONE', *, *, #3403, .F. ) ;
#2141 = PLANE ( 'NONE',  #3190 ) ;
#2142 = ADVANCED_FACE ( 'NONE', ( #4542 ), #3087, .F. ) ;
#2143 = DIRECTION ( 'NONE',  ( -1.000000000000000000, 1.084202172485504434E-16, 0.000000000000000000 ) ) ;
#2144 = CARTESIAN_POINT ( 'NONE',  ( 2.181583133378000472, -0.7440435739376981550, -2.710505431213761085E-17 ) ) ;
#2145 = CARTESIAN_POINT ( 'NONE',  ( -1.776598103630738112, 1.327611686500242971, 5.215638618209152533 ) ) ;
#2146 = CARTESIAN_POINT ( 'NONE',  ( 1.315612182563126176, -1.509980266588520914, 5.664854749405805912 ) ) ;
#2147 = AXIS2_PLACEMENT_3D ( 'NONE', #1106, #451, #4459 ) ;
#2148 = EDGE_CURVE ( 'NONE', #1854, #3675, #923, .T. ) ;
#2149 = PRESENTATION_STYLE_ASSIGNMENT (( #643 ) ) ;
#2150 = STYLED_ITEM ( 'NONE', ( #634 ), #4282 ) ;
#2151 = CARTESIAN_POINT ( 'NONE',  ( -1.316260372870271311, 1.034571345071813697, 6.371126052421749897 ) ) ;
#2152 = DIRECTION ( 'NONE',  ( 0.000000000000000000, 0.000000000000000000, 1.000000000000000000 ) ) ;
#2153 = CARTESIAN_POINT ( 'NONE',  ( 0.9154230089536639081, -0.3586216659329726220, 6.828706332541072399 ) ) ;
#2154 = CARTESIAN_POINT ( 'NONE',  ( -0.3466106288065580743, -0.3770862031633592237, 6.958134335142670324 ) ) ;
#2155 = CARTESIAN_POINT ( 'NONE',  ( 1.315118464964668776, 1.518358533344637218, 5.681107067821751677 ) ) ;
#2156 = LINE ( 'NONE', #579, #4100 ) ;
#2157 = FILL_AREA_STYLE_COLOUR ( '', #2258 ) ;
#2158 = CARTESIAN_POINT ( 'NONE',  ( 4.686308437449692685E-06, 0.000000000000000000, 6.999999999999999112 ) ) ;
#2159 = UNCERTAINTY_MEASURE_WITH_UNIT (LENGTH_MEASURE( 1.000000000000000082E-05 ), #2573, 'distance_accuracy_value', 'NONE');
#2160 = EDGE_LOOP ( 'NONE', ( #1161, #3616, #4554, #478, #1284, #935 ) ) ;
#2161 = VERTEX_POINT ( 'NONE', #3922 ) ;
#2162 = CARTESIAN_POINT ( 'NONE',  ( 1.020000000000000018, -0.2500000000000000000, 0.000000000000000000 ) ) ;
#2163 = CARTESIAN_POINT ( 'NONE',  ( -2.549999999999998046, 0.04432376162507409290, 0.1499999999999999667 ) ) ;
#2164 = CARTESIAN_POINT ( 'NONE',  ( 1.778089219649376274, -1.321273900429208892, 5.282186553348747537 ) ) ;
#2165 = VERTEX_POINT ( 'NONE', #1631 ) ;
#2166 = UNCERTAINTY_MEASURE_WITH_UNIT (LENGTH_MEASURE( 1.000000000000000082E-05 ), #3052, 'distance_accuracy_value', 'NONE');
#2167 = MECHANICAL_DESIGN_GEOMETRIC_PRESENTATION_REPRESENTATION (  '', ( #4740 ), #365 ) ;
#2168 = SURFACE_STYLE_USAGE ( .BOTH. , #4759 ) ;
#2169 = PRESENTATION_STYLE_ASSIGNMENT (( #265 ) ) ;
#2170 = CARTESIAN_POINT ( 'NONE',  ( 1.145784181014487757, -1.667919834141834423, 0.1499999999999999667 ) ) ;
#2171 = CARTESIAN_POINT ( 'NONE',  ( -2.518118015691483524, 0.3112021840715740173, 5.231714626725064043 ) ) ;
#2172 = AXIS2_PLACEMENT_3D ( 'NONE', #2939, #1815, #3713 ) ;
#2173 = CARTESIAN_POINT ( 'NONE',  ( 1.310077564785762982, 1.512542148077422377, 5.664583844975282112 ) ) ;
#2174 = CIRCLE ( 'NONE', #152, 0.2000000000000000944 ) ;
#2175 = DIRECTION ( 'NONE',  ( 0.000000000000000000, 0.000000000000000000, -1.000000000000000000 ) ) ;
#2176 = CARTESIAN_POINT ( 'NONE',  ( -1.698772623046105323, 1.025365780810843397, 6.055284188128620571 ) ) ;
#2177 = EDGE_CURVE ( 'NONE', #1187, #2851, #3142, .T. ) ;
#2178 = SURFACE_SIDE_STYLE ('',( #2966 ) ) ;
#2179 = CARTESIAN_POINT ( 'NONE',  ( 1.308436094748560263, 0.3881676996695052617, 6.639399709176982967 ) ) ;
#2180 = CIRCLE ( 'NONE', #2805, 0.2000000000000000944 ) ;
#2181 =( GEOMETRIC_REPRESENTATION_CONTEXT ( 3 ) GLOBAL_UNCERTAINTY_ASSIGNED_CONTEXT ( ( #214 ) ) GLOBAL_UNIT_ASSIGNED_CONTEXT ( ( #2132, #3960, #2824 ) ) REPRESENTATION_CONTEXT ( 'NONE', 'WORKASPACE' ) );
#2182 = FACE_OUTER_BOUND ( 'NONE', #3873, .T. ) ;
#2183 = CIRCLE ( 'NONE', #3132, 0.2000000000000000944 ) ;
#2184 = CARTESIAN_POINT ( 'NONE',  ( -0.5765849447790594162, -0.6671369844122665427, 6.850327683621760144 ) ) ;
#2185 = CARTESIAN_POINT ( 'NONE',  ( 0.7535148625162970681, 0.8704993346369450657, 6.718470822524653663 ) ) ;
#2186 = DIRECTION ( 'NONE',  ( -1.000000000000000000, 0.000000000000000000, 0.000000000000000000 ) ) ;
#2187 = CARTESIAN_POINT ( 'NONE',  ( 0.2102294240882558174, -0.1255573757258491852, 6.992206946790331834 ) ) ;
#2188 = ORIENTED_EDGE ( 'NONE', *, *, #4738, .F. ) ;
#2189 = PRESENTATION_LAYER_ASSIGNMENT (  '', '', ( #312 ) ) ;
#2190 = ORIENTED_EDGE ( 'NONE', *, *, #2212, .F. ) ;
#2191 = DIRECTION ( 'NONE',  ( 1.000000000000000000, 0.000000000000000000, 0.000000000000000000 ) ) ;
#2192 = CARTESIAN_POINT ( 'NONE',  ( 2.510934933583004902, 0.3124664240858077702, 5.280962184168692453 ) ) ;
#2193 = PRESENTATION_STYLE_ASSIGNMENT (( #689 ) ) ;
#2194 = ORIENTED_EDGE ( 'NONE', *, *, #1024, .F. ) ;
#2195 =( NAMED_UNIT ( * ) PLANE_ANGLE_UNIT ( ) SI_UNIT ( $, .RADIAN. ) );
#2196 = VERTEX_POINT ( 'NONE', #3901 ) ;
#2197 = FILL_AREA_STYLE ('',( #766 ) ) ;
#2198 = CARTESIAN_POINT ( 'NONE',  ( -1.351653416930182816, -1.563936384741824837, 5.280502647484392575 ) ) ;
#2199 = CARTESIAN_POINT ( 'NONE',  ( 1.504246002903394386, 1.247690165133030549, 5.989725108552007349 ) ) ;
#2200 = VECTOR ( 'NONE', #1368, 1000.000000000000000 ) ;
#2201 = CARTESIAN_POINT ( 'NONE',  ( -1.264932079094056805, 1.243021104738305294, 6.204002513281700715 ) ) ;
#2202 =( LENGTH_UNIT ( ) NAMED_UNIT ( * ) SI_UNIT ( .MILLI., .METRE. ) );
#2203 = CARTESIAN_POINT ( 'NONE',  ( 1.362638444626865120, -0.7275093002759742689, 6.517362709788162789 ) ) ;
#2204 = EDGE_CURVE ( 'NONE', #3046, #2737, #2411, .T. ) ;
#2205 = CARTESIAN_POINT ( 'NONE',  ( 1.520000000000000018, -0.1750000000000000722, -0.3000000000000000444 ) ) ;
#2206 = CARTESIAN_POINT ( 'NONE',  ( -0.9318779850194446324, 0.2903934424247920920, 6.827766697631692416 ) ) ;
#2207 = CARTESIAN_POINT ( 'NONE',  ( 1.241689268592712336, 1.433584742957067615, 5.920638947907953309 ) ) ;
#2208 = CARTESIAN_POINT ( 'NONE',  ( 0.8708534578279448768, -0.9995077776696660310, 6.612161010316736309 ) ) ;
#2209 = CARTESIAN_POINT ( 'NONE',  ( 0.09755778573643843210, -0.08236869087628173602, 6.998428261506556503 ) ) ;
#2210 = UNCERTAINTY_MEASURE_WITH_UNIT (LENGTH_MEASURE( 1.000000000000000082E-05 ), #3454, 'distance_accuracy_value', 'NONE');
#2211 = ORIENTED_EDGE ( 'NONE', *, *, #3053, .T. ) ;
#2212 = EDGE_CURVE ( 'NONE', #2384, #1185, #2798, .T. ) ;
#2213 = VERTEX_POINT ( 'NONE', #3979 ) ;
#2214 = AXIS2_PLACEMENT_3D ( 'NONE', #1836, #3336, #296 ) ;
#2215 = CARTESIAN_POINT ( 'NONE',  ( 1.452143511114379892, -1.521439621541787357, 5.216318905056488653 ) ) ;
#2216 = SURFACE_STYLE_FILL_AREA ( #2263 ) ;
#2217 = ORIENTED_EDGE ( 'NONE', *, *, #2493, .T. ) ;
#2218 =( LENGTH_UNIT ( ) NAMED_UNIT ( * ) SI_UNIT ( .MILLI., .METRE. ) );
#2219 = PLANE ( 'NONE',  #2378 ) ;
#2220 = PRESENTATION_STYLE_ASSIGNMENT (( #2634 ) ) ;
#2221 = ORIENTED_EDGE ( 'NONE', *, *, #2471, .F. ) ;
#2222 = CARTESIAN_POINT ( 'NONE',  ( 2.050973029121586411, 0.5494589527476275714, 5.988956093758039501 ) ) ;
#2223 = CARTESIAN_POINT ( 'NONE',  ( -1.162486082657820052, -1.345058752594976426, 6.131640631996597257 ) ) ;
#2224 = CARTESIAN_POINT ( 'NONE',  ( 1.352144644651993577, -0.8458124359710598172, 6.472825148384110605 ) ) ;
#2225 =( GEOMETRIC_REPRESENTATION_CONTEXT ( 3 ) GLOBAL_UNCERTAINTY_ASSIGNED_CONTEXT ( ( #1018 ) ) GLOBAL_UNIT_ASSIGNED_CONTEXT ( ( #609, #4755, #259 ) ) REPRESENTATION_CONTEXT ( 'NONE', 'WORKASPACE' ) );
#2226 = CARTESIAN_POINT ( 'NONE',  ( -0.6833549392711791848, -0.7388192854946625809, 6.804892703302392043 ) ) ;
#2227 = PRESENTATION_STYLE_ASSIGNMENT (( #1891 ) ) ;
#2228 = CARTESIAN_POINT ( 'NONE',  ( 0.5046958579711600112, -0.5792564441696715916, 6.887153004577625026 ) ) ;
#2229 = SPHERICAL_SURFACE ( 'NONE', #1628, 0.2000000000000000111 ) ;
#2230 = CARTESIAN_POINT ( 'NONE',  ( 0.1895864985317672613, -0.1706857986307028507, 6.991084492782414728 ) ) ;
#2231 = ORIENTED_EDGE ( 'NONE', *, *, #3821, .F. ) ;
#2232 = SHAPE_DEFINITION_REPRESENTATION ( #1003, #4442 ) ;
#2233 =( LENGTH_UNIT ( ) NAMED_UNIT ( * ) SI_UNIT ( .MILLI., .METRE. ) );
#2234 = DIRECTION ( 'NONE',  ( 0.000000000000000000, 0.000000000000000000, 1.000000000000000000 ) ) ;
#2235 = CARTESIAN_POINT ( 'NONE',  ( 2.406564907138292853, -0.6079962142475903164, 5.281170135442135205 ) ) ;
#2236 =( NAMED_UNIT ( * ) PLANE_ANGLE_UNIT ( ) SI_UNIT ( $, .RADIAN. ) );
#2237 = ORIENTED_EDGE ( 'NONE', *, *, #1848, .F. ) ;
#2238 = DIRECTION ( 'NONE',  ( -0.000000000000000000, 0.000000000000000000, -1.000000000000000000 ) ) ;
#2239 = ADVANCED_FACE ( 'NONE', ( #1311 ), #3230, .F. ) ;
#2240 = FILL_AREA_STYLE_COLOUR ( '', #4099 ) ;
#2241 = AXIS2_PLACEMENT_3D ( 'NONE', #3784, #4126, #1503 ) ;
#2242 = CARTESIAN_POINT ( 'NONE',  ( 1.020000000000000018, -0.2499999999999998890, -0.4854049621773917078 ) ) ;
#2243 = CARTESIAN_POINT ( 'NONE',  ( 2.152573694356384237, 0.1409303822131749151, 5.985100429172228509 ) ) ;
#2244 = MECHANICAL_DESIGN_GEOMETRIC_PRESENTATION_REPRESENTATION (  '', ( #3417 ), #3499 ) ;
#2245 = FILL_AREA_STYLE ('',( #2962 ) ) ;
#2246 = CARTESIAN_POINT ( 'NONE',  ( -1.659574130261289859, -0.8586845483915203081, 6.223446648822503313 ) ) ;
#2247 = CIRCLE ( 'NONE', #2172, 0.1999999999999999833 ) ;
#2248 = CARTESIAN_POINT ( 'NONE',  ( -0.9700000000000003064, -0.5750000000000001776, -0.2000000000000000111 ) ) ;
#2249 = CARTESIAN_POINT ( 'NONE',  ( 1.358639878445477178, -0.09646240109447842825, 6.637043612593568120 ) ) ;
#2250 = VECTOR ( 'NONE', #4741, 1000.000000000000000 ) ;
#2251 = CIRCLE ( 'NONE', #3647, 0.3999999999999999667 ) ;
#2252 = DIRECTION ( 'NONE',  ( 1.000000000000000000, 0.000000000000000000, 0.000000000000000000 ) ) ;
#2253 = CARTESIAN_POINT ( 'NONE',  ( -0.8040535371928936303, 0.9301886835275186005, 6.674597398548179683 ) ) ;
#2254 = CARTESIAN_POINT ( 'NONE',  ( 1.131694371161539259, 1.306578062808427365, 6.203521207864175935 ) ) ;
#2255 = CARTESIAN_POINT ( 'NONE',  ( 1.256262335197757762, -1.441861010002267962, 5.890656828767928843 ) ) ;
#2256 = LINE ( 'NONE', #3743, #1000 ) ;
#2257 = VECTOR ( 'NONE', #1578, 1000.000000000000000 ) ;
#2258 = COLOUR_RGB ( '',1.000000000000000000, 0.000000000000000000, 0.000000000000000000 ) ;
#2259 = CARTESIAN_POINT ( 'NONE',  ( 0.05852654544924323216, 0.01917273280134526581, 6.999999999999872990 ) ) ;
#2260 = FACE_OUTER_BOUND ( 'NONE', #1324, .T. ) ;
#2261 = CARTESIAN_POINT ( 'NONE',  ( -4.671608575681286983E-06, 0.000000000000000000, 6.999999999999999112 ) ) ;
#2262 = CARTESIAN_POINT ( 'NONE',  ( 1.451646561310873107, -1.520930719233748896, 5.232908886947840621 ) ) ;
#2263 = FILL_AREA_STYLE ('',( #4114 ) ) ;
#2264 = DIRECTION ( 'NONE',  ( 0.000000000000000000, -0.000000000000000000, 1.000000000000000000 ) ) ;
#2265 = CARTESIAN_POINT ( 'NONE',  ( 1.520000000000000018, 0.2500000000000000000, -0.4854049621773915968 ) ) ;
#2266 = ADVANCED_FACE ( 'NONE', ( #45 ), #1872, .F. ) ;
#2267 = PRESENTATION_STYLE_ASSIGNMENT (( #4098 ) ) ;
#2268 = DIRECTION ( 'NONE',  ( 0.000000000000000000, 0.000000000000000000, -1.000000000000000000 ) ) ;
#2269 = CARTESIAN_POINT ( 'NONE',  ( 2.095630414426187471, 1.021531124860497242, 5.414819535532473971 ) ) ;
#2270 = EDGE_CURVE ( 'NONE', #1449, #2737, #3411, .T. ) ;
#2271 = CARTESIAN_POINT ( 'NONE',  ( -1.354626054657456002, -1.567375899864241307, 5.149999999834290243 ) ) ;
#2272 = CARTESIAN_POINT ( 'NONE',  ( -1.474254226174213089, 1.227636012905276131, 6.048176782111830185 ) ) ;
#2273 = CARTESIAN_POINT ( 'NONE',  ( 1.570000000000000284, 0.3750000000000000000, -0.3000000000000000444 ) ) ;
#2274 = CARTESIAN_POINT ( 'NONE',  ( 0.9201627828267592291, -0.9810231481623781224, 6.611796634592965738 ) ) ;
#2275 = CARTESIAN_POINT ( 'NONE',  ( 0.2375587838050738365, -1.849644526552818080, 5.150000000000000355 ) ) ;
#2276 = MECHANICAL_DESIGN_GEOMETRIC_PRESENTATION_REPRESENTATION (  '', ( #1490 ), #4374 ) ;
#2277 = CARTESIAN_POINT ( 'NONE',  ( -0.6208604664333351453, -0.6298588983748714121, 6.858801685350298882 ) ) ;
#2278 = SURFACE_SIDE_STYLE ('',( #566 ) ) ;
#2279 =( LENGTH_UNIT ( ) NAMED_UNIT ( * ) SI_UNIT ( .MILLI., .METRE. ) );
#2280 = CARTESIAN_POINT ( 'NONE',  ( 0.06002408314212642759, 0.009766084773336710170, 6.999999999999877431 ) ) ;
#2281 = ORIENTED_EDGE ( 'NONE', *, *, #2782, .F. ) ;
#2282 = FILL_AREA_STYLE_COLOUR ( '', #4295 ) ;
#2283 = SURFACE_STYLE_USAGE ( .BOTH. , #3319 ) ;
#2284 = DIRECTION ( 'NONE',  ( 0.000000000000000000, 0.000000000000000000, 1.000000000000000000 ) ) ;
#2285 = CARTESIAN_POINT ( 'NONE',  ( -2.325393192288620181, 0.7571425960254801746, 5.281237045459332258 ) ) ;
#2286 =( NAMED_UNIT ( * ) SI_UNIT ( $, .STERADIAN. ) SOLID_ANGLE_UNIT ( ) );
#2287 =( LENGTH_UNIT ( ) NAMED_UNIT ( * ) SI_UNIT ( .MILLI., .METRE. ) );
#2288 = VERTEX_POINT ( 'NONE', #1426 ) ;
#2289 = PRESENTATION_STYLE_ASSIGNMENT (( #4436 ) ) ;
#2290 = DIRECTION ( 'NONE',  ( -1.000000000000000000, 0.000000000000000000, 0.000000000000000000 ) ) ;
#2291 = CARTESIAN_POINT ( 'NONE',  ( 2.117982822308714486, -1.023605665118661356, 5.314937867292189644 ) ) ;
#2292 = VERTEX_POINT ( 'NONE', #316 ) ;
#2293 = CARTESIAN_POINT ( 'NONE',  ( -1.570000000000000284, -0.1750000000000000722, 0.000000000000000000 ) ) ;
#2294 = CARTESIAN_POINT ( 'NONE',  ( -1.279108409813064728, -1.358859210572342047, 6.031684693056100777 ) ) ;
#2295 = CYLINDRICAL_SURFACE ( 'NONE', #453, 0.2000000000000000111 ) ;
#2296 = DIRECTION ( 'NONE',  ( 1.000000000000000000, 0.000000000000000000, 0.000000000000000000 ) ) ;
#2297 = EDGE_CURVE ( 'NONE', #2737, #711, #4278, .T. ) ;
#2298 = CARTESIAN_POINT ( 'NONE',  ( 1.209171305877657865, -1.183779809051492826, 6.307274762948827274 ) ) ;
#2299 = AXIS2_PLACEMENT_3D ( 'NONE', #233, #584, #3222 ) ;
#2300 = CARTESIAN_POINT ( 'NONE',  ( -1.140787113043003620, -1.664649760345961793, 5.150000000000000355 ) ) ;
#2301 = PRESENTATION_LAYER_ASSIGNMENT (  '', '', ( #4478 ) ) ;
#2302 = CARTESIAN_POINT ( 'NONE',  ( -1.058836434333185528, -0.8528205450829428047, 6.631844709453336151 ) ) ;
#2303 = CARTESIAN_POINT ( 'NONE',  ( -2.466407703963957587, -0.4909955672453344966, 0.1499999999999999667 ) ) ;
#2304 = CARTESIAN_POINT ( 'NONE',  ( -4.671608576693501519E-06, 6.554002132674874304E-12, 7.000000000000000000 ) ) ;
#2305 = CARTESIAN_POINT ( 'NONE',  ( -1.308188746653534684, 1.513413020850572499, 5.664491628645701660 ) ) ;
#2306 = CARTESIAN_POINT ( 'NONE',  ( 0.4729812261784164251, -0.4224568538467271539, 6.937305003637930234 ) ) ;
#2307 = STYLED_ITEM ( 'NONE', ( #3694 ), #4373 ) ;
#2308 = CIRCLE ( 'NONE', #2147, 0.2000000000000000111 ) ;
#2309 = VERTEX_POINT ( 'NONE', #2534 ) ;
#2310 = CARTESIAN_POINT ( 'NONE',  ( -0.1125022755604106056, 0.03736862368794148515, 6.998718225505833779 ) ) ;
#2311 = CARTESIAN_POINT ( 'NONE',  ( 2.376853251866859473, -0.2343900993573579672, -2.710505431213761085E-17 ) ) ;
#2312 = ORIENTED_EDGE ( 'NONE', *, *, #2177, .F. ) ;
#2313 = STYLED_ITEM ( 'NONE', ( #4123 ), #4634 ) ;
#2314 = CARTESIAN_POINT ( 'NONE',  ( -1.444841549245160950, 1.525103692948655443, 5.216276987363052342 ) ) ;
#2315 = SURFACE_STYLE_FILL_AREA ( #3846 ) ;
#2316 = FILL_AREA_STYLE_COLOUR ( '', #1080 ) ;
#2317 = SURFACE_STYLE_USAGE ( .BOTH. , #2633 ) ;
#2318 = CARTESIAN_POINT ( 'NONE',  ( -2.137399740785121072, -1.016128493577365344, 0.1499999999999999389 ) ) ;
#2319 = CARTESIAN_POINT ( 'NONE',  ( 2.354170793926731786, -0.5993527810321223059, 5.479384167426077035 ) ) ;
#2320 = ORIENTED_EDGE ( 'NONE', *, *, #4410, .F. ) ;
#2321 = CARTESIAN_POINT ( 'NONE',  ( -1.770000000000000240, 0.1749999999999999611, -0.1999999999999999833 ) ) ;
#2322 = CARTESIAN_POINT ( 'NONE',  ( -1.582128017831090361, -1.304013792859849197, 5.808571492162454497 ) ) ;
#2323 = CARTESIAN_POINT ( 'NONE',  ( 1.553434865563525502, 0.4454644581568389938, 6.469607227749294864 ) ) ;
#2324 = AXIS2_PLACEMENT_3D ( 'NONE', #3780, #431, #3495 ) ;
#2325 = EDGE_CURVE ( 'NONE', #174, #4452, #383, .T. ) ;
#2326 = LINE ( 'NONE', #3815, #3539 ) ;
#2327 = CARTESIAN_POINT ( 'NONE',  ( -0.9154733202482197019, -0.9836060711799667899, 6.611178421960845597 ) ) ;
#2328 = CARTESIAN_POINT ( 'NONE',  ( -1.730944060969490605, 1.376340121785258885, 0.1499999999999999944 ) ) ;
#2329 = FACE_BOUND ( 'NONE', #2450, .T. ) ;
#2330 = CARTESIAN_POINT ( 'NONE',  ( 0.5317330178899445370, -0.3121100403347308871, 6.942593320930869005 ) ) ;
#2331 = ORIENTED_EDGE ( 'NONE', *, *, #4505, .F. ) ;
#2332 = COLOUR_RGB ( '',0.8431372549019607865, 0.8431372549019607865, 0.8431372549019607865 ) ;
#2333 = CARTESIAN_POINT ( 'NONE',  ( -4.671608575681286983E-06, 0.000000000000000000, 6.999999999999999112 ) ) ;
#2334 = STYLED_ITEM ( 'NONE', ( #123 ), #1249 ) ;
#2335 = VERTEX_POINT ( 'NONE', #2265 ) ;
#2336 = CARTESIAN_POINT ( 'NONE',  ( -2.335195479578090705, -0.7593395042850712429, 5.166295581108410140 ) ) ;
#2337 = CARTESIAN_POINT ( 'NONE',  ( -2.549999999999997602, 8.770809613335630198E-16, 0.1499999999999999667 ) ) ;
#2338 = ORIENTED_EDGE ( 'NONE', *, *, #1690, .T. ) ;
#2339 = MECHANICAL_DESIGN_GEOMETRIC_PRESENTATION_REPRESENTATION (  '', ( #3819 ), #3360 ) ;
#2340 =( NAMED_UNIT ( * ) SI_UNIT ( $, .STERADIAN. ) SOLID_ANGLE_UNIT ( ) );
#2341 = FILL_AREA_STYLE_COLOUR ( '', #3859 ) ;
#2342 = CARTESIAN_POINT ( 'NONE',  ( 2.523985123671225406, -0.2635827747973301660, 0.1499999999999999667 ) ) ;
#2343 = STYLED_ITEM ( 'NONE', ( #3299 ), #2864 ) ;
#2344 = STYLED_ITEM ( 'NONE', ( #2997 ), #1600 ) ;
#2345 = CARTESIAN_POINT ( 'NONE',  ( 2.275658846450656636, 0.7472073657912716715, 5.480039770960863699 ) ) ;
#2346 = EDGE_LOOP ( 'NONE', ( #653, #200, #43, #3137 ) ) ;
#2347 = CARTESIAN_POINT ( 'NONE',  ( 1.362490098663260873, -1.563784101280339067, 5.149999999834289355 ) ) ;
#2348 = CARTESIAN_POINT ( 'NONE',  ( -1.624496204687555512, 1.332548442383234999, 5.680817166950158814 ) ) ;
#2349 = FILL_AREA_STYLE ('',( #3113 ) ) ;
#2350 = SURFACE_STYLE_FILL_AREA ( #827 ) ;
#2351 = CARTESIAN_POINT ( 'NONE',  ( 1.807533082279384695, 0.1241152139207957888, 6.320385366168135732 ) ) ;
#2352 = SURFACE_STYLE_USAGE ( .BOTH. , #438 ) ;
#2353 = CARTESIAN_POINT ( 'NONE',  ( -0.9155635582463312883, 0.9835564141989134868, 6.611190407539685232 ) ) ;
#2354 = FILL_AREA_STYLE_COLOUR ( '', #655 ) ;
#2355 = CARTESIAN_POINT ( 'NONE',  ( -1.350026626725586487, 1.561814460427966678, 5.313102266797246287 ) ) ;
#2356 = CARTESIAN_POINT ( 'NONE',  ( 0.1930480002689999586, 0.1641897221247748950, 6.991306797854937471 ) ) ;
#2357 = STYLED_ITEM ( 'NONE', ( #122 ), #2955 ) ;
#2358 = CARTESIAN_POINT ( 'NONE',  ( -4.671608575681286983E-06, 0.000000000000000000, 6.999999999999999112 ) ) ;
#2359 = CARTESIAN_POINT ( 'NONE',  ( -1.020000000000000018, 0.2499999999999999445, -26.00000000000000000 ) ) ;
#2360 = CARTESIAN_POINT ( 'NONE',  ( -2.335267748134707499, 0.7592225166666564107, 5.166295660184489158 ) ) ;
#2361 = DIRECTION ( 'NONE',  ( -1.000000000000000000, 0.000000000000000000, 0.000000000000000000 ) ) ;
#2362 = ORIENTED_EDGE ( 'NONE', *, *, #882, .F. ) ;
#2363 =( GEOMETRIC_REPRESENTATION_CONTEXT ( 3 ) GLOBAL_UNCERTAINTY_ASSIGNED_CONTEXT ( ( #630 ) ) GLOBAL_UNIT_ASSIGNED_CONTEXT ( ( #2233, #2577, #2602 ) ) REPRESENTATION_CONTEXT ( 'NONE', 'WORKASPACE' ) );
#2364 = EDGE_CURVE ( 'NONE', #1099, #1, #2183, .T. ) ;
#2365 = DIRECTION ( 'NONE',  ( 0.000000000000000000, -1.000000000000000000, 0.000000000000000000 ) ) ;
#2366 = DIRECTION ( 'NONE',  ( -1.000000000000000000, 0.000000000000000000, 0.000000000000000000 ) ) ;
#2367 = ORIENTED_EDGE ( 'NONE', *, *, #1535, .T. ) ;
#2368 = CARTESIAN_POINT ( 'NONE',  ( 2.131017960148397616, -1.027839118400905249, 5.166304042998894452 ) ) ;
#2369 = CARTESIAN_POINT ( 'NONE',  ( -1.503101824493069394, -1.248378496678728133, 5.989567956431677942 ) ) ;
#2370 = CARTESIAN_POINT ( 'NONE',  ( 1.730599927805424487, 0.4844884974086818286, 6.324305748198926658 ) ) ;
#2371 = CARTESIAN_POINT ( 'NONE',  ( -1.044656512053845576, -0.6810672895363304447, 6.709616408049880576 ) ) ;
#2372 = SURFACE_SIDE_STYLE ('',( #4548 ) ) ;
#2373 = CARTESIAN_POINT ( 'NONE',  ( -1.206672284840691223, 1.395970576726808909, 6.020853855459194826 ) ) ;
#2374 = CARTESIAN_POINT ( 'NONE',  ( 0.2189056307534179013, -0.2363749529130843574, 6.983917222093680266 ) ) ;
#2375 = DIRECTION ( 'NONE',  ( 0.000000000000000000, 0.000000000000000000, 1.000000000000000000 ) ) ;
#2376 = CARTESIAN_POINT ( 'NONE',  ( -0.1028617859563678294, 0.07163327642221291314, 6.998570905589845736 ) ) ;
#2377 = CARTESIAN_POINT ( 'NONE',  ( -1.778012171025924681, 1.328401077285786602, 5.166295695768726937 ) ) ;
#2378 = AXIS2_PLACEMENT_3D ( 'NONE', #4233, #3870, #519 ) ;
#2379 = DIRECTION ( 'NONE',  ( -0.000000000000000000, 1.000000000000000000, -0.000000000000000000 ) ) ;
#2380 = SURFACE_STYLE_FILL_AREA ( #884 ) ;
#2381 =( GEOMETRIC_REPRESENTATION_CONTEXT ( 3 ) GLOBAL_UNCERTAINTY_ASSIGNED_CONTEXT ( ( #3717 ) ) GLOBAL_UNIT_ASSIGNED_CONTEXT ( ( #1733, #4694, #4299 ) ) REPRESENTATION_CONTEXT ( 'NONE', 'WORKASPACE' ) );
#2382 = CARTESIAN_POINT ( 'NONE',  ( -1.770000000000000240, 0.1749999999999999611, -0.5000000000000000000 ) ) ;
#2383 = SURFACE_STYLE_USAGE ( .BOTH. , #3159 ) ;
#2384 = VERTEX_POINT ( 'NONE', #3026 ) ;
#2385 = EDGE_CURVE ( 'NONE', #3135, #3412, #4504, .T. ) ;
#2386 = SURFACE_STYLE_USAGE ( .BOTH. , #4592 ) ;
#2387 = ORIENTED_EDGE ( 'NONE', *, *, #4682, .F. ) ;
#2388 = CARTESIAN_POINT ( 'NONE',  ( 1.783386610147723150, -1.324230584180751791, 5.182672145557269516 ) ) ;
#2389 = AXIS2_PLACEMENT_3D ( 'NONE', #1441, #4428, #2136 ) ;
#2390 = ADVANCED_FACE ( 'NONE', ( #4162 ), #4760, .F. ) ;
#2391 = CARTESIAN_POINT ( 'NONE',  ( -1.508446144450250603, -1.459608137241295234, 5.481411312081298171 ) ) ;
#2392 = SURFACE_STYLE_FILL_AREA ( #921 ) ;
#2393 =( LENGTH_UNIT ( ) NAMED_UNIT ( * ) SI_UNIT ( .MILLI., .METRE. ) );
#2394 = CARTESIAN_POINT ( 'NONE',  ( 1.493323037383258667, -0.9189764490253461426, 6.329454177273598603 ) ) ;
#2395 = CARTESIAN_POINT ( 'NONE',  ( -1.278103577788393341, -0.4809240814311922518, 6.640140135275885314 ) ) ;
#2396 = FILL_AREA_STYLE ('',( #3817 ) ) ;
#2397 = CARTESIAN_POINT ( 'NONE',  ( 0.2098018544774534477, 0.1260597578022160381, 6.992178692261664885 ) ) ;
#2398 = STYLED_ITEM ( 'NONE', ( #1724 ), #263 ) ;
#2399 = CARTESIAN_POINT ( 'NONE',  ( -0.1058639835076033153, 0.06350745855550879448, 6.998627711884871871 ) ) ;
#2400 = CARTESIAN_POINT ( 'NONE',  ( 2.267440129266560689, 0.8939648811494744773, 0.1499999999999999667 ) ) ;
#2401 = CARTESIAN_POINT ( 'NONE',  ( -1.777725259537652036, 1.328241399250859933, 5.182652952965476345 ) ) ;
#2402 = AXIS2_PLACEMENT_3D ( 'NONE', #4078, #1477, #4480 ) ;
#2403 = CARTESIAN_POINT ( 'NONE',  ( 1.570000000000000284, -0.1750000000000000722, -0.5000000000000000000 ) ) ;
#2404 = VECTOR ( 'NONE', #532, 1000.000000000000000 ) ;
#2405 = AXIS2_PLACEMENT_3D ( 'NONE', #99, #1654, #4640 ) ;
#2406 = EDGE_LOOP ( 'NONE', ( #4311, #1715, #4826, #652, #1766, #331 ) ) ;
#2407 = UNCERTAINTY_MEASURE_WITH_UNIT (LENGTH_MEASURE( 1.000000000000000082E-05 ), #1063, 'distance_accuracy_value', 'NONE');
#2408 = STYLED_ITEM ( 'NONE', ( #4418 ), #2036 ) ;
#2409 = ADVANCED_FACE ( 'NONE', ( #815 ), #2975, .F. ) ;
#2410 = CARTESIAN_POINT ( 'NONE',  ( 1.539807247643246724, -1.476387735492425302, 5.182414690271753166 ) ) ;
#2411 = CIRCLE ( 'NONE', #4054, 0.3999999999999999667 ) ;
#2412 = CARTESIAN_POINT ( 'NONE',  ( -1.769158073940943599, 1.323422312891074926, 5.315558034272139132 ) ) ;
#2413 = SURFACE_SIDE_STYLE ('',( #3472 ) ) ;
#2414 = PRESENTATION_STYLE_ASSIGNMENT (( #2096 ) ) ;
#2415 = CARTESIAN_POINT ( 'NONE',  ( 1.205546562102531416, 1.281434380822049190, 6.196475903796348383 ) ) ;
#2416 = VECTOR ( 'NONE', #1345, 1000.000000000000000 ) ;
#2417 = EDGE_CURVE ( 'NONE', #1104, #1742, #3828, .T. ) ;
#2418 = CARTESIAN_POINT ( 'NONE',  ( -1.684514987600081559, -0.5999367458036359846, 6.325960684453500349 ) ) ;
#2419 = SURFACE_STYLE_USAGE ( .BOTH. , #4293 ) ;
#2420 = CARTESIAN_POINT ( 'NONE',  ( 0.6779875166309962120, 0.5630999970173645730, 6.866964145466811331 ) ) ;
#2421 = CARTESIAN_POINT ( 'NONE',  ( 0.2187444378887182239, 1.849891364234411473, 5.149999999999910649 ) ) ;
#2422 = CARTESIAN_POINT ( 'NONE',  ( -0.1887980543178881254, -0.1712484363610590754, 6.991037141660217280 ) ) ;
#2423 = CARTESIAN_POINT ( 'NONE',  ( 1.339712002997684337, 1.588593205037114098, 0.1499999999999999667 ) ) ;
#2424 = CARTESIAN_POINT ( 'NONE',  ( -1.354775234658122773, 1.567308033704367887, 5.149999999834290243 ) ) ;
#2425 =( NAMED_UNIT ( * ) PLANE_ANGLE_UNIT ( ) SI_UNIT ( $, .RADIAN. ) );
#2426 = B_SPLINE_SURFACE_WITH_KNOTS ( 'NONE', 3, 3, ( 
 ( #1124, #2629, #4112, #759, #2261, #419, #3672, #4635, #2358, #163, #3126, #117, #4609, #1588, #2333, #3099, #469, #3824, #1991, #490, #184, #4653 ),
 ( #3072, #4207, #1251, #3863, #3481, #2696, #1643, #536, #139, #4552, #4247, #3154, #4582, #1965, #1612, #1272, #1665, #4273, #2748, #4226, #878, #2793 ),
 ( #3172, #3455, #2772, #1293, #906, #2376, #2399, #1222, #2310, #3433, #3888, #513, #862, #2039, #2016, #1200, #3506, #3524, #4182, #3796, #836, #2726 ),
 ( #3843, #445, #1940, #89, #1563, #3565, #1411, #4692, #4297, #1318, #929, #1015, #3910, #2490, #951, #2445, #1340, #3238, #2422, #4672, #253, #297 ),
 ( #2060, #1731, #2866, #576, #3933, #3257, #971, #3611, #4717, #228, #1363, #1709, #2079, #3216, #2844, #4323, #600, #3957, #3632, #3285, #4371, #2464 ),
 ( #4348, #3986, #2104, #2822, #276, #4008, #3588, #3194, #2889, #1761, #992, #624, #2129, #4745, #1786, #2913, #1389, #2518, #649, #557, #2154, #4768 ),
 ( #3541, #204, #1686, #677, #3739, #57, #4421, #4795, #2571, #1837, #3764, #1039, #3381, #413, #3362, #1434, #751, #4393, #1508, #1531, #392, #3310 ),
 ( #1890, #18, #1487, #1909, #1814, #2938, #4468, #3015, #4490, #3337, #1141, #367, #729, #4030, #35, #1118, #2642, #3404, #322, #2277, #2541, #2184 ),
 ( #1067, #4131, #2621, #3666, #2993, #705, #4063, #780, #2206, #3689, #343, #4820, #3712, #1459, #2971, #4447, #4106, #1093, #2595, #4087, #2226, #1866 ),
 ( #2253, #158, #1636, #3449, #110, #485, #3425, #1268, #3066, #856, #3837, #4546, #1984, #4601, #84, #439, #2371, #3147, #4575, #3860, #3476, #1957 ),
 ( #3039, #2353, #2690, #3789, #508, #1246, #804, #1556, #178, #2032, #4243, #4220, #135, #4523, #2395, #1934, #1194, #2302, #1581, #4177, #2327, #4630 ),
 ( #3881, #2744, #875, #2767, #2010, #3501, #1607, #3093, #3120, #1169, #830, #3816, #1216, #2717, #464, #900, #4199, #530, #3520, #2665, #4151, #3559 ),
 ( #2439, #4005, #4667, #3982, #1727, #3950, #2860, #1289, #644, #3235, #272, #4712, #2485, #3927, #224, #1012, #2788, #946, #1755, #1314, #2514, #3189 ),
 ( #620, #2098, #3253, #571, #2151, #4268, #2125, #1357, #1704, #4739, #2838, #3904, #3584, #1383, #2055, #3627, #3535, #2075, #2459, #4341, #987, #552 ),
 ( #925, #4291, #1660, #3212, #201, #1681, #3166, #2885, #4648, #3607, #2817, #4687, #1336, #595, #2418, #4316, #966, #246, #4367, #3011, #1061, #3305 ),
 ( #2614, #1833, #2201, #2932, #2965, #1033, #3685, #2588, #1859, #4814, #669, #4462, #3376, #1453, #2537, #2246, #1112, #4416, #318, #4443, #4104, #4486 ),
 ( #1134, #4765, #2565, #3732, #4790, #2637, #1807, #2987, #4125, #744, #724, #388, #4055, #775, #1407, #1884, #363, #337, #30, #1087, #4026, #2223 ),
 ( #1480, #291, #1502, #2272, #1782, #2176, #4080, #3707, #699, #4388, #3333, #3279, #3356, #3658, #1429, #2909, #15, #1905, #480, #3781, #2294, #4172 ),
 ( #3112, #2762, #4518, #1629, #895, #53, #432, #1211, #1980, #799, #1164, #4597, #872, #457, #1239, #4566, #2684, #3141, #2369, #2709, #501, #1577 ),
 ( #3471, #1525, #1927, #3759, #4238, #153, #129, #4192, #409, #4622, #2660, #4148, #3033, #824, #3419, #3060, #3854, #1264, #2322, #3396, #1602, #2739 ),
 ( #4216, #3086, #3810, #2348, #79, #1553, #4541, #1190, #1952, #3445, #105, #851, #3834, #2005, #3496, #590, #175, #4263, #4363, #1377, #3603, #3581 ),
 ( #1746, #1285, #2785, #1656, #4286, #2051, #1677, #4337, #3249, #942, #4734, #3947, #243, #2122, #2095, #1722, #1701, #2436, #962, #2391, #3163, #4644 ),
 ( #3900, #2071, #567, #268, #2882, #982, #1309, #4707, #616, #3186, #4663, #3876, #548, #1354, #2456, #4684, #3229, #2026, #526, #2856, #2480, #3978 ),
 ( #3516, #219, #2834, #919, #2412, #1331, #3532, #195, #2812, #3921, #3555, #3210, #4312, #421, #1566, #1029, #1403, #4023, #3302, #446, #2510, #66 ),
 ( #813, #2907, #3436, #4385, #4785, #1830, #788, #2285, #4762, #1918, #4811, #1450, #1943, #3274, #2533, #1153, #3051, #4530, #1425, #1177, #3330, #2198 ),
 ( #3024, #4002, #665, #334, #92, #2673, #3799, #2651, #695, #2171, #3409, #4137, #3075, #4500, #3653, #315, #4160, #3624, #2558, #4413, #1802, #1541 ),
 ( #1010, #2314, #2928, #640, #2145, #1057, #4050, #289, #3681, #1778, #3771, #2018, #908, #4184, #2062, #1274, #3174, #2774, #538, #1993, #3129, #3912 ),
 ( #4656, #2729, #559, #1224, #2401, #3543, #2041, #165, #1295, #3483, #206, #837, #3526, #4637, #4611, #2795, #880, #1968, #1645, #4276, #120, #1688 ),
 ( #4555, #3890, #3460, #4228, #2377, #140, #3826, #2360, #1202, #1614, #3100, #1591, #2699, #931, #2336, #4249, #4585, #4209, #1253, #3508, #471, #864 ),
 ( #2424, #3845, #492, #2750, #3156, #187, #3866, #515, #1667, #299, #4719, #4010, #3988, #2106, #1041, #1788, #2131, #4770, #994, #4395, #2891, #1365 ) ),
 .UNSPECIFIED., .F., .F., .F.,
 ( 4, 2, 2, 2, 2, 2, 2, 2, 2, 2, 2, 2, 2, 2, 4 ),
 ( 4, 2, 2, 2, 2, 2, 2, 2, 2, 2, 4 ),
 ( 0.000000000000000000, 0.06250000000000000000, 0.1250000000000000000, 0.2500000000000000000, 0.3750000000000000000, 0.5000000000000000000, 0.5625000000000000000, 0.6250000000000000000, 0.6875000000000000000, 0.7500000000000000000, 0.8750000000000000000, 0.9375000000000000000, 0.9687500000000000000, 0.9843750000000000000, 1.000000000000000000 ),
 ( 0.000000000000000000, 0.06250000000000000000, 0.1250000000000000000, 0.2500000000000000000, 0.3750000000000000000, 0.5000000000000000000, 0.6250000000000000000, 0.7500000000000000000, 0.8750000000000000000, 0.9375000000000000000, 1.000000000000000000 ),
 .UNSPECIFIED. ) ;
#2427 = FILL_AREA_STYLE ('',( #933 ) ) ;
#2428 = DIRECTION ( 'NONE',  ( 0.000000000000000000, 0.000000000000000000, 1.000000000000000000 ) ) ;
#2429 = ORIENTED_EDGE ( 'NONE', *, *, #762, .F. ) ;
#2430 = STYLED_ITEM ( 'NONE', ( #1321 ), #3176 ) ;
#2431 = SURFACE_STYLE_USAGE ( .BOTH. , #3997 ) ;
#2432 = PLANE ( 'NONE',  #3034 ) ;
#2433 = CARTESIAN_POINT ( 'NONE',  ( 2.337062036728493553, -0.7552923995165419235, 5.182667555139104820 ) ) ;
#2434 = SURFACE_STYLE_USAGE ( .BOTH. , #855 ) ;
#2435 = ORIENTED_EDGE ( 'NONE', *, *, #1060, .T. ) ;
#2436 = CARTESIAN_POINT ( 'NONE',  ( -1.743679286770853709, -1.308971486901858716, 5.483091723498911385 ) ) ;
#2437 = CARTESIAN_POINT ( 'NONE',  ( 0.9700000000000003064, 0.1749999999999998501, -0.1999999999999999833 ) ) ;
#2438 = CARTESIAN_POINT ( 'NONE',  ( 1.208403631681759016, 1.395154702152868520, 6.020988132992147079 ) ) ;
#2439 = CARTESIAN_POINT ( 'NONE',  ( -1.001999672666214591, 1.159188764301229746, 6.429917920762199479 ) ) ;
#2440 = EDGE_CURVE ( 'NONE', #3675, #424, #883, .T. ) ;
#2441 = FILL_AREA_STYLE ('',( #1682 ) ) ;
#2442 = CARTESIAN_POINT ( 'NONE',  ( 0.7573915991585704610, -0.6645913355408650247, 6.817624926356614878 ) ) ;
#2443 = CARTESIAN_POINT ( 'NONE',  ( -1.109562753642996391, 1.681150114877804302, 5.150000000000084732 ) ) ;
#2444 = AXIS2_PLACEMENT_3D ( 'NONE', #484, #1328, #1215 ) ;
#2445 = CARTESIAN_POINT ( 'NONE',  ( -0.2096020145944439972, -0.1260878272140262824, 6.992156238079449082 ) ) ;
#2446 = CARTESIAN_POINT ( 'NONE',  ( 0.3240967549330724395, 0.3744667865911781024, 6.957169025121918260 ) ) ;
#2447 = CARTESIAN_POINT ( 'NONE',  ( -1.515062407134329048, -1.320508433612023191, -2.710505431213760777E-17 ) ) ;
#2448 = CARTESIAN_POINT ( 'NONE',  ( 1.770000000000000240, 0.1749999999999999611, -0.5000000000000000000 ) ) ;
#2449 = UNCERTAINTY_MEASURE_WITH_UNIT (LENGTH_MEASURE( 1.000000000000000082E-05 ), #1231, 'distance_accuracy_value', 'NONE');
#2450 = EDGE_LOOP ( 'NONE', ( #4400, #2435, #4214, #1152, #4728, #474, #2140, #4426 ) ) ;
#2451 = VECTOR ( 'NONE', #4254, 1000.000000000000000 ) ;
#2452 = ORIENTED_EDGE ( 'NONE', *, *, #4738, .T. ) ;
#2453 = CARTESIAN_POINT ( 'NONE',  ( 2.127232962258865712, 1.031957585755849172, 5.149999999834288467 ) ) ;
#2454 = CARTESIAN_POINT ( 'NONE',  ( 2.549999999999999378, -2.168404344971008868E-16, 5.150000000000000355 ) ) ;
#2455 = CARTESIAN_POINT ( 'NONE',  ( 0.3218695194358365264, -1.846744031521741158, 1.897353801849632760E-16 ) ) ;
#2456 = CARTESIAN_POINT ( 'NONE',  ( -2.297366426773130410, -0.7512776496749195010, 5.413561894845560829 ) ) ;
#2457 = CARTESIAN_POINT ( 'NONE',  ( -0.3058365819259561968, 1.697275818492733013, -2.710505431213761701E-17 ) ) ;
#2458 = CARTESIAN_POINT ( 'NONE',  ( 1.377990202808019982, -1.336060011609106590, 5.980938145133151806 ) ) ;
#2459 = CARTESIAN_POINT ( 'NONE',  ( -1.270265978402981721, -1.077452709165847233, 6.367412128630971502 ) ) ;
#2460 = CARTESIAN_POINT ( 'NONE',  ( 0.5661519824905285603, 0.1847090545741401357, 6.943481622063192304 ) ) ;
#2461 = EDGE_CURVE ( 'NONE', #3179, #3242, #1316, .T. ) ;
#2462 = CIRCLE ( 'NONE', #1370, 0.2000000000000000111 ) ;
#2463 = CARTESIAN_POINT ( 'NONE',  ( 0.3541025128817041900, -0.03811590523269540315, 6.999999999999998224 ) ) ;
#2464 = CARTESIAN_POINT ( 'NONE',  ( -0.2103613153792401880, -0.2433948983454505555, 6.983107408968863616 ) ) ;
#2465 = CARTESIAN_POINT ( 'NONE',  ( -1.147431142213219957, 1.667158258803630666, 4.007663570505460528E-14 ) ) ;
#2466 = DIRECTION ( 'NONE',  ( 0.000000000000000000, -1.000000000000000000, 0.000000000000000000 ) ) ;
#2467 = CARTESIAN_POINT ( 'NONE',  ( -2.376967938778096645, 0.2338113465603916807, -2.710505431213761085E-17 ) ) ;
#2468 = CARTESIAN_POINT ( 'NONE',  ( 4.686308437449692685E-06, 0.000000000000000000, 6.999999999999999112 ) ) ;
#2469 = PRESENTATION_LAYER_ASSIGNMENT (  '', '', ( #4591 ) ) ;
#2470 = ORIENTED_EDGE ( 'NONE', *, *, #4806, .F. ) ;
#2471 = EDGE_CURVE ( 'NONE', #690, #3145, #1950, .T. ) ;
#2472 = CARTESIAN_POINT ( 'NONE',  ( 0.5980019448099330726, 0.1209161804216936364, 7.000000000000000000 ) ) ;
#2473 = SURFACE_STYLE_FILL_AREA ( #283 ) ;
#2474 = STYLED_ITEM ( 'NONE', ( #3765 ), #860 ) ;
#2475 =( NAMED_UNIT ( * ) SI_UNIT ( $, .STERADIAN. ) SOLID_ANGLE_UNIT ( ) );
#2476 = PRESENTATION_LAYER_ASSIGNMENT (  '', '', ( #3270 ) ) ;
#2477 = DIRECTION ( 'NONE',  ( -0.000000000000000000, -1.000000000000000000, -0.000000000000000000 ) ) ;
#2478 =( NAMED_UNIT ( * ) SI_UNIT ( $, .STERADIAN. ) SOLID_ANGLE_UNIT ( ) );
#2479 = CARTESIAN_POINT ( 'NONE',  ( -0.3667581653642839612, -1.682606337769537053, -2.710505431213761085E-17 ) ) ;
#2480 = CARTESIAN_POINT ( 'NONE',  ( -1.432147862588266207, -1.512676683390080434, 5.414579230278231847 ) ) ;
#2481 = AXIS2_PLACEMENT_3D ( 'NONE', #166, #1542, #1646 ) ;
#2482 = CARTESIAN_POINT ( 'NONE',  ( 1.581483316254987725, -0.9630982727882290151, 6.224963405210897527 ) ) ;
#2483 = CARTESIAN_POINT ( 'NONE',  ( 0.000000000000000000, 0.000000000000000000, -24.99999999999999645 ) ) ;
#2484 = AXIS2_PLACEMENT_3D ( 'NONE', #3303, #69, #4414 ) ;
#2485 = CARTESIAN_POINT ( 'NONE',  ( -1.604595777321259353, -0.2253199674417109000, 6.466439418818335838 ) ) ;
#2486 = FILL_AREA_STYLE_COLOUR ( '', #3038 ) ;
#2487 = CARTESIAN_POINT ( 'NONE',  ( 0.7116697595867961246, -0.7140105255364348480, 6.810147480062467729 ) ) ;
#2488 = SURFACE_STYLE_USAGE ( .BOTH. , #2863 ) ;
#2489 =( LENGTH_UNIT ( ) NAMED_UNIT ( * ) SI_UNIT ( .MILLI., .METRE. ) );
#2490 = CARTESIAN_POINT ( 'NONE',  ( -0.2222050861161490309, -0.07409771390138791824, 6.992514959363925087 ) ) ;
#2491 = CARTESIAN_POINT ( 'NONE',  ( -2.004785239885731762, 1.150633993469916128, 0.1499999999999999667 ) ) ;
#2492 = CARTESIAN_POINT ( 'NONE',  ( -1.848643574387033306, -1.087140446095959279, -2.710505431213761085E-17 ) ) ;
#2493 = EDGE_CURVE ( 'NONE', #2087, #1821, #909, .T. ) ;
#2494 = CARTESIAN_POINT ( 'NONE',  ( -1.520000000000000018, 0.2500000000000000000, -26.00000000000000000 ) ) ;
#2495 = ORIENTED_EDGE ( 'NONE', *, *, #2859, .T. ) ;
#2496 = ORIENTED_EDGE ( 'NONE', *, *, #1245, .F. ) ;
#2497 = SURFACE_STYLE_USAGE ( .BOTH. , #654 ) ;
#2498 = CARTESIAN_POINT ( 'NONE',  ( 0.2055638764737015289, 0.009403071920316315169, 7.000000000000000000 ) ) ;
#2499 = SURFACE_SIDE_STYLE ('',( #1769 ) ) ;
#2500 = ORIENTED_EDGE ( 'NONE', *, *, #4313, .T. ) ;
#2501 = FILL_AREA_STYLE ('',( #1323 ) ) ;
#2502 = EDGE_LOOP ( 'NONE', ( #4042, #218, #2954, #631, #1739, #3291, #4538 ) ) ;
#2503 = EDGE_CURVE ( 'NONE', #2165, #2070, #517, .T. ) ;
#2504 = COLOUR_RGB ( '',1.000000000000000000, 0.000000000000000000, 0.000000000000000000 ) ;
#2505 = ORIENTED_EDGE ( 'NONE', *, *, #1060, .F. ) ;
#2506 = CARTESIAN_POINT ( 'NONE',  ( 0.7700000000000002398, 0.1749999999999998779, -0.5000000000000000000 ) ) ;
#2507 = VECTOR ( 'NONE', #575, 1000.000000000000000 ) ;
#2508 = CARTESIAN_POINT ( 'NONE',  ( 0.8361582979940680449, -1.604442912216759387, -2.710505431213761085E-17 ) ) ;
#2509 = EDGE_LOOP ( 'NONE', ( #3082, #1523, #2139 ) ) ;
#2510 = CARTESIAN_POINT ( 'NONE',  ( -1.440212232033563078, -1.520628143513036878, 5.315671038340839871 ) ) ;
#2511 =( LENGTH_UNIT ( ) NAMED_UNIT ( * ) SI_UNIT ( .MILLI., .METRE. ) );
#2512 = CARTESIAN_POINT ( 'NONE',  ( 2.388390264027412169, -0.1466688619863386889, 5.673802042134770574 ) ) ;
#2513 = SURFACE_STYLE_FILL_AREA ( #1680 ) ;
#2514 = CARTESIAN_POINT ( 'NONE',  ( -1.054277094622996236, -1.128117504708249452, 6.440858230652507288 ) ) ;
#2515 = CARTESIAN_POINT ( 'NONE',  ( 0.9700000000000003064, -0.5750000000000001776, -0.2000000000000000111 ) ) ;
#2516 = CARTESIAN_POINT ( 'NONE',  ( 0.5141925133075283538, 0.3531228982604044941, 6.941518771441599789 ) ) ;
#2517 = DIRECTION ( 'NONE',  ( 0.000000000000000000, 0.000000000000000000, -1.000000000000000000 ) ) ;
#2518 = CARTESIAN_POINT ( 'NONE',  ( -0.3854361188044332920, -0.3267825408503915452, 6.962756959941536650 ) ) ;
#2519 = CARTESIAN_POINT ( 'NONE',  ( 1.209743817229783636, 1.396700486066231317, 6.016179200199937682 ) ) ;
#2520 = FACE_OUTER_BOUND ( 'NONE', #1322, .T. ) ;
#2521 = CARTESIAN_POINT ( 'NONE',  ( -2.325529974163587976, -0.4374967586617456994, -2.710505431213760777E-17 ) ) ;
#2522 = ORIENTED_EDGE ( 'NONE', *, *, #2988, .T. ) ;
#2523 = EDGE_LOOP ( 'NONE', ( #4495, #1772, #1300, #3394 ) ) ;
#2524 = CARTESIAN_POINT ( 'NONE',  ( 0.8836258852723063439, -1.737910613478733435, 5.149999999999978151 ) ) ;
#2525 = SURFACE_SIDE_STYLE ('',( #2216 ) ) ;
#2526 = ORIENTED_EDGE ( 'NONE', *, *, #1325, .F. ) ;
#2527 = FILL_AREA_STYLE ('',( #2850 ) ) ;
#2529 = ADVANCED_FACE ( 'NONE', ( #121 ), #3220, .T. ) ;
#2528 = AXIS2_PLACEMENT_3D ( 'NONE', #4559, #2366, #1206 ) ;
#2530 = LINE ( 'NONE', #1798, #3207 ) ;
#2531 = DIRECTION ( 'NONE',  ( -1.000000000000000000, 1.084202172485504434E-16, -0.000000000000000000 ) ) ;
#2532 = CARTESIAN_POINT ( 'NONE',  ( -0.7983179898138681452, -1.760063771107749142, 0.1499999999999999667 ) ) ;
#2533 = CARTESIAN_POINT ( 'NONE',  ( -2.325321164057190249, -0.7572591727933474237, 5.281236287642678384 ) ) ;
#2534 = CARTESIAN_POINT ( 'NONE',  ( -0.9700000000000003064, -0.5750000000000001776, 0.000000000000000000 ) ) ;
#2535 = CARTESIAN_POINT ( 'NONE',  ( 1.650611378962539622, 1.252302039617499752, 5.810297604984232755 ) ) ;
#2536 = STYLED_ITEM ( 'NONE', ( #3041 ), #4535 ) ;
#2537 = CARTESIAN_POINT ( 'NONE',  ( -1.792466061306834835, -0.6291422800027415274, 6.220505705484160153 ) ) ;
#2538 = FILL_AREA_STYLE ('',( #1036 ) ) ;
#2539 = CARTESIAN_POINT ( 'NONE',  ( 1.492713516811534413, 0.4315776722000109755, 6.514308343433985904 ) ) ;
#2540 = FILL_AREA_STYLE ('',( #1140 ) ) ;
#2541 = CARTESIAN_POINT ( 'NONE',  ( -0.5996631022723921678, -0.6495675825198208297, 6.855163552933209559 ) ) ;
#2542 = CARTESIAN_POINT ( 'NONE',  ( 0.9215820126297522563, 1.064019535027384666, 6.540641683891996294 ) ) ;
#2543 = SURFACE_SIDE_STYLE ('',( #2915 ) ) ;
#2544 = FILL_AREA_STYLE ('',( #4798 ) ) ;
#2545 = CARTESIAN_POINT ( 'NONE',  ( 0.06041896927599565287, -0.004772330108309238289, 6.999999999999878320 ) ) ;
#2546 = VERTEX_POINT ( 'NONE', #2403 ) ;
#2547 = ORIENTED_EDGE ( 'NONE', *, *, #2204, .F. ) ;
#2548 = CARTESIAN_POINT ( 'NONE',  ( -0.2132113749342118003, -1.850089269881420861, 5.150000000000220624 ) ) ;
#2549 = CARTESIAN_POINT ( 'NONE',  ( 1.996735944135290319, -1.151666063801177531, 5.281902451715393632 ) ) ;
#2550 = CARTESIAN_POINT ( 'NONE',  ( -0.2103613153792401880, -0.2433948983454505555, 6.983107408968863616 ) ) ;
#2551 = VERTEX_POINT ( 'NONE', #4772 ) ;
#2552 = UNCERTAINTY_MEASURE_WITH_UNIT (LENGTH_MEASURE( 1.000000000000000082E-05 ), #2393, 'distance_accuracy_value', 'NONE');
#2553 = CARTESIAN_POINT ( 'NONE',  ( -1.570000000000000284, -0.1750000000000000722, -0.3000000000000000444 ) ) ;
#2554 = LINE ( 'NONE', #586, #1792 ) ;
#2555 =( LENGTH_UNIT ( ) NAMED_UNIT ( * ) SI_UNIT ( .MILLI., .METRE. ) );
#2556 = CARTESIAN_POINT ( 'NONE',  ( -0.7634985769391486876, -1.614024943322444283, -2.710505431213761085E-17 ) ) ;
#2557 = VERTEX_POINT ( 'NONE', #3261 ) ;
#2558 = CARTESIAN_POINT ( 'NONE',  ( -1.697095581611408832, -1.380383626841169997, 5.232370822086363837 ) ) ;
#2559 =( NAMED_UNIT ( * ) PLANE_ANGLE_UNIT ( ) SI_UNIT ( $, .RADIAN. ) );
#2560 = CIRCLE ( 'NONE', #223, 0.2000000000000000944 ) ;
#2561 = EDGE_CURVE ( 'NONE', #3388, #115, #2869, .T. ) ;
#2562 = CARTESIAN_POINT ( 'NONE',  ( 1.833362473884837751, 0.9270251571578053129, 5.994653704618158940 ) ) ;
#2563 = STYLED_ITEM ( 'NONE', ( #3036 ), #2054 ) ;
#2564 = CIRCLE ( 'NONE', #1540, 0.2000000000000000111 ) ;
#2565 = CARTESIAN_POINT ( 'NONE',  ( -1.293700473293694975, 1.269171730914675056, 6.150350747299444976 ) ) ;
#2566 = CARTESIAN_POINT ( 'NONE',  ( 1.356738174972885513, 1.566414066747252809, 5.149999999834289355 ) ) ;
#2567 = CARTESIAN_POINT ( 'NONE',  ( 1.021930239271923169, 1.092416517256193265, 6.485719518822809171 ) ) ;
#2568 = MECHANICAL_DESIGN_GEOMETRIC_PRESENTATION_REPRESENTATION (  '', ( #3430 ), #4438 ) ;
#2569 = CARTESIAN_POINT ( 'NONE',  ( -0.9700000000000003064, -0.1750000000000001554, -0.3000000000000000444 ) ) ;
#2570 = COLOUR_RGB ( '',1.000000000000000000, 0.000000000000000000, 0.000000000000000000 ) ;
#2571 = CARTESIAN_POINT ( 'NONE',  ( -0.5656266221030270547, 0.1844459881378915644, 6.943301324566859556 ) ) ;
#2572 = DIRECTION ( 'NONE',  ( 1.000000000000000000, -1.084202172485504434E-16, 0.000000000000000000 ) ) ;
#2573 =( LENGTH_UNIT ( ) NAMED_UNIT ( * ) SI_UNIT ( .MILLI., .METRE. ) );
#2574 = SURFACE_STYLE_USAGE ( .BOTH. , #4032 ) ;
#2575 = CARTESIAN_POINT ( 'NONE',  ( 0.1029515400956289017, 0.07160604378089194255, 6.998574766196555608 ) ) ;
#2576 = ORIENTED_EDGE ( 'NONE', *, *, #997, .T. ) ;
#2577 =( NAMED_UNIT ( * ) PLANE_ANGLE_UNIT ( ) SI_UNIT ( $, .RADIAN. ) );
#2578 = CARTESIAN_POINT ( 'NONE',  ( 1.698229437991161994, 1.379640677105306912, 5.232388177089860370 ) ) ;
#2579 = VERTEX_POINT ( 'NONE', #2494 ) ;
#2580 = DIRECTION ( 'NONE',  ( 1.000000000000000000, 0.000000000000000000, 0.000000000000000000 ) ) ;
#2581 = SURFACE_STYLE_USAGE ( .BOTH. , #1475 ) ;
#2582 = DIRECTION ( 'NONE',  ( 1.084202172485504434E-16, -1.000000000000000000, 0.000000000000000000 ) ) ;
#2583 = CARTESIAN_POINT ( 'NONE',  ( -2.549999999999997158, -0.1413556546157667959, 0.1499999999999999667 ) ) ;
#2584 = CARTESIAN_POINT ( 'NONE',  ( 2.010016014127177897, 0.9921780020486494767, 5.680542928104778788 ) ) ;
#2585 = VECTOR ( 'NONE', #2021, 1000.000000000000000 ) ;
#2586 =( NAMED_UNIT ( * ) PLANE_ANGLE_UNIT ( ) SI_UNIT ( $, .RADIAN. ) );
#2587 = EDGE_CURVE ( 'NONE', #2697, #4499, #3514, .T. ) ;
#2588 = CARTESIAN_POINT ( 'NONE',  ( -1.792524274087423208, 0.6290487518691734170, 6.220513578807834953 ) ) ;
#2589 = CARTESIAN_POINT ( 'NONE',  ( 1.570000000000000284, -0.1750000000000000722, -0.3000000000000000444 ) ) ;
#2590 = DIRECTION ( 'NONE',  ( 0.000000000000000000, 1.000000000000000000, 0.000000000000000000 ) ) ;
#2591 = DIRECTION ( 'NONE',  ( 0.000000000000000000, 0.000000000000000000, 1.000000000000000000 ) ) ;
#2592 = CARTESIAN_POINT ( 'NONE',  ( 1.238187039931440747, -0.9744136241185181735, 6.465150736686935851 ) ) ;
#2593 = EDGE_CURVE ( 'NONE', #4800, #103, #1712, .T. ) ;
#2594 = DIRECTION ( 'NONE',  ( -1.000000000000000000, 0.000000000000000000, -0.000000000000000000 ) ) ;
#2595 = CARTESIAN_POINT ( 'NONE',  ( -0.7543114079869205346, -0.6666571904205206289, 6.817134463259667321 ) ) ;
#2596 = SURFACE_SIDE_STYLE ('',( #2972 ) ) ;
#2597 = FILL_AREA_STYLE_COLOUR ( '', #4651 ) ;
#2598 = DIRECTION ( 'NONE',  ( 0.000000000000000000, -1.000000000000000000, 0.000000000000000000 ) ) ;
#2599 = CARTESIAN_POINT ( 'NONE',  ( 4.686308437449692685E-06, 0.000000000000000000, 6.999999999999999112 ) ) ;
#2600 = ORIENTED_EDGE ( 'NONE', *, *, #1785, .T. ) ;
#2601 = ORIENTED_EDGE ( 'NONE', *, *, #4602, .T. ) ;
#2602 =( NAMED_UNIT ( * ) SI_UNIT ( $, .STERADIAN. ) SOLID_ANGLE_UNIT ( ) );
#2603 = CARTESIAN_POINT ( 'NONE',  ( 1.770000000000000240, 0.3750000000000000000, -0.3000000000000000444 ) ) ;
#2604 = CARTESIAN_POINT ( 'NONE',  ( 1.992498527962487165, 1.155526760987249935, 5.281854724889881503 ) ) ;
#2605 = CARTESIAN_POINT ( 'NONE',  ( -0.8735695098415258153, -1.010765437156490254, 6.601683318560299440 ) ) ;
#2606 = ORIENTED_EDGE ( 'NONE', *, *, #3692, .T. ) ;
#2607 = SURFACE_SIDE_STYLE ('',( #356 ) ) ;
#2608 = SURFACE_STYLE_FILL_AREA ( #1828 ) ;
#2609 =( LENGTH_UNIT ( ) NAMED_UNIT ( * ) SI_UNIT ( .MILLI., .METRE. ) );
#2610 = CARTESIAN_POINT ( 'NONE',  ( -1.520000000000000018, 0.1749999999999999611, -0.5000000000000000000 ) ) ;
#2611 = CARTESIAN_POINT ( 'NONE',  ( 1.373129376202847363, 1.338777554693692196, 5.980523401269520534 ) ) ;
#2612 = COLOUR_RGB ( '',1.000000000000000000, 0.000000000000000000, 0.000000000000000000 ) ;
#2613 = DIRECTION ( 'NONE',  ( 0.000000000000000000, -1.000000000000000000, 0.000000000000000000 ) ) ;
#2614 = CARTESIAN_POINT ( 'NONE',  ( -1.138773677356289316, 1.317419982338518647, 6.184879711696892990 ) ) ;
#2615 = SURFACE_STYLE_USAGE ( .BOTH. , #1431 ) ;
#2616 = DIRECTION ( 'NONE',  ( 0.000000000000000000, 0.000000000000000000, -1.000000000000000000 ) ) ;
#2617 = CARTESIAN_POINT ( 'NONE',  ( 0.8757147334582462417, 0.8769119422909509298, 6.689455904288362120 ) ) ;
#2618 = PRODUCT ( 'C5SMF-RJE-CT0W0BB2', 'C5SMF-RJE-CT0W0BB2', '', ( #1001 ) ) ;
#2619 = PRESENTATION_LAYER_ASSIGNMENT (  '', '', ( #1998 ) ) ;
#2620 = DIRECTION ( 'NONE',  ( 0.000000000000000000, -0.000000000000000000, 1.000000000000000000 ) ) ;
#2621 = CARTESIAN_POINT ( 'NONE',  ( -0.7083832517706887266, 0.7159980118770401525, 6.809687572861930605 ) ) ;
#2622 = CARTESIAN_POINT ( 'NONE',  ( 0.4927063706239095953, 0.5688480411508743950, 6.891794424150671006 ) ) ;
#2623 = LINE ( 'NONE', #4090, #373 ) ;
#2624 =( GEOMETRIC_REPRESENTATION_CONTEXT ( 3 ) GLOBAL_UNCERTAINTY_ASSIGNED_CONTEXT ( ( #3572 ) ) GLOBAL_UNIT_ASSIGNED_CONTEXT ( ( #2720, #3882, #1582 ) ) REPRESENTATION_CONTEXT ( 'NONE', 'WORKASPACE' ) );
#2625 = CARTESIAN_POINT ( 'NONE',  ( 0.1805138757191501742, -0.1835540670601939206, 6.990449712318211439 ) ) ;
#2626 = ORIENTED_EDGE ( 'NONE', *, *, #2077, .F. ) ;
#2627 = ORIENTED_EDGE ( 'NONE', *, *, #523, .F. ) ;
#2628 = DIRECTION ( 'NONE',  ( -0.000000000000000000, -1.000000000000000000, -0.000000000000000000 ) ) ;
#2629 = CARTESIAN_POINT ( 'NONE',  ( -4.671608575681286983E-06, 0.000000000000000000, 6.999999999999999112 ) ) ;
#2630 = CARTESIAN_POINT ( 'NONE',  ( 1.528322969182293267, 1.474291047072094241, 5.315452751202921711 ) ) ;
#2631 = DIRECTION ( 'NONE',  ( -1.000000000000000000, 0.000000000000000000, -0.000000000000000000 ) ) ;
#2632 =( NAMED_UNIT ( * ) PLANE_ANGLE_UNIT ( ) SI_UNIT ( $, .RADIAN. ) );
#2633 = SURFACE_SIDE_STYLE ('',( #381 ) ) ;
#2634 = SURFACE_STYLE_USAGE ( .BOTH. , #3752 ) ;
#2635 = CARTESIAN_POINT ( 'NONE',  ( 1.757135482231137358, 1.315543537997684975, 5.416089829850929682 ) ) ;
#2636 = DIRECTION ( 'NONE',  ( 1.000000000000000000, 0.000000000000000000, 0.000000000000000000 ) ) ;
#2637 = CARTESIAN_POINT ( 'NONE',  ( -1.619532512796814094, 0.9871763183552755283, 6.169434498617710538 ) ) ;
#2638 = CARTESIAN_POINT ( 'NONE',  ( -0.9203396108535746301, 1.733766297619842245, 5.150000000000000355 ) ) ;
#2639 = CARTESIAN_POINT ( 'NONE',  ( 1.280387189160734795, -0.4785270452456549806, 6.640888164552062101 ) ) ;
#2640 = VECTOR ( 'NONE', #2013, 1000.000000000000000 ) ;
#2641 = PRESENTATION_LAYER_ASSIGNMENT (  '', '', ( #2020 ) ) ;
#2642 = CARTESIAN_POINT ( 'NONE',  ( -0.7255311608000668544, -0.4891802567979433580, 6.871803633693070346 ) ) ;
#2643 = CARTESIAN_POINT ( 'NONE',  ( -1.590243686021033165, -1.450542387272997225, -1.095407158424778468E-14 ) ) ;
#2644 = CARTESIAN_POINT ( 'NONE',  ( -2.710505431213759544E-17, 0.2499999999999998335, -0.4854049621773915968 ) ) ;
#2645 = VECTOR ( 'NONE', #1254, 1000.000000000000000 ) ;
#2646 = CARTESIAN_POINT ( 'NONE',  ( 0.08484772940195069169, 0.09795537390224558216, 6.998004683753941357 ) ) ;
#2647 = EDGE_LOOP ( 'NONE', ( #402, #4432, #4453, #267 ) ) ;
#2648 = STYLED_ITEM ( 'NONE', ( #2414 ), #2239 ) ;
#2649 = FACE_OUTER_BOUND ( 'NONE', #444, .T. ) ;
#2650 = CARTESIAN_POINT ( 'NONE',  ( 2.002114705601166111, -1.153823994062133540, 5.215641170117315539 ) ) ;
#2651 = CARTESIAN_POINT ( 'NONE',  ( -2.331252350695306674, 0.7583802173727525187, 5.231854364554251013 ) ) ;
#2652 = UNCERTAINTY_MEASURE_WITH_UNIT (LENGTH_MEASURE( 1.000000000000000082E-05 ), #2655, 'distance_accuracy_value', 'NONE');
#2653 = SURFACE_SIDE_STYLE ('',( #2929 ) ) ;
#2654 = MECHANICAL_DESIGN_GEOMETRIC_PRESENTATION_REPRESENTATION (  '', ( #312 ), #4681 ) ;
#2655 =( LENGTH_UNIT ( ) NAMED_UNIT ( * ) SI_UNIT ( .MILLI., .METRE. ) );
#2656 = LINE ( 'NONE', #1850, #275 ) ;
#2657 = CARTESIAN_POINT ( 'NONE',  ( 1.680708192537641477, 1.368382329877731340, 5.416180481667097979 ) ) ;
#2658 = EDGE_LOOP ( 'NONE', ( #4304, #712, #3652, #281, #70, #521, #2547, #1949 ) ) ;
#2659 = CARTESIAN_POINT ( 'NONE',  ( -2.549999999995988809, 7.282406378787782296E-16, 5.149999999834290243 ) ) ;
#2660 = CARTESIAN_POINT ( 'NONE',  ( -2.302095742096867959, 0.1456973938276907299, 5.801729475300963834 ) ) ;
#2661 = CARTESIAN_POINT ( 'NONE',  ( 1.770000000000000240, 0.1749999999999999611, -0.3000000000000000444 ) ) ;
#2662 = PRESENTATION_STYLE_ASSIGNMENT (( #1241 ) ) ;
#2663 = CARTESIAN_POINT ( 'NONE',  ( 1.435962055045357122, -1.108776137819338814, 6.218892639823589974 ) ) ;
#2664 = VECTOR ( 'NONE', #535, 1000.000000000000000 ) ;
#2665 = CARTESIAN_POINT ( 'NONE',  ( -1.066485238266194013, -1.059478216177418330, 6.493217316085003965 ) ) ;
#2666 = FILL_AREA_STYLE_COLOUR ( '', #3198 ) ;
#2667 = CARTESIAN_POINT ( 'NONE',  ( 1.311851747248981015, -1.505487315381533131, 5.671867453462419384 ) ) ;
#2668 = FACE_OUTER_BOUND ( 'NONE', #3619, .T. ) ;
#2669 = CARTESIAN_POINT ( 'NONE',  ( 0.4476533775342718124, -0.4535149740492159243, 6.933852824651788538 ) ) ;
#2670 = ORIENTED_EDGE ( 'NONE', *, *, #3078, .F. ) ;
#2671 = FACE_OUTER_BOUND ( 'NONE', #4456, .T. ) ;
#2672 = CARTESIAN_POINT ( 'NONE',  ( -0.7700000000000002398, -0.1750000000000001277, -0.1999999999999999833 ) ) ;
#2673 = CARTESIAN_POINT ( 'NONE',  ( -1.996567492595451299, 1.157494066038725844, 5.232115144366304982 ) ) ;
#2674 = DIRECTION ( 'NONE',  ( 0.000000000000000000, 0.000000000000000000, -1.000000000000000000 ) ) ;
#2675 = CIRCLE ( 'NONE', #1346, 0.2000000000000000944 ) ;
#2676 = SURFACE_SIDE_STYLE ('',( #2608 ) ) ;
#2677 = PRESENTATION_STYLE_ASSIGNMENT (( #2317 ) ) ;
#2678 = LINE ( 'NONE', #794, #986 ) ;
#2679 = CARTESIAN_POINT ( 'NONE',  ( 1.515380713929520340, -1.455799194951683084, 5.481654769445384545 ) ) ;
#2680 = EDGE_CURVE ( 'NONE', #1574, #1, #999, .T. ) ;
#2681 = ORIENTED_EDGE ( 'NONE', *, *, #4085, .F. ) ;
#2682 = DIRECTION ( 'NONE',  ( 1.000000000000000000, 0.000000000000000000, 0.000000000000000000 ) ) ;
#2683 = STYLED_ITEM ( 'NONE', ( #4545 ), #3814 ) ;
#2684 = CARTESIAN_POINT ( 'NONE',  ( -1.735866826083205527, -1.042968720768935098, 5.995922467447454274 ) ) ;
#2685 = FILL_AREA_STYLE ('',( #410 ) ) ;
#2686 = CARTESIAN_POINT ( 'NONE',  ( -1.354626054657419365, -1.567375899864257738, 5.166295525755151274 ) ) ;
#2687 = COLOUR_RGB ( '',1.000000000000000000, 0.000000000000000000, 0.000000000000000000 ) ;
#2688 = CARTESIAN_POINT ( 'NONE',  ( 1.731323811576700011, -0.2364138722867996367, 6.371874267582913198 ) ) ;
#2689 = CYLINDRICAL_SURFACE ( 'NONE', #1035, 0.2000000000000000111 ) ;
#2690 = CARTESIAN_POINT ( 'NONE',  ( -0.9544396289617930185, 0.9535378427970614412, 6.617942989507496598 ) ) ;
#2691 = CARTESIAN_POINT ( 'NONE',  ( -2.403260367122246333, 0.1009628148502127315, -2.710505431213761085E-17 ) ) ;
#2692 = FACE_OUTER_BOUND ( 'NONE', #4332, .T. ) ;
#2693 = SURFACE_STYLE_USAGE ( .BOTH. , #60 ) ;
#2694 = CARTESIAN_POINT ( 'NONE',  ( 0.2360973207129991591, 0.2136523714263079132, 6.985458227618121185 ) ) ;
#2695 = SURFACE_SIDE_STYLE ('',( #116 ) ) ;
#2696 = CARTESIAN_POINT ( 'NONE',  ( -0.05253006522124124833, 0.03629475770337261403, 6.999999999999856115 ) ) ;
#2697 = VERTEX_POINT ( 'NONE', #279 ) ;
#2698 = PRESENTATION_LAYER_ASSIGNMENT (  '', '', ( #2313 ) ) ;
#2699 = CARTESIAN_POINT ( 'NONE',  ( -2.522706935735326894, -0.3116897410408024927, 5.166295604831233845 ) ) ;
#2700 = CARTESIAN_POINT ( 'NONE',  ( 2.172288967552375105, -0.7310906255151714550, -2.710505431213761701E-17 ) ) ;
#2701 = ORIENTED_EDGE ( 'NONE', *, *, #4318, .T. ) ;
#2702 = CARTESIAN_POINT ( 'NONE',  ( -0.9700000000000003064, 0.1749999999999998501, 0.000000000000000000 ) ) ;
#2703 = PLANE ( 'NONE',  #74 ) ;
#2704 = CARTESIAN_POINT ( 'NONE',  ( 2.299767622309467630, -0.7473907706768738723, 5.413728653306233873 ) ) ;
#2705 = ORIENTED_EDGE ( 'NONE', *, *, #2807, .F. ) ;
#2706 = COLOUR_RGB ( '',1.000000000000000000, 0.000000000000000000, 0.000000000000000000 ) ;
#2707 = CARTESIAN_POINT ( 'NONE',  ( 1.362490098663224458, -1.563784101280355721, 5.166305576458350757 ) ) ;
#2708 = FILL_AREA_STYLE ('',( #4565 ) ) ;
#2709 = CARTESIAN_POINT ( 'NONE',  ( -1.371632197196464675, -1.339595487751257030, 5.980392382392332173 ) ) ;
#2710 = ADVANCED_FACE ( 'NONE', ( #1414 ), #3663, .T. ) ;
#2711 = DIRECTION ( 'NONE',  ( 1.000000000000000000, -0.000000000000000000, -0.000000000000000000 ) ) ;
#2712 = CARTESIAN_POINT ( 'NONE',  ( -1.138650161113923698, -1.317479201994074423, 6.184868200761271417 ) ) ;
#2713 = AXIS2_PLACEMENT_3D ( 'NONE', #3498, #4149, #2296 ) ;
#2714 = CARTESIAN_POINT ( 'NONE',  ( 1.193373378932634621, 1.017394476175270901, 6.460824511618751487 ) ) ;
#2715 =( GEOMETRIC_REPRESENTATION_CONTEXT ( 3 ) GLOBAL_UNCERTAINTY_ASSIGNED_CONTEXT ( ( #4258 ) ) GLOBAL_UNIT_ASSIGNED_CONTEXT ( ( #1838, #3338, #4009 ) ) REPRESENTATION_CONTEXT ( 'NONE', 'WORKASPACE' ) );
#2716 = CARTESIAN_POINT ( 'NONE',  ( 1.897353801849635225E-17, -0.1750000000000002387, -0.3000000000000000444 ) ) ;
#2717 = CARTESIAN_POINT ( 'NONE',  ( -1.492181378826711535, -0.4309836889486655109, 6.513793201271290023 ) ) ;
#2718 =( NAMED_UNIT ( * ) SI_UNIT ( $, .STERADIAN. ) SOLID_ANGLE_UNIT ( ) );
#2719 = EDGE_CURVE ( 'NONE', #1005, #3135, #1053, .T. ) ;
#2720 =( LENGTH_UNIT ( ) NAMED_UNIT ( * ) SI_UNIT ( .MILLI., .METRE. ) );
#2721 = CARTESIAN_POINT ( 'NONE',  ( 0.5821663490372092076, -0.04586926707244796952, 6.943453501178530551 ) ) ;
#2722 = AXIS2_PLACEMENT_3D ( 'NONE', #3585, #967, #273 ) ;
#2723 = VECTOR ( 'NONE', #4378, 1000.000000000000000 ) ;
#2724 =( NAMED_UNIT ( * ) SI_UNIT ( $, .STERADIAN. ) SOLID_ANGLE_UNIT ( ) );
#2725 = PRESENTATION_LAYER_ASSIGNMENT (  '', '', ( #3043 ) ) ;
#2726 = CARTESIAN_POINT ( 'NONE',  ( -0.08472665064611464847, -0.09802826811570550247, 6.998001954153159510 ) ) ;
#2727 = CARTESIAN_POINT ( 'NONE',  ( 2.558074968205458877, 0.03918097457153031649, -2.710505431213761085E-17 ) ) ;
#2728 = ORIENTED_EDGE ( 'NONE', *, *, #177, .F. ) ;
#2729 = CARTESIAN_POINT ( 'NONE',  ( -1.445524595868890261, 1.525774097563186826, 5.183126680721847457 ) ) ;
#2730 =( NAMED_UNIT ( * ) PLANE_ANGLE_UNIT ( ) SI_UNIT ( $, .RADIAN. ) );
#2731 = FILL_AREA_STYLE_COLOUR ( '', #2570 ) ;
#2732 = SURFACE_STYLE_USAGE ( .BOTH. , #518 ) ;
#2733 = LINE ( 'NONE', #2756, #1908 ) ;
#2734 = FILL_AREA_STYLE_COLOUR ( '', #4749 ) ;
#2735 = MECHANICAL_DESIGN_GEOMETRIC_PRESENTATION_REPRESENTATION (  '', ( #693 ), #4205 ) ;
#2736 = CARTESIAN_POINT ( 'NONE',  ( 2.374653667429222459, 0.6077328768461055519, 5.413176364398655238 ) ) ;
#2737 = VERTEX_POINT ( 'NONE', #958 ) ;
#2738 = CARTESIAN_POINT ( 'NONE',  ( 1.777387312845728706, 1.327046218892719009, 5.215653141122754910 ) ) ;
#2739 = CARTESIAN_POINT ( 'NONE',  ( -1.280814443735518671, -1.481971563616245380, 5.786480824318568139 ) ) ;
#2740 = B_SPLINE_CURVE_WITH_KNOTS ( 'NONE', 3,
 ( #2886, #3213, #902, #2099, #247, #2126 ),
 .UNSPECIFIED., .F., .F.,
 ( 4, 2, 4 ),
 ( 0.01378173363517519109, 0.01391431690391126998, 0.01404690017264734886 ),
 .UNSPECIFIED. ) ;
#2741 = CARTESIAN_POINT ( 'NONE',  ( -1.970000000000000417, -0.3750000000000000555, 0.000000000000000000 ) ) ;
#2742 = CARTESIAN_POINT ( 'NONE',  ( 2.549999999999999378, -2.168404344971008868E-16, 0.1499999999999999667 ) ) ;
#2743 = CARTESIAN_POINT ( 'NONE',  ( 1.618350462182192695, 0.1140626443001962892, 6.466214300523644098 ) ) ;
#2744 = CARTESIAN_POINT ( 'NONE',  ( -1.020684630506047741, 1.093079602035248232, 6.485575034448372911 ) ) ;
#2745 =( NAMED_UNIT ( * ) PLANE_ANGLE_UNIT ( ) SI_UNIT ( $, .RADIAN. ) );
#2746 = CARTESIAN_POINT ( 'NONE',  ( 0.2549860791026789530, 0.1776006365495305106, 6.986819986026093332 ) ) ;
#2747 = EDGE_CURVE ( 'NONE', #2811, #361, #1373, .T. ) ;
#2748 = CARTESIAN_POINT ( 'NONE',  ( -0.04797196850769501475, -0.04333435388170241154, 6.999999999999841904 ) ) ;
#2749 = CARTESIAN_POINT ( 'NONE',  ( 0.9700000000000003064, 0.1749999999999999056, -0.5000000000000000000 ) ) ;
#2750 = CARTESIAN_POINT ( 'NONE',  ( -1.699239926700296888, 1.381574555471148269, 5.149999999834288467 ) ) ;
#2751 = CARTESIAN_POINT ( 'NONE',  ( 0.7700000000000002398, -0.5750000000000001776, 0.000000000000000000 ) ) ;
#2752 = PRESENTATION_STYLE_ASSIGNMENT (( #3461 ) ) ;
#2753 = STYLED_ITEM ( 'NONE', ( #1562 ), #3324 ) ;
#2754 = EDGE_CURVE ( 'NONE', #2288, #1574, #2878, .T. ) ;
#2755 = CARTESIAN_POINT ( 'NONE',  ( 1.770000000000000240, -0.1750000000000000722, -0.5000000000000000000 ) ) ;
#2756 = CARTESIAN_POINT ( 'NONE',  ( -0.7700000000000002398, -0.5750000000000001776, 0.000000000000000000 ) ) ;
#2757 = CARTESIAN_POINT ( 'NONE',  ( 2.376853251866859473, -0.2343900993573579672, 0.000000000000000000 ) ) ;
#2758 = UNCERTAINTY_MEASURE_WITH_UNIT (LENGTH_MEASURE( 1.000000000000000082E-05 ), #3551, 'distance_accuracy_value', 'NONE');
#2759 = ORIENTED_EDGE ( 'NONE', *, *, #553, .T. ) ;
#2760 = CARTESIAN_POINT ( 'NONE',  ( 2.549712053422472646, 0.1579337380942080205, 5.166301589463764721 ) ) ;
#2761 = MECHANICAL_DESIGN_GEOMETRIC_PRESENTATION_REPRESENTATION (  '', ( #877 ), #1659 ) ;
#2762 = CARTESIAN_POINT ( 'NONE',  ( -1.301809110917237611, 1.381721573707006323, 5.973417466381329533 ) ) ;
#2763 = CARTESIAN_POINT ( 'NONE',  ( -2.301904347227754943, 0.4954107775412687209, -2.710505431213761701E-17 ) ) ;
#2764 = DIRECTION ( 'NONE',  ( -1.000000000000000000, 0.000000000000000000, -0.000000000000000000 ) ) ;
#2765 = CARTESIAN_POINT ( 'NONE',  ( 1.320823508180230199, -1.031410591778174846, 6.371833220817252119 ) ) ;
#2766 = VERTEX_POINT ( 'NONE', #4335 ) ;
#2767 = CARTESIAN_POINT ( 'NONE',  ( -1.151768050071231286, 0.9865144588163947681, 6.504690359632951058 ) ) ;
#2768 = DIRECTION ( 'NONE',  ( 0.000000000000000000, 0.000000000000000000, -1.000000000000000000 ) ) ;
#2769 = LINE ( 'NONE', #3428, #2640 ) ;
#2770 = CARTESIAN_POINT ( 'NONE',  ( 0.2837309405725987888, 0.04700550901077278632, 6.987782436949023790 ) ) ;
#2771 = CARTESIAN_POINT ( 'NONE',  ( -0.9700000000000003064, -0.1750000000000001277, -0.3000000000000000444 ) ) ;
#2772 = CARTESIAN_POINT ( 'NONE',  ( -0.09036434639066141805, 0.09252883681005159844, 6.998199537525620073 ) ) ;
#2773 = CARTESIAN_POINT ( 'NONE',  ( -2.524113808041864804, 0.2629333856134867808, 0.000000000000000000 ) ) ;
#2774 = CARTESIAN_POINT ( 'NONE',  ( -1.776471750685615136, -1.327700698386459210, 5.215637945575448242 ) ) ;
#2776 = EDGE_CURVE ( 'NONE', #1623, #1820, #4440, .T. ) ;
#2775 = AXIS2_PLACEMENT_3D ( 'NONE', #1670, #3079, #2428 ) ;
#2777 = CARTESIAN_POINT ( 'NONE',  ( 1.020000000000000018, 0.2499999999999999445, -24.99999999999999645 ) ) ;
#2778 = COLOUR_RGB ( '',1.000000000000000000, 0.000000000000000000, 0.000000000000000000 ) ;
#2779 = CARTESIAN_POINT ( 'NONE',  ( 0.5700000000000001732, 0.1749999999999998501, 0.000000000000000000 ) ) ;
#2780 = EDGE_LOOP ( 'NONE', ( #1942, #3696, #2452, #2505 ) ) ;
#2781 = CARTESIAN_POINT ( 'NONE',  ( -1.937272221522022386, -1.209016099008618950, 0.1499999999999999944 ) ) ;
#2782 = EDGE_CURVE ( 'NONE', #2766, #2288, #1027, .T. ) ;
#2783 = CARTESIAN_POINT ( 'NONE',  ( 1.534575743386192848, 1.479524298072207866, 5.166298522544853888 ) ) ;
#2784 = AXIS2_PLACEMENT_3D ( 'NONE', #4102, #3809, #456 ) ;
#2785 = CARTESIAN_POINT ( 'NONE',  ( -1.508584814006500796, 1.459532313839851714, 5.481415973969172128 ) ) ;
#2786 = CARTESIAN_POINT ( 'NONE',  ( -1.903704837439856856, 1.039223649174084496, -2.710505431213760161E-17 ) ) ;
#2787 = CARTESIAN_POINT ( 'NONE',  ( 1.164274644164986272, 1.344205663616638180, 6.131798901636433818 ) ) ;
#2788 = CARTESIAN_POINT ( 'NONE',  ( -1.348438064152420734, -0.8488787822523298221, 6.472061238905473246 ) ) ;
#2789 = CARTESIAN_POINT ( 'NONE',  ( 2.523985123671225406, -0.2635827747973301660, 0.1499999999999999667 ) ) ;
#2790 = CARTESIAN_POINT ( 'NONE',  ( 0.7519948027897266352, 0.4340006508223036574, 6.873268649466294455 ) ) ;
#2791 = PRESENTATION_LAYER_ASSIGNMENT (  '', '', ( #4265 ) ) ;
#2792 = CARTESIAN_POINT ( 'NONE',  ( -0.2152391987469773060, 1.850107755461259718, 7.000000000000134115 ) ) ;
#2793 = CARTESIAN_POINT ( 'NONE',  ( -0.04248756587177252020, -0.04915518495287832940, 6.999999999999825029 ) ) ;
#2794 = CARTESIAN_POINT ( 'NONE',  ( -2.464482990939043994, 0.5642319451515053208, 0.1499999999999999667 ) ) ;
#2795 = CARTESIAN_POINT ( 'NONE',  ( -2.126798485127067373, -1.031879138700113829, 5.182649832264329959 ) ) ;
#2796 = CARTESIAN_POINT ( 'NONE',  ( -1.275449715656175709, -1.442305274631735745, -2.710505431213761085E-17 ) ) ;
#2797 = MECHANICAL_DESIGN_GEOMETRIC_PRESENTATION_REPRESENTATION (  '', ( #675 ), #4825 ) ;
#2798 = B_SPLINE_CURVE_WITH_KNOTS ( 'NONE', 3,
 ( #2052, #568, #2763, #3164, #897, #2786, #4239, #3582, #1723, #3187, #4264, #2457, #3533, #4708, #1657, #4287, #2072, #3556, #220, #1286, #4645, #4664, #4314, #2835 ),
 .UNSPECIFIED., .F., .F.,
 ( 4, 2, 2, 2, 2, 2, 2, 2, 2, 2, 2, 4 ),
 ( 0.006782437406058161589, 0.007191325686446026905, 0.007600213966833893088, 0.008009102247221757537, 0.008417990527609624588, 0.009235767088385355220, 0.01005354364916108759, 0.01087132020993681822, 0.01168909677071254885, 0.01250687333148828122, 0.01291576161187614827, 0.01332464989226401358 ),
 .UNSPECIFIED. ) ;
#2799 = CARTESIAN_POINT ( 'NONE',  ( 2.549999999999998934, -3.699999999999999734, 5.150000000000000355 ) ) ;
#2800 = MECHANICAL_DESIGN_GEOMETRIC_PRESENTATION_REPRESENTATION (  '', ( #1617 ), #1537 ) ;
#2801 = CARTESIAN_POINT ( 'NONE',  ( -0.7700000000000002398, -0.3750000000000001665, -0.1999999999999999833 ) ) ;
#2802 = EDGE_LOOP ( 'NONE', ( #449, #4406, #1046, #3778 ) ) ;
#2803 =( NAMED_UNIT ( * ) SI_UNIT ( $, .STERADIAN. ) SOLID_ANGLE_UNIT ( ) );
#2804 = UNCERTAINTY_MEASURE_WITH_UNIT (LENGTH_MEASURE( 1.000000000000000082E-05 ), #1771, 'distance_accuracy_value', 'NONE');
#2805 = AXIS2_PLACEMENT_3D ( 'NONE', #389, #1455, #33 ) ;
#2806 = AXIS2_PLACEMENT_3D ( 'NONE', #1344, #2847, #2082 ) ;
#2807 = EDGE_CURVE ( 'NONE', #103, #310, #2530, .T. ) ;
#2808 = CARTESIAN_POINT ( 'NONE',  ( 2.334278033353297310, 0.7598105661817243783, 5.182661140390799837 ) ) ;
#2809 = FACE_OUTER_BOUND ( 'NONE', #260, .T. ) ;
#2810 = CARTESIAN_POINT ( 'NONE',  ( -2.325561302564690624, -0.4374095695689372287, -2.710505431213761085E-17 ) ) ;
#2811 = VERTEX_POINT ( 'NONE', #2115 ) ;
#2812 = CARTESIAN_POINT ( 'NONE',  ( -2.398747443516942024, 0.6105946078069666161, 5.314072469179956570 ) ) ;
#2813 = DIRECTION ( 'NONE',  ( -0.000000000000000000, -0.000000000000000000, -1.000000000000000000 ) ) ;
#2814 =( LENGTH_UNIT ( ) NAMED_UNIT ( * ) SI_UNIT ( .MILLI., .METRE. ) );
#2815 = CARTESIAN_POINT ( 'NONE',  ( 1.702943890892554490, -1.021762248896974201, 6.055929538355642627 ) ) ;
#2816 = AXIS2_PLACEMENT_3D ( 'NONE', #142, #3892, #1995 ) ;
#2817 = CARTESIAN_POINT ( 'NONE',  ( -1.806936251465085519, 0.1224930032118788925, 6.319755148808498646 ) ) ;
#2818 = DIRECTION ( 'NONE',  ( 0.000000000000000000, 0.000000000000000000, 1.000000000000000000 ) ) ;
#2819 = UNCERTAINTY_MEASURE_WITH_UNIT (LENGTH_MEASURE( 1.000000000000000082E-05 ), #2202, 'distance_accuracy_value', 'NONE');
#2820 = CARTESIAN_POINT ( 'NONE',  ( 1.047737036237510910, -0.6785815308656890643, 6.710283206521749477 ) ) ;
#2821 = CARTESIAN_POINT ( 'NONE',  ( -0.2152391987437888843, 1.850107761855538824, 5.150000000000089173 ) ) ;
#2822 = CARTESIAN_POINT ( 'NONE',  ( -0.3767848317333361008, 0.3404088173369897996, 6.961861914947320429 ) ) ;
#2823 = CARTESIAN_POINT ( 'NONE',  ( -0.03781041950329152440, 1.861156766445235755, 0.1499999999999999667 ) ) ;
#2824 =( NAMED_UNIT ( * ) SI_UNIT ( $, .STERADIAN. ) SOLID_ANGLE_UNIT ( ) );
#2825 = SURFACE_STYLE_USAGE ( .BOTH. , #2917 ) ;
#2826 = VECTOR ( 'NONE', #583, 1000.000000000000000 ) ;
#2827 = CARTESIAN_POINT ( 'NONE',  ( -1.570000000000000284, -0.1750000000000000722, -0.3000000000000000444 ) ) ;
#2828 = ORIENTED_EDGE ( 'NONE', *, *, #3723, .F. ) ;
#2829 = CIRCLE ( 'NONE', #1973, 0.1999999999999999833 ) ;
#2830 = VERTEX_POINT ( 'NONE', #3226 ) ;
#2831 = CARTESIAN_POINT ( 'NONE',  ( 2.550283414626300260, -0.1530011577393926014, 5.149999999834289355 ) ) ;
#2832 = SURFACE_STYLE_FILL_AREA ( #2880 ) ;
#2833 = ORIENTED_EDGE ( 'NONE', *, *, #2836, .F. ) ;
#2834 = CARTESIAN_POINT ( 'NONE',  ( -1.526864550449722024, 1.475094772588569025, 5.315421074510568999 ) ) ;
#2835 = CARTESIAN_POINT ( 'NONE',  ( 2.376853251866859473, -0.2343900993573579672, 0.000000000000000000 ) ) ;
#2836 = EDGE_CURVE ( 'NONE', #1536, #605, #637, .T. ) ;
#2837 = CARTESIAN_POINT ( 'NONE',  ( 1.412879799817578386, 1.181899895442744208, 6.161004577454828102 ) ) ;
#2838 = CARTESIAN_POINT ( 'NONE',  ( -1.744586868921746303, 0.1193011949622560103, 6.370193263713153975 ) ) ;
#2839 = CARTESIAN_POINT ( 'NONE',  ( 0.7700000000000002398, 0.1749999999999998501, -0.1999999999999999833 ) ) ;
#2840 = EDGE_CURVE ( 'NONE', #544, #361, #4046, .T. ) ;
#2841 = CARTESIAN_POINT ( 'NONE',  ( 0.4715295911471317214, 0.4235166292095663976, 6.937127096300213402 ) ) ;
#2842 = PRESENTATION_STYLE_ASSIGNMENT (( #3564 ) ) ;
#2843 = VECTOR ( 'NONE', #1580, 1000.000000000000000 ) ;
#2844 = CARTESIAN_POINT ( 'NONE',  ( -0.2734916833490400601, -0.1148934947955893432, 6.987559351918463335 ) ) ;
#2845 = CARTESIAN_POINT ( 'NONE',  ( -0.03781041933924257636, 1.861156768798492012, -2.951921855576050878E-14 ) ) ;
#2846 = CARTESIAN_POINT ( 'NONE',  ( 1.570000000000000284, -0.5750000000000000666, 0.000000000000000000 ) ) ;
#2847 = DIRECTION ( 'NONE',  ( -0.000000000000000000, -1.000000000000000000, -0.000000000000000000 ) ) ;
#2848 = CARTESIAN_POINT ( 'NONE',  ( 4.686308437449692685E-06, 0.000000000000000000, 6.999999999999999112 ) ) ;
#2849 = ORIENTED_EDGE ( 'NONE', *, *, #4709, .T. ) ;
#2850 = FILL_AREA_STYLE_COLOUR ( '', #1702 ) ;
#2851 = VERTEX_POINT ( 'NONE', #264 ) ;
#2852 = PRESENTATION_LAYER_ASSIGNMENT (  '', '', ( #4805 ) ) ;
#2853 = CARTESIAN_POINT ( 'NONE',  ( -1.770000000000000240, -0.1750000000000000444, -0.5000000000000000000 ) ) ;
#2854 = CARTESIAN_POINT ( 'NONE',  ( -2.549999999999996270, 3.700000000000001066, 0.1499999999999996891 ) ) ;
#2855 = PRESENTATION_STYLE_ASSIGNMENT (( #4310 ) ) ;
#2856 = CARTESIAN_POINT ( 'NONE',  ( -1.517547158174982647, -1.467358821268372804, 5.415336194336712872 ) ) ;
#2857 = B_SPLINE_CURVE_WITH_KNOTS ( 'NONE', 3,
 ( #493, #1994, #3484, #2700, #4185, #447, #3101, #1567, #141, #4586, #1392, #3260, #2107, #953, #3197, #1689, #4695, #2892, #2796, #2447, #1711, #2492, #4748, #3936, #580, #2521, #4675, #3989, #255, #2467 ),
 .UNSPECIFIED., .F., .F.,
 ( 4, 2, 2, 2, 2, 2, 2, 2, 2, 2, 2, 2, 2, 2, 4 ),
 ( 0.0002355302329338870122, 0.0006447119312541542630, 0.001053893629574421649, 0.001463075327894688277, 0.001872257026214955121, 0.002690620422855487942, 0.003508983819496022064, 0.003918165517816289342, 0.004327347216136556186, 0.004736528914456823898, 0.005145710612777090742, 0.005554892311097358454, 0.005964074009417626165, 0.006373255707737893877, 0.006782437406058161589 ),
 .UNSPECIFIED. ) ;
#2858 = CARTESIAN_POINT ( 'NONE',  ( 1.213476657322387631, -1.392754856981910594, 6.021382604312361053 ) ) ;
#2859 = EDGE_CURVE ( 'NONE', #1742, #3412, #2554, .T. ) ;
#2860 = CARTESIAN_POINT ( 'NONE',  ( -1.412103837681105034, 0.7536793089968585324, 6.472355029812655758 ) ) ;
#2861 = LINE ( 'NONE', #2056, #2404 ) ;
#2862 = CARTESIAN_POINT ( 'NONE',  ( 0.8333663748257394976, 0.06548002499343937022, 6.873738410581799130 ) ) ;
#2863 = SURFACE_SIDE_STYLE ('',( #2380 ) ) ;
#2864 = ADVANCED_FACE ( 'NONE', ( #287 ), #4782, .F. ) ;
#2865 = DIRECTION ( 'NONE',  ( 0.000000000000000000, -1.000000000000000000, 0.000000000000000000 ) ) ;
#2866 = CARTESIAN_POINT ( 'NONE',  ( -0.2243018224666597227, 0.2297499963886166507, 6.984447031666749517 ) ) ;
#2867 = CARTESIAN_POINT ( 'NONE',  ( 1.339712001185142887, 1.588593199644996234, -2.710505431213761085E-16 ) ) ;
#2868 = FILL_AREA_STYLE ('',( #188 ) ) ;
#2869 = LINE ( 'NONE', #3546, #2416 ) ;
#2870 = ORIENTED_EDGE ( 'NONE', *, *, #2719, .T. ) ;
#2871 = EDGE_LOOP ( 'NONE', ( #3486, #3031, #170, #3554 ) ) ;
#2872 =( NAMED_UNIT ( * ) PLANE_ANGLE_UNIT ( ) SI_UNIT ( $, .RADIAN. ) );
#2873 = CARTESIAN_POINT ( 'NONE',  ( 0.8836258996759147610, -1.737910659914244649, 6.999999999999957367 ) ) ;
#2874 = VECTOR ( 'NONE', #65, 1000.000000000000000 ) ;
#2875 = ORIENTED_EDGE ( 'NONE', *, *, #293, .F. ) ;
#2876 = ORIENTED_EDGE ( 'NONE', *, *, #2003, .T. ) ;
#2877 = PRESENTATION_LAYER_ASSIGNMENT (  '', '', ( #1877 ) ) ;
#2878 = LINE ( 'NONE', #2924, #3281 ) ;
#2879 = DIRECTION ( 'NONE',  ( -1.000000000000000000, -1.084202172485504434E-16, 0.000000000000000000 ) ) ;
#2880 = FILL_AREA_STYLE ('',( #1329 ) ) ;
#2881 = ORIENTED_EDGE ( 'NONE', *, *, #2593, .T. ) ;
#2882 = CARTESIAN_POINT ( 'NONE',  ( -1.756333650220773590, 1.316104518853286054, 5.416027049580907082 ) ) ;
#2883 = PRESENTATION_STYLE_ASSIGNMENT (( #1378 ) ) ;
#2884 = CARTESIAN_POINT ( 'NONE',  ( 1.911194384186164053, 0.2585037408129529091, 6.215555980171188821 ) ) ;
#2885 = CARTESIAN_POINT ( 'NONE',  ( -1.684570204008024819, 0.5998480636698086954, 6.325968935918165670 ) ) ;
#2886 = CARTESIAN_POINT ( 'NONE',  ( 2.523985123671225406, -0.2635827747973301660, 0.1499999999999999667 ) ) ;
#2887 = VECTOR ( 'NONE', #1790, 1000.000000000000000 ) ;
#2888 = CARTESIAN_POINT ( 'NONE',  ( 0.5774407257756327683, 0.6666776801990197399, 6.850428092251622303 ) ) ;
#2889 = CARTESIAN_POINT ( 'NONE',  ( -0.4478549750524012940, 0.1477403972062610871, 6.966385065142550737 ) ) ;
#2890 = CARTESIAN_POINT ( 'NONE',  ( 1.770000000000000240, -0.1750000000000000444, -0.5000000000000000000 ) ) ;
#2891 = CARTESIAN_POINT ( 'NONE',  ( -1.445617233049689476, -1.525984640044259155, 5.149999999834290243 ) ) ;
#2892 = CARTESIAN_POINT ( 'NONE',  ( -1.151281500563417381, -1.493737099847731731, -2.710505431213760777E-17 ) ) ;
#2893 =( NAMED_UNIT ( * ) PLANE_ANGLE_UNIT ( ) SI_UNIT ( $, .RADIAN. ) );
#2894 = ADVANCED_FACE ( 'NONE', ( #4479 ), #3700, .F. ) ;
#2895 = ORIENTED_EDGE ( 'NONE', *, *, #2840, .F. ) ;
#2896 = ORIENTED_EDGE ( 'NONE', *, *, #2385, .F. ) ;
#2897 = CARTESIAN_POINT ( 'NONE',  ( 0.5031331190869341441, 0.08102134187355766737, 7.000000000000001776 ) ) ;
#2898 = SURFACE_STYLE_USAGE ( .BOTH. , #2499 ) ;
#2899 = ORIENTED_EDGE ( 'NONE', *, *, #3232, .F. ) ;
#2900 = LINE ( 'NONE', #4780, #2723 ) ;
#2901 = UNCERTAINTY_MEASURE_WITH_UNIT (LENGTH_MEASURE( 1.000000000000000082E-05 ), #2814, 'distance_accuracy_value', 'NONE');
#2902 =( GEOMETRIC_REPRESENTATION_CONTEXT ( 3 ) GLOBAL_UNCERTAINTY_ASSIGNED_CONTEXT ( ( #4457 ) ) GLOBAL_UNIT_ASSIGNED_CONTEXT ( ( #2218, #2632, #1497 ) ) REPRESENTATION_CONTEXT ( 'NONE', 'WORKASPACE' ) );
#2903 = CARTESIAN_POINT ( 'NONE',  ( 1.356738174972885291, 1.566414066747252587, 5.149999999834289355 ) ) ;
#2904 = STYLED_ITEM ( 'NONE', ( #2842 ), #3432 ) ;
#2905 = SURFACE_STYLE_USAGE ( .BOTH. , #4809 ) ;
#2906 = CARTESIAN_POINT ( 'NONE',  ( 2.005248157032621048, -1.150101157077031200, -2.710505431213761085E-17 ) ) ;
#2907 = CARTESIAN_POINT ( 'NONE',  ( -1.442365562775647092, 1.522564498082459306, 5.282567330808315198 ) ) ;
#2908 = CARTESIAN_POINT ( 'NONE',  ( 2.280149660312031923, -0.2886252019182925510, 5.802875307158281259 ) ) ;
#2909 = CARTESIAN_POINT ( 'NONE',  ( -1.792143459944598449, -0.9113739081999496783, 6.053881464344550878 ) ) ;
#2910 = FACE_OUTER_BOUND ( 'NONE', #4641, .T. ) ;
#2911 = CARTESIAN_POINT ( 'NONE',  ( 1.348926325159397921, -0.1943783486249728854, 6.637740574810460537 ) ) ;
#2912 = CARTESIAN_POINT ( 'NONE',  ( -0.5700000000000002842, -0.1750000000000001277, 0.000000000000000000 ) ) ;
#2913 = CARTESIAN_POINT ( 'NONE',  ( -0.4212645487600810146, -0.2512685050743187487, 6.965552403893617850 ) ) ;
#2914 = CARTESIAN_POINT ( 'NONE',  ( 0.8754761006006629431, 1.010904477119803690, 6.596167420916469126 ) ) ;
#2915 = SURFACE_STYLE_FILL_AREA ( #231 ) ;
#2916 = CARTESIAN_POINT ( 'NONE',  ( -0.8736625822736279190, 1.010718050306829818, 6.601694731729265797 ) ) ;
#2917 = SURFACE_SIDE_STYLE ('',( #1735 ) ) ;
#2918 = ORIENTED_EDGE ( 'NONE', *, *, #241, .T. ) ;
#2919 =( NAMED_UNIT ( * ) SI_UNIT ( $, .STERADIAN. ) SOLID_ANGLE_UNIT ( ) );
#2920 = CARTESIAN_POINT ( 'NONE',  ( 1.988280691680323065, 1.153815840448221275, 5.315222016910513325 ) ) ;
#2921 = ORIENTED_EDGE ( 'NONE', *, *, #1696, .F. ) ;
#2922 = ADVANCED_FACE ( 'NONE', ( #3751 ), #3413, .T. ) ;
#2923 = COLOUR_RGB ( '',1.000000000000000000, 0.000000000000000000, 0.000000000000000000 ) ;
#2924 = CARTESIAN_POINT ( 'NONE',  ( -1.570000000000000284, 0.3750000000000000000, -0.5000000000000000000 ) ) ;
#2925 = CARTESIAN_POINT ( 'NONE',  ( -2.376967938774699363, 0.2338113465775576716, 0.1499999999999999667 ) ) ;
#2926 = ADVANCED_FACE ( 'NONE', ( #3371 ), #1183, .T. ) ;
#2927 = CARTESIAN_POINT ( 'NONE',  ( 2.523985123671225406, -0.2635827747973301660, -2.710505431213761085E-17 ) ) ;
#2928 = CARTESIAN_POINT ( 'NONE',  ( -1.532123820483464627, 1.479512871091072101, 5.215389358950750065 ) ) ;
#2929 = SURFACE_STYLE_FILL_AREA ( #4003 ) ;
#2930 = CARTESIAN_POINT ( 'NONE',  ( 1.394496830086619621, 1.472538825205957247, 5.672197290818282944 ) ) ;
#2931 = MECHANICAL_DESIGN_GEOMETRIC_PRESENTATION_REPRESENTATION (  '', ( #1043 ), #2624 ) ;
#2932 = CARTESIAN_POINT ( 'NONE',  ( -1.378421516960920856, 1.157993231079365692, 6.214955364140656080 ) ) ;
#2933 = CARTESIAN_POINT ( 'NONE',  ( 1.970000000000000417, -0.1750000000000000722, 0.000000000000000000 ) ) ;
#2934 = SURFACE_STYLE_FILL_AREA ( #2538 ) ;
#2935 = CARTESIAN_POINT ( 'NONE',  ( 1.152707135024262586, 0.9859919995836308182, 6.504869005867200293 ) ) ;
#2936 = COLOUR_RGB ( '',1.000000000000000000, 0.000000000000000000, 0.000000000000000000 ) ;
#2937 = DIRECTION ( 'NONE',  ( -1.000000000000000000, 0.000000000000000000, 0.000000000000000000 ) ) ;
#2938 = CARTESIAN_POINT ( 'NONE',  ( -0.7255747073725322682, 0.4891388230037866380, 6.871810666225314002 ) ) ;
#2939 = CARTESIAN_POINT ( 'NONE',  ( 0.9700000000000003064, -0.1750000000000001277, -0.3000000000000000444 ) ) ;
#2940 = CARTESIAN_POINT ( 'NONE',  ( 1.083480429617391438, -1.243642565387780063, 6.306195572718880094 ) ) ;
#2941 = CARTESIAN_POINT ( 'NONE',  ( -0.08473520267138703876, 0.09802312336666194059, 6.998002146836751258 ) ) ;
#2942 = CARTESIAN_POINT ( 'NONE',  ( 0.06005669030966453992, -0.009619122535540142530, 6.999999999999877431 ) ) ;
#2943 = UNCERTAINTY_MEASURE_WITH_UNIT (LENGTH_MEASURE( 1.000000000000000082E-05 ), #353, 'distance_accuracy_value', 'NONE');
#2944 = ORIENTED_EDGE ( 'NONE', *, *, #2961, .F. ) ;
#2945 = PRESENTATION_LAYER_ASSIGNMENT (  '', '', ( #3343 ) ) ;
#2946 = VERTEX_POINT ( 'NONE', #2779 ) ;
#2947 = CARTESIAN_POINT ( 'NONE',  ( -0.4036004857581221295, 0.05023543957052897801, 7.000000000000002665 ) ) ;
#2948 = CARTESIAN_POINT ( 'NONE',  ( -0.5700000000000002842, -0.3750000000000001665, -0.1999999999999999833 ) ) ;
#2949 = CARTESIAN_POINT ( 'NONE',  ( 1.351982126344226876, 1.560922979856896431, 5.313129440003802273 ) ) ;
#2950 = ORIENTED_EDGE ( 'NONE', *, *, #1888, .F. ) ;
#2951 = DIRECTION ( 'NONE',  ( 0.000000000000000000, -1.000000000000000000, -0.000000000000000000 ) ) ;
#2952 = COLOUR_RGB ( '',1.000000000000000000, 0.000000000000000000, 0.000000000000000000 ) ;
#2953 = UNCERTAINTY_MEASURE_WITH_UNIT (LENGTH_MEASURE( 1.000000000000000082E-05 ), #1288, 'distance_accuracy_value', 'NONE');
#2954 = ORIENTED_EDGE ( 'NONE', *, *, #1155, .T. ) ;
#2955 = ADVANCED_FACE ( 'NONE', ( #3439 ), #1974, .F. ) ;
#2956 = DIRECTION ( 'NONE',  ( 1.084202172485504434E-16, 1.000000000000000000, 0.000000000000000000 ) ) ;
#2957 = CARTESIAN_POINT ( 'NONE',  ( -2.527972928469106151, -0.2787814791966051753, 0.1499999999999999667 ) ) ;
#2958 = VECTOR ( 'NONE', #4649, 1000.000000000000000 ) ;
#2959 = AXIS2_PLACEMENT_3D ( 'NONE', #3155, #1917, #3127 ) ;
#2960 = CARTESIAN_POINT ( 'NONE',  ( 2.279093724745119065, 0.2931068411443933375, 5.802796257524787116 ) ) ;
#2961 = EDGE_CURVE ( 'NONE', #4639, #1, #1650, .T. ) ;
#2962 = FILL_AREA_STYLE_COLOUR ( '', #2936 ) ;
#2963 = SURFACE_STYLE_FILL_AREA ( #697 ) ;
#2964 = PRESENTATION_LAYER_ASSIGNMENT (  '', '', ( #1781 ) ) ;
#2965 = CARTESIAN_POINT ( 'NONE',  ( -1.431089216774696471, 1.112155881553849035, 6.218214426988662780 ) ) ;
#2966 = SURFACE_STYLE_FILL_AREA ( #1527 ) ;
#2967 = CARTESIAN_POINT ( 'NONE',  ( 1.196986964497025685, -1.014944859462321824, 6.461334187006621654 ) ) ;
#2968 = VECTOR ( 'NONE', #3800, 1000.000000000000000 ) ;
#2969 = LINE ( 'NONE', #3014, #629 ) ;
#2970 = VECTOR ( 'NONE', #1007, 1000.000000000000000 ) ;
#2971 = CARTESIAN_POINT ( 'NONE',  ( -0.9135392969940854258, -0.3604224253519226484, 6.828155641021425026 ) ) ;
#2972 = SURFACE_STYLE_FILL_AREA ( #1412 ) ;
#2973 = CARTESIAN_POINT ( 'NONE',  ( 0.5700000000000002842, -0.1750000000000001277, 0.000000000000000000 ) ) ;
#2974 = LINE ( 'NONE', #2644, #3976 ) ;
#2975 =( BOUNDED_SURFACE ( )  B_SPLINE_SURFACE ( 3, 1, ( 
 ( #4557, #3158 ),
 ( #1568, #840 ),
 ( #2799, #189 ),
 ( #4612, #448 ) ),
 .UNSPECIFIED., .F., .F., .T. ) 
 B_SPLINE_SURFACE_WITH_KNOTS ( ( 4, 4 ),
 ( 2, 2 ),
 ( 0.000000000000000000, 1.000000000000000000 ),
 ( 0.000000000000000000, 1.000000000000000000 ),
 .UNSPECIFIED. ) 
 GEOMETRIC_REPRESENTATION_ITEM ( )  RATIONAL_B_SPLINE_SURFACE ( (
 ( 1.000000000000000000, 1.000000000000000000),
 ( 0.3333333333333333703, 0.3333333333333333703),
 ( 0.3333333333333333703, 0.3333333333333333703),
 ( 1.000000000000000000, 1.000000000000000000) ) ) 
 REPRESENTATION_ITEM ( '' )  SURFACE ( )  );
#2976 = CARTESIAN_POINT ( 'NONE',  ( 0.1695673607607722788, -0.1946144979430788347, 6.989600791820814507 ) ) ;
#2977 = ORIENTED_EDGE ( 'NONE', *, *, #4174, .T. ) ;
#2978 = CARTESIAN_POINT ( 'NONE',  ( 1.700309203630283150, -1.374455740337496179, 5.282285181623158188 ) ) ;
#2979 = ORIENTED_EDGE ( 'NONE', *, *, #3078, .T. ) ;
#2980 = FILL_AREA_STYLE_COLOUR ( '', #850 ) ;
#2981 = FILL_AREA_STYLE_COLOUR ( '', #2985 ) ;
#2982 = FILL_AREA_STYLE ('',( #3702 ) ) ;
#2983 = CARTESIAN_POINT ( 'NONE',  ( -2.549999999999997602, 8.770809613335630198E-16, 0.1499999999999999667 ) ) ;
#2984 = CARTESIAN_POINT ( 'NONE',  ( 2.013629388632883543, -0.9882498917055191345, 5.680755628824882386 ) ) ;
#2985 = COLOUR_RGB ( '',1.000000000000000000, 0.000000000000000000, 0.000000000000000000 ) ;
#2986 =( NAMED_UNIT ( * ) SI_UNIT ( $, .STERADIAN. ) SOLID_ANGLE_UNIT ( ) );
#2987 = CARTESIAN_POINT ( 'NONE',  ( -1.844615941251955826, 0.6427403659023531723, 6.165249975430930895 ) ) ;
#2988 = EDGE_CURVE ( 'NONE', #310, #4375, #3528, .T. ) ;
#2989 = CARTESIAN_POINT ( 'NONE',  ( -0.2316584520161183436, 1.850005339366013413, 5.149999999999999467 ) ) ;
#2990 = AXIS2_PLACEMENT_3D ( 'NONE', #372, #1873, #1123 ) ;
#2991 = CARTESIAN_POINT ( 'NONE',  ( 1.182634254430176224, 0.3568459204941513141, 6.710683617001130585 ) ) ;
#2992 = SURFACE_SIDE_STYLE ('',( #321 ) ) ;
#2993 = CARTESIAN_POINT ( 'NONE',  ( -0.7753668369507972224, 0.6399716409271108963, 6.819845059386864250 ) ) ;
#2994 = CARTESIAN_POINT ( 'NONE',  ( 0.4752890885430676726, 0.5487504115028990492, 6.900011430950109492 ) ) ;
#2995 = ADVANCED_FACE ( 'NONE', ( #1297 ), #475, .F. ) ;
#2996 = CARTESIAN_POINT ( 'NONE',  ( 0.9579367696707197233, -1.099463777042630097, 6.499092155606039256 ) ) ;
#2997 = PRESENTATION_STYLE_ASSIGNMENT (( #2574 ) ) ;
#2998 = CARTESIAN_POINT ( 'NONE',  ( 0.09547855523788768839, -0.08584324666282186489, 6.998365282597655224 ) ) ;
#2999 = UNCERTAINTY_MEASURE_WITH_UNIT (LENGTH_MEASURE( 1.000000000000000082E-05 ), #512, 'distance_accuracy_value', 'NONE');
#3000 = SURFACE_STYLE_FILL_AREA ( #3367 ) ;
#3001 =( BOUNDED_SURFACE ( )  B_SPLINE_SURFACE ( 3, 1, ( 
 ( #2454, #2117 ),
 ( #3579, #1720 ),
 ( #1352, #2854 ),
 ( #3600, #1184 ) ),
 .UNSPECIFIED., .F., .F., .T. ) 
 B_SPLINE_SURFACE_WITH_KNOTS ( ( 4, 4 ),
 ( 2, 2 ),
 ( 0.000000000000000000, 1.000000000000000000 ),
 ( 0.000000000000000000, 1.000000000000000000 ),
 .UNSPECIFIED. ) 
 GEOMETRIC_REPRESENTATION_ITEM ( )  RATIONAL_B_SPLINE_SURFACE ( (
 ( 1.000000000000000000, 1.000000000000000000),
 ( 0.3333333333333333703, 0.3333333333333333703),
 ( 0.3333333333333333703, 0.3333333333333333703),
 ( 1.000000000000000000, 1.000000000000000000) ) ) 
 REPRESENTATION_ITEM ( '' )  SURFACE ( )  );
#3002 = CARTESIAN_POINT ( 'NONE',  ( 2.404323248839053129, 0.6126525969435354657, 5.281146712272422050 ) ) ;
#3003 = FILL_AREA_STYLE_COLOUR ( '', #230 ) ;
#3004 = DIRECTION ( 'NONE',  ( -0.000000000000000000, 0.000000000000000000, 1.000000000000000000 ) ) ;
#3005 = AXIS2_PLACEMENT_3D ( 'NONE', #4446, #4086, #3284 ) ;
#3006 = DIRECTION ( 'NONE',  ( -1.000000000000000000, 0.000000000000000000, -0.000000000000000000 ) ) ;
#3007 = ORIENTED_EDGE ( 'NONE', *, *, #2364, .T. ) ;
#3008 = CARTESIAN_POINT ( 'NONE',  ( 2.198429167547224949, -0.7251167217005789478, 5.677772117272114727 ) ) ;
#3009 = DIRECTION ( 'NONE',  ( 0.000000000000000000, -1.000000000000000000, 0.000000000000000000 ) ) ;
#3010 =( NAMED_UNIT ( * ) SI_UNIT ( $, .STERADIAN. ) SOLID_ANGLE_UNIT ( ) );
#3011 = CARTESIAN_POINT ( 'NONE',  ( -1.203557931433056893, -1.186969338431413945, 6.306611111660078706 ) ) ;
#3012 =( NAMED_UNIT ( * ) SI_UNIT ( $, .STERADIAN. ) SOLID_ANGLE_UNIT ( ) );
#3013 = CARTESIAN_POINT ( 'NONE',  ( 1.007571459435679939, -1.156428455314916004, 6.430536671204444943 ) ) ;
#3014 = CARTESIAN_POINT ( 'NONE',  ( 0.7700000000000002398, 0.3749999999999998890, -0.3000000000000000444 ) ) ;
#3015 = CARTESIAN_POINT ( 'NONE',  ( -0.7923977728327720182, 0.3173450311488166808, 6.874145962590121783 ) ) ;
#3016 = CARTESIAN_POINT ( 'NONE',  ( -1.713971693518659523, -1.375103786061168121, 0.1499999999999999667 ) ) ;
#3017 = CARTESIAN_POINT ( 'NONE',  ( 0.7945462775673890476, -0.9124581127296614858, 6.688135724227198153 ) ) ;
#3018 = CIRCLE ( 'NONE', #4179, 0.2000000000000000111 ) ;
#3019 = CARTESIAN_POINT ( 'NONE',  ( 4.686308437449692685E-06, 0.000000000000000000, 6.999999999999999112 ) ) ;
#3020 = EDGE_CURVE ( 'NONE', #1005, #4514, #608, .T. ) ;
#3021 = PRESENTATION_STYLE_ASSIGNMENT (( #1048 ) ) ;
#3022 = DIRECTION ( 'NONE',  ( 1.000000000000000000, 0.000000000000000000, 0.000000000000000000 ) ) ;
#3023 = CARTESIAN_POINT ( 'NONE',  ( 2.119014731292288456, 1.029279250552235236, 5.281635652670122916 ) ) ;
#3024 = CARTESIAN_POINT ( 'NONE',  ( -1.353582971360590248, 1.565928727203993898, 5.231562710225623469 ) ) ;
#3025 =( NAMED_UNIT ( * ) SI_UNIT ( $, .STERADIAN. ) SOLID_ANGLE_UNIT ( ) );
#3026 = CARTESIAN_POINT ( 'NONE',  ( -2.376967938778096645, 0.2338113465603916807, -2.710505431213761085E-17 ) ) ;
#3027 = SURFACE_SIDE_STYLE ('',( #406 ) ) ;
#3028 = MECHANICAL_DESIGN_GEOMETRIC_PRESENTATION_REPRESENTATION (  '', ( #3343 ), #910 ) ;
#3029 = CARTESIAN_POINT ( 'NONE',  ( 1.519140928554682857, 1.466482142234736719, 5.415387914161756910 ) ) ;
#3030 = COLOUR_RGB ( '',1.000000000000000000, 0.000000000000000000, 0.000000000000000000 ) ;
#3031 = ORIENTED_EDGE ( 'NONE', *, *, #603, .T. ) ;
#3032 = CARTESIAN_POINT ( 'NONE',  ( 0.9700000000000003064, 0.1749999999999999056, -0.3000000000000000444 ) ) ;
#3033 = CARTESIAN_POINT ( 'NONE',  ( -2.279182713475094602, -0.2915691122368082588, 5.802439366174298563 ) ) ;
#3034 = AXIS2_PLACEMENT_3D ( 'NONE', #2483, #3981, #2631 ) ;
#3035 = DIRECTION ( 'NONE',  ( 1.000000000000000000, 0.000000000000000000, 0.000000000000000000 ) ) ;
#3036 = PRESENTATION_STYLE_ASSIGNMENT (( #154 ) ) ;
#3037 = CARTESIAN_POINT ( 'NONE',  ( 1.383590042589127878, -1.154639330612573955, 6.215617393310599148 ) ) ;
#3038 = COLOUR_RGB ( '',0.8431372549019607865, 0.8431372549019607865, 0.8431372549019607865 ) ;
#3039 = CARTESIAN_POINT ( 'NONE',  ( -0.8736625822736279190, 1.010718050306829818, 6.601694731729265797 ) ) ;
#3040 = CARTESIAN_POINT ( 'NONE',  ( -2.205416033724560076, -0.6801111546658018536, -2.710505431213761085E-17 ) ) ;
#3041 = PRESENTATION_STYLE_ASSIGNMENT (( #1171 ) ) ;
#3042 =( NAMED_UNIT ( * ) PLANE_ANGLE_UNIT ( ) SI_UNIT ( $, .RADIAN. ) );
#3043 = STYLED_ITEM ( 'NONE', ( #826 ), #2142 ) ;
#3044 = VECTOR ( 'NONE', #718, 1000.000000000000000 ) ;
#3045 = CARTESIAN_POINT ( 'NONE',  ( 4.686308437449692685E-06, 0.000000000000000000, 6.999999999999999112 ) ) ;
#3046 = VERTEX_POINT ( 'NONE', #307 ) ;
#3047 = PLANE ( 'NONE',  #404 ) ;
#3048 = PRESENTATION_STYLE_ASSIGNMENT (( #3386 ) ) ;
#3049 = SURFACE_STYLE_USAGE ( .BOTH. , #2017 ) ;
#3050 = EDGE_LOOP ( 'NONE', ( #2977, #1924, #1899, #305 ) ) ;
#3051 = CARTESIAN_POINT ( 'NONE',  ( -1.992170153852300452, -1.155863843036480265, 5.281818610540695680 ) ) ;
#3052 =( LENGTH_UNIT ( ) NAMED_UNIT ( * ) SI_UNIT ( .MILLI., .METRE. ) );
#3053 = EDGE_CURVE ( 'NONE', #1978, #1099, #2109, .T. ) ;
#3054 = DIRECTION ( 'NONE',  ( -0.000000000000000000, -0.000000000000000000, 1.000000000000000000 ) ) ;
#3055 = COLOUR_RGB ( '',1.000000000000000000, 0.000000000000000000, 0.000000000000000000 ) ;
#3056 =( LENGTH_UNIT ( ) NAMED_UNIT ( * ) SI_UNIT ( .MILLI., .METRE. ) );
#3057 =( NAMED_UNIT ( * ) PLANE_ANGLE_UNIT ( ) SI_UNIT ( $, .RADIAN. ) );
#3058 = CARTESIAN_POINT ( 'NONE',  ( 1.976095424204028950, -1.143270044410328312, 5.415661662664356335 ) ) ;
#3059 = ORIENTED_EDGE ( 'NONE', *, *, #3115, .F. ) ;
#3060 = CARTESIAN_POINT ( 'NONE',  ( -1.946463305702499813, -0.9697555503440901115, 5.810385507434745023 ) ) ;
#3061 = DIRECTION ( 'NONE',  ( 0.000000000000000000, 1.000000000000000000, 0.000000000000000000 ) ) ;
#3062 = CARTESIAN_POINT ( 'NONE',  ( -1.351653416930182816, -1.563936384741824837, 5.280502647484392575 ) ) ;
#3063 = CARTESIAN_POINT ( 'NONE',  ( 1.618746163469374277, -0.1107150669387861885, 6.466281504779153977 ) ) ;
#3064 = CARTESIAN_POINT ( 'NONE',  ( 0.9275555882956671994, -1.731785595726333726, 5.150000000000001243 ) ) ;
#3065 = TOROIDAL_SURFACE ( 'NONE', #1726, 0.4000000000000000222, 0.2000000000000000111 ) ;
#3066 = CARTESIAN_POINT ( 'NONE',  ( -1.181994589566460085, 0.3563111010457611916, 6.710232218395250747 ) ) ;
#3067 = CARTESIAN_POINT ( 'NONE',  ( -2.247526876265957263, -0.8836827153455624195, -3.692811642649312680E-15 ) ) ;
#3068 = CARTESIAN_POINT ( 'NONE',  ( -1.959138602181074162, 1.210337582113099497, 0.1499999999999999667 ) ) ;
#3069 = CARTESIAN_POINT ( 'NONE',  ( -1.354029431182844911, 1.566445227993984224, 5.215241426868392871 ) ) ;
#3070 = CARTESIAN_POINT ( 'NONE',  ( 0.4225119630825651118, -0.2502330560331139653, 6.965734668521707640 ) ) ;
#3071 = DIRECTION ( 'NONE',  ( -0.000000000000000000, -1.000000000000000000, -0.000000000000000000 ) ) ;
#3072 = CARTESIAN_POINT ( 'NONE',  ( -0.04249183149761565081, 0.04915257892359283648, 6.999999999999825029 ) ) ;
#3073 = DIRECTION ( 'NONE',  ( 1.000000000000000000, 0.000000000000000000, 0.000000000000000000 ) ) ;
#3074 = VECTOR ( 'NONE', #4391, 1000.000000000000000 ) ;
#3075 = CARTESIAN_POINT ( 'NONE',  ( -2.518088396632996329, -0.3113283723008579140, 5.231714448958982189 ) ) ;
#3076 =( NAMED_UNIT ( * ) PLANE_ANGLE_UNIT ( ) SI_UNIT ( $, .RADIAN. ) );
#3077 =( NAMED_UNIT ( * ) PLANE_ANGLE_UNIT ( ) SI_UNIT ( $, .RADIAN. ) );
#3078 = EDGE_CURVE ( 'NONE', #1099, #711, #1714, .T. ) ;
#3079 = DIRECTION ( 'NONE',  ( 1.000000000000000000, -0.000000000000000000, -0.000000000000000000 ) ) ;
#3080 = CARTESIAN_POINT ( 'NONE',  ( -0.4090885703029052411, -1.837092450320305437, 0.1499999999999999944 ) ) ;
#3081 = CARTESIAN_POINT ( 'NONE',  ( 1.439530648680605651, -1.508965482316646067, 5.414763054693792377 ) ) ;
#3082 = ORIENTED_EDGE ( 'NONE', *, *, #358, .F. ) ;
#3083 = EDGE_CURVE ( 'NONE', #4356, #371, #1692, .T. ) ;
#3084 = CARTESIAN_POINT ( 'NONE',  ( 2.130589597789392720, -1.027701734507206810, 5.182667543243373309 ) ) ;
#3085 = CIRCLE ( 'NONE', #1032, 0.2000000000000000111 ) ;
#3086 = CARTESIAN_POINT ( 'NONE',  ( -1.392843826227485149, 1.473378259729054562, 5.672115406502483026 ) ) ;
#3087 = CYLINDRICAL_SURFACE ( 'NONE', #4516, 0.1999999999999999833 ) ;
#3088 = CARTESIAN_POINT ( 'NONE',  ( -1.280814443735518671, -1.481971563616245380, 5.786480824318568139 ) ) ;
#3089 = CARTESIAN_POINT ( 'NONE',  ( 1.412633548821442320, 0.7536672680058716933, 6.472695176987532939 ) ) ;
#3090 = AXIS2_PLACEMENT_3D ( 'NONE', #638, #3945, #4783 ) ;
#3091 = STYLED_ITEM ( 'NONE', ( #3940 ), #4223 ) ;
#3092 = SURFACE_STYLE_FILL_AREA ( #463 ) ;
#3093 = CARTESIAN_POINT ( 'NONE',  ( -1.455897306408929781, 0.5345171037649654178, 6.515478928718665408 ) ) ;
#3094 = CARTESIAN_POINT ( 'NONE',  ( -2.514160291409101688, -0.3439489515150554455, 0.1499999999999999667 ) ) ;
#3095 = CARTESIAN_POINT ( 'NONE',  ( 2.549999999999998934, 0.2825647467952629999, 0.1499999999999999944 ) ) ;
#3096 = CARTESIAN_POINT ( 'NONE',  ( -1.570000000000000284, 0.1749999999999999889, -0.3000000000000000444 ) ) ;
#3097 = CARTESIAN_POINT ( 'NONE',  ( 0.2851713059900484182, 0.02367557104660740833, 6.987791561817101815 ) ) ;
#3098 =( GEOMETRIC_REPRESENTATION_CONTEXT ( 3 ) GLOBAL_UNCERTAINTY_ASSIGNED_CONTEXT ( ( #2943 ) ) GLOBAL_UNIT_ASSIGNED_CONTEXT ( ( #353, #4, #20 ) ) REPRESENTATION_CONTEXT ( 'NONE', 'WORKASPACE' ) );
#3099 = CARTESIAN_POINT ( 'NONE',  ( -4.671608575681286983E-06, 0.000000000000000000, 6.999999999999999112 ) ) ;
#3100 = CARTESIAN_POINT ( 'NONE',  ( -2.550007413904595399, 0.1557546790990362029, 5.166295628554059327 ) ) ;
#3101 = CARTESIAN_POINT ( 'NONE',  ( 1.799501404855782916, -1.127564930082855410, -2.710505431213760469E-17 ) ) ;
#3102 = SURFACE_STYLE_USAGE ( .BOTH. , #95 ) ;
#3103 = VERTEX_POINT ( 'NONE', #4330 ) ;
#3104 = AXIS2_PLACEMENT_3D ( 'NONE', #722, #1883, #1110 ) ;
#3105 =( NAMED_UNIT ( * ) PLANE_ANGLE_UNIT ( ) SI_UNIT ( $, .RADIAN. ) );
#3106 = FACE_OUTER_BOUND ( 'NONE', #2002, .T. ) ;
#3107 = SURFACE_STYLE_FILL_AREA ( #3830 ) ;
#3108 = UNCERTAINTY_MEASURE_WITH_UNIT (LENGTH_MEASURE( 1.000000000000000082E-05 ), #3645, 'distance_accuracy_value', 'NONE');
#3109 = CARTESIAN_POINT ( 'NONE',  ( 1.685723881830022641, -1.365119356875428958, 5.416313965498297911 ) ) ;
#3110 = ORIENTED_EDGE ( 'NONE', *, *, #3283, .F. ) ;
#3111 = CARTESIAN_POINT ( 'NONE',  ( 1.699986050963770756, 1.380755730910643075, 5.182874615583368261 ) ) ;
#3112 = CARTESIAN_POINT ( 'NONE',  ( -1.226979370232548439, 1.419463453634311811, 5.962939056639385171 ) ) ;
#3113 = FILL_AREA_STYLE_COLOUR ( '', #4044 ) ;
#3114 = CYLINDRICAL_SURFACE ( 'NONE', #2713, 0.1999999999999999833 ) ;
#3115 = EDGE_CURVE ( 'NONE', #2288, #2111, #551, .T. ) ;
#3116 = CARTESIAN_POINT ( 'NONE',  ( 1.271348736615276920, 1.076831254087078804, 6.367603443176621525 ) ) ;
#3117 = VERTEX_POINT ( 'NONE', #3201 ) ;
#3118 = B_SPLINE_CURVE_WITH_KNOTS ( 'NONE', 3,
 ( #3786, #2686, #1930, #3812, #1554, #3062, #459, #4598, #1954, #107, #3088, #4570, #1212, #4218, #2712, #852, #716, #3294, #1077, #2605, #4040, #3674, #1494, #1517, #3722, #2550, #3747, #4074, #1126, #42 ),
 .UNSPECIFIED., .F., .F.,
 ( 4, 2, 2, 2, 2, 2, 2, 2, 2, 2, 2, 2, 2, 2, 4 ),
 ( 0.000000000000000000, 0.01562500000000000000, 0.03125000000000000000, 0.06250000000000000000, 0.1250000000000000000, 0.2500000000000000000, 0.3125000000000000000, 0.3750000000000000000, 0.4375000000000000000, 0.5000000000000000000, 0.6250000000000000000, 0.7500000000000000000, 0.8750000000000000000, 0.9375000000000000000, 1.000000000000000000 ),
 .UNSPECIFIED. ) ;
#3119 = MECHANICAL_DESIGN_GEOMETRIC_PRESENTATION_REPRESENTATION (  '', ( #2086 ), #4345 ) ;
#3120 = CARTESIAN_POINT ( 'NONE',  ( -1.492220592356116704, 0.4309034388110749014, 6.513799980957121427 ) ) ;
#3121 =( LENGTH_UNIT ( ) NAMED_UNIT ( * ) SI_UNIT ( .MILLI., .METRE. ) );
#3122 = UNCERTAINTY_MEASURE_WITH_UNIT (LENGTH_MEASURE( 1.000000000000000082E-05 ), #692, 'distance_accuracy_value', 'NONE');
#3123 = CARTESIAN_POINT ( 'NONE',  ( 0.1798896524924785412, 0.1839740003465522578, 6.990415715995504264 ) ) ;
#3124 = CIRCLE ( 'NONE', #4271, 0.2000000000000000111 ) ;
#3125 = VECTOR ( 'NONE', #2590, 1000.000000000000000 ) ;
#3126 = CARTESIAN_POINT ( 'NONE',  ( -4.671608575681286983E-06, 0.000000000000000000, 6.999999999999999112 ) ) ;
#3127 = DIRECTION ( 'NONE',  ( 1.000000000000000000, 0.000000000000000000, 0.000000000000000000 ) ) ;
#3128 =( GEOMETRIC_REPRESENTATION_CONTEXT ( 3 ) GLOBAL_UNCERTAINTY_ASSIGNED_CONTEXT ( ( #2166 ) ) GLOBAL_UNIT_ASSIGNED_CONTEXT ( ( #3052, #3076, #1969 ) ) REPRESENTATION_CONTEXT ( 'NONE', 'WORKASPACE' ) );
#3129 = CARTESIAN_POINT ( 'NONE',  ( -1.444696393661143441, -1.525176078850461359, 5.216276134009338428 ) ) ;
#3130 =( LENGTH_UNIT ( ) NAMED_UNIT ( * ) SI_UNIT ( .MILLI., .METRE. ) );
#3131 = EDGE_LOOP ( 'NONE', ( #4588, #2601, #1770, #3519, #3748, #3316, #4210 ) ) ;
#3132 = AXIS2_PLACEMENT_3D ( 'NONE', #4532, #3054, #3750 ) ;
#3133 =( GEOMETRIC_REPRESENTATION_CONTEXT ( 3 ) GLOBAL_UNCERTAINTY_ASSIGNED_CONTEXT ( ( #1233 ) ) GLOBAL_UNIT_ASSIGNED_CONTEXT ( ( #369, #3365, #38 ) ) REPRESENTATION_CONTEXT ( 'NONE', 'WORKASPACE' ) );
#3134 = CYLINDRICAL_SURFACE ( 'NONE', #814, 0.2000000000000000944 ) ;
#3135 = VERTEX_POINT ( 'NONE', #1022 ) ;
#3136 = SURFACE_STYLE_FILL_AREA ( #543 ) ;
#3137 = ORIENTED_EDGE ( 'NONE', *, *, #3664, .F. ) ;
#3138 =( GEOMETRIC_REPRESENTATION_CONTEXT ( 3 ) GLOBAL_UNCERTAINTY_ASSIGNED_CONTEXT ( ( #24 ) ) GLOBAL_UNIT_ASSIGNED_CONTEXT ( ( #3130, #256, #3288 ) ) REPRESENTATION_CONTEXT ( 'NONE', 'WORKASPACE' ) );
#3139 = ORIENTED_EDGE ( 'NONE', *, *, #3146, .F. ) ;
#3140 = CARTESIAN_POINT ( 'NONE',  ( 2.414260865125747113, 0.6142779628915419066, 5.182641958711232455 ) ) ;
#3141 = CARTESIAN_POINT ( 'NONE',  ( -1.564494469238583818, -1.199223377251946498, 5.992003741260073291 ) ) ;
#3142 = LINE ( 'NONE', #4624, #1545 ) ;
#3143 = CARTESIAN_POINT ( 'NONE',  ( 0.9700000000000003064, 0.3749999999999998890, -0.3000000000000000444 ) ) ;
#3144 = CARTESIAN_POINT ( 'NONE',  ( 1.270701726892870198, -1.239767360046322597, 6.204631107637710308 ) ) ;
#3145 = VERTEX_POINT ( 'NONE', #2137 ) ;
#3146 = EDGE_CURVE ( 'NONE', #690, #3438, #2829, .T. ) ;
#3147 = CARTESIAN_POINT ( 'NONE',  ( -0.9658728888681873403, -0.7845430053673817516, 6.702333863235554468 ) ) ;
#3148 = MECHANICAL_DESIGN_GEOMETRIC_PRESENTATION_REPRESENTATION (  '', ( #3991 ), #2043 ) ;
#3149 = CARTESIAN_POINT ( 'NONE',  ( 1.477351912581614801, 1.524864941866059365, 0.1499999999999999667 ) ) ;
#3150 = CARTESIAN_POINT ( 'NONE',  ( 0.000000000000000000, 0.000000000000000000, 0.000000000000000000 ) ) ;
#3151 = CARTESIAN_POINT ( 'NONE',  ( 0.4580916986882929698, -0.07400526880369225069, 6.966615459438924240 ) ) ;
#3152 = CIRCLE ( 'NONE', #3996, 0.3999999999999999667 ) ;
#3153 =( NAMED_UNIT ( * ) PLANE_ANGLE_UNIT ( ) SI_UNIT ( $, .RADIAN. ) );
#3154 = CARTESIAN_POINT ( 'NONE',  ( -0.06033622095019352399, -0.004860700384284913703, 6.999999999999879208 ) ) ;
#3155 = CARTESIAN_POINT ( 'NONE',  ( -0.9700000000000003064, -0.1750000000000001277, -0.1999999999999999833 ) ) ;
#3156 = CARTESIAN_POINT ( 'NONE',  ( -1.778012171025938670, 1.328401077285775278, 5.149999999834288467 ) ) ;
#3157 = CARTESIAN_POINT ( 'NONE',  ( -1.020000000000000018, 0.2499999999999999445, 0.000000000000000000 ) ) ;
#3158 = CARTESIAN_POINT ( 'NONE',  ( -2.549999999999997602, 8.770809613335630198E-16, 0.1499999999999999667 ) ) ;
#3159 = SURFACE_SIDE_STYLE ('',( #190 ) ) ;
#3160 = DIRECTION ( 'NONE',  ( 1.000000000000000000, -1.084202172485504434E-16, 0.000000000000000000 ) ) ;
#3161 = EDGE_LOOP ( 'NONE', ( #3462, #1204, #306 ) ) ;
#3162 = CARTESIAN_POINT ( 'NONE',  ( 1.999701763042552205, 1.158427346231827082, 5.166299442620527316 ) ) ;
#3163 = CARTESIAN_POINT ( 'NONE',  ( -1.424146684187242551, -1.504764661071495757, 5.479974613004600315 ) ) ;
#3164 = CARTESIAN_POINT ( 'NONE',  ( -2.171477399681303488, 0.7323159676430541776, -2.710505431213761701E-17 ) ) ;
#3165 = CARTESIAN_POINT ( 'NONE',  ( 1.699250892408275426, 1.025140507256478317, 6.055525421270042230 ) ) ;
#3166 = CARTESIAN_POINT ( 'NONE',  ( -1.564104700736755005, 0.8190822389873244624, 6.328358041803096690 ) ) ;
#3167 = CIRCLE ( 'NONE', #2059, 0.2000000000000000944 ) ;
#3168 = FILL_AREA_STYLE ('',( #2486 ) ) ;
#3169 = CARTESIAN_POINT ( 'NONE',  ( 0.7550825183102065630, 0.6662270124232461121, 6.817274167475308566 ) ) ;
#3170 =( GEOMETRIC_REPRESENTATION_CONTEXT ( 3 ) GLOBAL_UNCERTAINTY_ASSIGNED_CONTEXT ( ( #4302 ) ) GLOBAL_UNIT_ASSIGNED_CONTEXT ( ( #3424, #3475, #56 ) ) REPRESENTATION_CONTEXT ( 'NONE', 'WORKASPACE' ) );
#3171 = CARTESIAN_POINT ( 'NONE',  ( -0.2034356749993757041, -0.009167075613655713273, 7.000000000000002665 ) ) ;
#3172 = CARTESIAN_POINT ( 'NONE',  ( -0.08473520267138703876, 0.09802312336666194059, 6.998002146836751258 ) ) ;
#3173 = CARTESIAN_POINT ( 'NONE',  ( -0.8756805858511362839, 1.749925212609785508, 0.1499999999999999667 ) ) ;
#3174 = CARTESIAN_POINT ( 'NONE',  ( -1.997545336392954507, -1.158031138174344443, 5.215602501053397511 ) ) ;
#3175 = PRESENTATION_STYLE_ASSIGNMENT (( #975 ) ) ;
#3176 = ADVANCED_FACE ( 'NONE', ( #656 ), #3467, .T. ) ;
#3177 = SURFACE_SIDE_STYLE ('',( #1205 ) ) ;
#3178 =( NAMED_UNIT ( * ) SI_UNIT ( $, .STERADIAN. ) SOLID_ANGLE_UNIT ( ) );
#3179 = VERTEX_POINT ( 'NONE', #4037 ) ;
#3180 = CARTESIAN_POINT ( 'NONE',  ( 0.8327102144899802827, -1.751555659979871393, 0.1499999999999999667 ) ) ;
#3181 =( NAMED_UNIT ( * ) SI_UNIT ( $, .STERADIAN. ) SOLID_ANGLE_UNIT ( ) );
#3182 = CARTESIAN_POINT ( 'NONE',  ( 1.778800388603792859, 1.327835269953908215, 5.166298982582690158 ) ) ;
#3183 = PRESENTATION_STYLE_ASSIGNMENT (( #2352 ) ) ;
#3184 = MECHANICAL_DESIGN_GEOMETRIC_PRESENTATION_REPRESENTATION (  '', ( #3252 ), #904 ) ;
#3185 = DIRECTION ( 'NONE',  ( 0.000000000000000000, -1.000000000000000000, 0.000000000000000000 ) ) ;
#3186 = CARTESIAN_POINT ( 'NONE',  ( -2.479309688148933599, 0.3081165588849909542, 5.412410778157927815 ) ) ;
#3187 = CARTESIAN_POINT ( 'NONE',  ( -1.097527042832207922, 1.524852959598846702, -2.710505431213760777E-17 ) ) ;
#3188 = CARTESIAN_POINT ( 'NONE',  ( 1.475278933583387797, 1.227031143168197724, 6.048330396592595193 ) ) ;
#3189 = CARTESIAN_POINT ( 'NONE',  ( -1.001891916228965673, -1.159241941145812138, 6.429905991206200433 ) ) ;
#3190 = AXIS2_PLACEMENT_3D ( 'NONE', #1758, #1616, #2102 ) ;
#3191 = CARTESIAN_POINT ( 'NONE',  ( 0.9694591617272578787, -0.7820367159837022797, 6.702965835133602113 ) ) ;
#3192 = CIRCLE ( 'NONE', #3807, 0.1999999999999999833 ) ;
#3193 = CARTESIAN_POINT ( 'NONE',  ( 0.8784370751460394144, 1.739290485075213999, 5.150000000000044764 ) ) ;
#3194 = CARTESIAN_POINT ( 'NONE',  ( -0.4407449983669621263, 0.1834487265692216207, 6.966306672384246390 ) ) ;
#3195 = CARTESIAN_POINT ( 'NONE',  ( -0.3176958268761124748, 1.847354313841653495, 0.1499999999999999667 ) ) ;
#3196 = SURFACE_STYLE_USAGE ( .BOTH. , #626 ) ;
#3197 = CARTESIAN_POINT ( 'NONE',  ( -0.4992106024242575213, -1.665401004153061582, -2.710505431213761085E-17 ) ) ;
#3198 = COLOUR_RGB ( '',1.000000000000000000, 0.000000000000000000, 0.000000000000000000 ) ;
#3199 = CARTESIAN_POINT ( 'NONE',  ( -1.570000000000000284, 0.1749999999999999611, -0.3000000000000000444 ) ) ;
#3200 = VECTOR ( 'NONE', #106, 1000.000000000000000 ) ;
#3201 = CARTESIAN_POINT ( 'NONE',  ( 0.9700000000000003064, 0.5749999999999998446, 0.000000000000000000 ) ) ;
#3202 =( NAMED_UNIT ( * ) PLANE_ANGLE_UNIT ( ) SI_UNIT ( $, .RADIAN. ) );
#3203 = ORIENTED_EDGE ( 'NONE', *, *, #2461, .F. ) ;
#3204 = ADVANCED_FACE ( 'NONE', ( #2649 ), #1653, .F. ) ;
#3205 = UNCERTAINTY_MEASURE_WITH_UNIT (LENGTH_MEASURE( 1.000000000000000082E-05 ), #3056, 'distance_accuracy_value', 'NONE');
#3206 =( NAMED_UNIT ( * ) PLANE_ANGLE_UNIT ( ) SI_UNIT ( $, .RADIAN. ) );
#3207 = VECTOR ( 'NONE', #2477, 1000.000000000000000 ) ;
#3208 = CYLINDRICAL_SURFACE ( 'NONE', #2402, 0.1999999999999999833 ) ;
#3209 = EDGE_LOOP ( 'NONE', ( #2367, #1415, #4242 ) ) ;
#3210 = CARTESIAN_POINT ( 'NONE',  ( -2.531699591313313125, -0.1551726061470001250, 5.313705652231646148 ) ) ;
#3211 = CARTESIAN_POINT ( 'NONE',  ( 1.847070148171667592, -0.6395938582397893146, 6.165958659456634017 ) ) ;
#3212 = CARTESIAN_POINT ( 'NONE',  ( -1.307682997613950127, 1.105451934731890518, 6.318229247310187979 ) ) ;
#3213 = CARTESIAN_POINT ( 'NONE',  ( 2.532617304264483504, -0.2200763517203879471, 0.1499999999999999667 ) ) ;
#3214 = CARTESIAN_POINT ( 'NONE',  ( 0.9141869639127219171, 0.3606278182892823647, 6.828479313725222433 ) ) ;
#3215 = CARTESIAN_POINT ( 'NONE',  ( -1.373742580291568594, 1.558593962787103049, 6.999999999999998224 ) ) ;
#3216 = CARTESIAN_POINT ( 'NONE',  ( -0.2777337342217657268, -0.09252586228820450232, 6.987637000662836329 ) ) ;
#3217 = CARTESIAN_POINT ( 'NONE',  ( 0.5030839461172053051, 1.673086198175971262, 0.000000000000000000 ) ) ;
#3218 = DIRECTION ( 'NONE',  ( -1.000000000000000000, -1.084202172485504434E-16, 0.000000000000000000 ) ) ;
#3219 = FACE_OUTER_BOUND ( 'NONE', #3243, .T. ) ;
#3220 = SPHERICAL_SURFACE ( 'NONE', #1634, 0.2000000000000000111 ) ;
#3221 = PRESENTATION_LAYER_ASSIGNMENT (  '', '', ( #2343 ) ) ;
#3222 = DIRECTION ( 'NONE',  ( -1.000000000000000000, 0.000000000000000000, 0.000000000000000000 ) ) ;
#3223 = COLOUR_RGB ( '',1.000000000000000000, 0.000000000000000000, 0.000000000000000000 ) ;
#3224 = PLANE ( 'NONE',  #4121 ) ;
#3225 = FILL_AREA_STYLE_COLOUR ( '', #1528 ) ;
#3226 = CARTESIAN_POINT ( 'NONE',  ( 1.356738174972885513, 1.566414066747252809, 5.149999999834289355 ) ) ;
#3227 = FILL_AREA_STYLE ('',( #3649 ) ) ;
#3228 = CARTESIAN_POINT ( 'NONE',  ( -0.3831716900024946804, -1.831826910210609061, 0.1499999999999999667 ) ) ;
#3229 = CARTESIAN_POINT ( 'NONE',  ( -1.971544064264732388, -1.147431951731992195, 5.415474882615403551 ) ) ;
#3230 = PLANE ( 'NONE',  #599 ) ;
#3231 = CARTESIAN_POINT ( 'NONE',  ( 1.928470151712081471, 0.1302308024170837075, 6.214604338248919113 ) ) ;
#3232 = EDGE_CURVE ( 'NONE', #542, #1187, #3719, .T. ) ;
#3233 = COLOUR_RGB ( '',1.000000000000000000, 0.000000000000000000, 0.000000000000000000 ) ;
#3234 = DIRECTION ( 'NONE',  ( 0.000000000000000000, 0.000000000000000000, -1.000000000000000000 ) ) ;
#3235 = CARTESIAN_POINT ( 'NONE',  ( -1.604616316368240314, 0.2252340086804081598, 6.466442901548871802 ) ) ;
#3236 = CARTESIAN_POINT ( 'NONE',  ( 0.5306656034358455676, 0.3133203842103851611, 6.942442970977569239 ) ) ;
#3237 = CARTESIAN_POINT ( 'NONE',  ( 1.970000000000000417, 0.1749999999999999611, 0.000000000000000000 ) ) ;
#3238 = CARTESIAN_POINT ( 'NONE',  ( -0.1928442989831445076, -0.1642958344100126644, 6.991292047800966358 ) ) ;
#3239 = CARTESIAN_POINT ( 'NONE',  ( -1.658902069618232611, 1.410043446098316000, 0.1499999999999999667 ) ) ;
#3240 = FILL_AREA_STYLE_COLOUR ( '', #3705 ) ;
#3241 = UNCERTAINTY_MEASURE_WITH_UNIT (LENGTH_MEASURE( 1.000000000000000082E-05 ), #4350, 'distance_accuracy_value', 'NONE');
#3242 = VERTEX_POINT ( 'NONE', #757 ) ;
#3243 = EDGE_LOOP ( 'NONE', ( #1621, #822, #3798, #7 ) ) ;
#3244 = SURFACE_STYLE_USAGE ( .BOTH. , #4357 ) ;
#3245 = ORIENTED_EDGE ( 'NONE', *, *, #3821, .T. ) ;
#3246 = MECHANICAL_DESIGN_GEOMETRIC_PRESENTATION_REPRESENTATION (  '', ( #2150 ), #4481 ) ;
#3247 = CARTESIAN_POINT ( 'NONE',  ( 1.700241618763940199, 1.380916097902290307, 5.149999999834289355 ) ) ;
#3248 =( NAMED_UNIT ( * ) SI_UNIT ( $, .STERADIAN. ) SOLID_ANGLE_UNIT ( ) );
#3249 = CARTESIAN_POINT ( 'NONE',  ( -2.352428772304467230, 0.6028878255163161448, 5.479176039480850413 ) ) ;
#3250 = SURFACE_STYLE_FILL_AREA ( #1404 ) ;
#3251 = CARTESIAN_POINT ( 'NONE',  ( 1.623598149134674928, -0.9837074904066086534, 6.170132427186412194 ) ) ;
#3252 = STYLED_ITEM ( 'NONE', ( #1133 ), #4744 ) ;
#3253 = CARTESIAN_POINT ( 'NONE',  ( -1.171165361032081131, 1.156935473432085804, 6.355606815594949666 ) ) ;
#3254 = ADVANCED_FACE ( 'NONE', ( #2260 ), #1897, .F. ) ;
#3255 = LINE ( 'NONE', #1728, #2250 ) ;
#3256 = CARTESIAN_POINT ( 'NONE',  ( 0.7534817736811810773, -0.4323359486207453695, 6.873516857181212636 ) ) ;
#3257 = CARTESIAN_POINT ( 'NONE',  ( -0.2547541875339744410, 0.1776647592705734857, 6.986791738506291871 ) ) ;
#3258 = CARTESIAN_POINT ( 'NONE',  ( -2.307852203864147356, 0.8286711265288780881, -7.486199465278676298E-15 ) ) ;
#3259 = SURFACE_STYLE_FILL_AREA ( #3959 ) ;
#3260 = CARTESIAN_POINT ( 'NONE',  ( 0.3087807509024031449, -1.696800299109237908, -2.710505431213761701E-17 ) ) ;
#3261 = CARTESIAN_POINT ( 'NONE',  ( -0.9700000000000003064, -0.3750000000000001665, -0.1999999999999999833 ) ) ;
#3262 = PRESENTATION_LAYER_ASSIGNMENT (  '', '', ( #4740 ) ) ;
#3263 = EDGE_LOOP ( 'NONE', ( #1767, #3966, #3203, #2134 ) ) ;
#3264 = ORIENTED_EDGE ( 'NONE', *, *, #3598, .F. ) ;
#3265 = CARTESIAN_POINT ( 'NONE',  ( 0.4056555442713133397, 0.05078522418249932502, 7.000000000000001776 ) ) ;
#3266 = CIRCLE ( 'NONE', #295, 0.1999999999999999833 ) ;
#3267 = ORIENTED_EDGE ( 'NONE', *, *, #943, .T. ) ;
#3268 =( NAMED_UNIT ( * ) PLANE_ANGLE_UNIT ( ) SI_UNIT ( $, .RADIAN. ) );
#3269 = SURFACE_SIDE_STYLE ('',( #1423 ) ) ;
#3270 = STYLED_ITEM ( 'NONE', ( #2220 ), #1052 ) ;
#3271 = FILL_AREA_STYLE ('',( #1774 ) ) ;
#3272 = FACE_OUTER_BOUND ( 'NONE', #869, .T. ) ;
#3273 = CARTESIAN_POINT ( 'NONE',  ( 0.3082704606728020047, -1.696843835497276798, -2.710505431213761085E-17 ) ) ;
#3274 = CARTESIAN_POINT ( 'NONE',  ( -2.404804174081236479, -0.6117175952221275415, 5.281099018750062157 ) ) ;
#3275 = VECTOR ( 'NONE', #4161, 1000.000000000000000 ) ;
#3276 = DIRECTION ( 'NONE',  ( 1.000000000000000000, -0.000000000000000000, -0.000000000000000000 ) ) ;
#3277 = CARTESIAN_POINT ( 'NONE',  ( 1.655168089771088313, -1.249062249902227473, 5.810638400795631320 ) ) ;
#3278 = AXIS2_PLACEMENT_3D ( 'NONE', #1747, #423, #1919 ) ;
#3279 = CARTESIAN_POINT ( 'NONE',  ( -2.098854679987291583, -0.1367169808155284938, 6.044000084549419505 ) ) ;
#3280 = DIRECTION ( 'NONE',  ( 0.000000000000000000, 0.000000000000000000, 1.000000000000000000 ) ) ;
#3281 = VECTOR ( 'NONE', #1718, 1000.000000000000000 ) ;
#3282 = CARTESIAN_POINT ( 'NONE',  ( 1.059730464678257267, 0.8523369568256532469, 6.632050124220921106 ) ) ;
#3283 = EDGE_CURVE ( 'NONE', #632, #2121, #3908, .T. ) ;
#3284 = DIRECTION ( 'NONE',  ( 0.000000000000000000, 0.000000000000000000, -1.000000000000000000 ) ) ;
#3285 = CARTESIAN_POINT ( 'NONE',  ( -0.2242815516923906405, -0.2297634439674291484, 6.984445664817715560 ) ) ;
#3286 = CARTESIAN_POINT ( 'NONE',  ( 0.9307305778812551278, 1.074571119734947899, 6.529095910551282245 ) ) ;
#3287 = CARTESIAN_POINT ( 'NONE',  ( -0.3345966699089919505, 0.3870830539534288461, 6.956409165578665288 ) ) ;
#3288 =( NAMED_UNIT ( * ) SI_UNIT ( $, .STERADIAN. ) SOLID_ANGLE_UNIT ( ) );
#3289 = UNCERTAINTY_MEASURE_WITH_UNIT (LENGTH_MEASURE( 1.000000000000000082E-05 ), #3769, 'distance_accuracy_value', 'NONE');
#3290 = ORIENTED_EDGE ( 'NONE', *, *, #1386, .F. ) ;
#3291 = ORIENTED_EDGE ( 'NONE', *, *, #4505, .T. ) ;
#3292 = PRESENTATION_STYLE_ASSIGNMENT (( #4038 ) ) ;
#3293 = CARTESIAN_POINT ( 'NONE',  ( 2.335055400866179909, -0.7548739872188103828, 5.215459929750732471 ) ) ;
#3294 = CARTESIAN_POINT ( 'NONE',  ( -1.001891916228965673, -1.159241941145812138, 6.429905991206200433 ) ) ;
#3295 = ORIENTED_EDGE ( 'NONE', *, *, #1910, .F. ) ;
#3296 = CARTESIAN_POINT ( 'NONE',  ( 0.9700000000000003064, -0.1750000000000001277, 0.000000000000000000 ) ) ;
#3297 =( GEOMETRIC_REPRESENTATION_CONTEXT ( 3 ) GLOBAL_UNCERTAINTY_ASSIGNED_CONTEXT ( ( #1472 ) ) GLOBAL_UNIT_ASSIGNED_CONTEXT ( ( #3552, #3206, #1326 ) ) REPRESENTATION_CONTEXT ( 'NONE', 'WORKASPACE' ) );
#3298 = ORIENTED_EDGE ( 'NONE', *, *, #2204, .T. ) ;
#3299 = PRESENTATION_STYLE_ASSIGNMENT (( #2168 ) ) ;
#3300 =( LENGTH_UNIT ( ) NAMED_UNIT ( * ) SI_UNIT ( .MILLI., .METRE. ) );
#3301 = CARTESIAN_POINT ( 'NONE',  ( 2.323665816862375610, -0.5024559511151096558, -2.710505431213761085E-17 ) ) ;
#3302 = CARTESIAN_POINT ( 'NONE',  ( -1.691165147534287039, -1.376596058944288936, 5.315660310205826633 ) ) ;
#3303 = CARTESIAN_POINT ( 'NONE',  ( -1.570000000000000284, 0.5749999999999999556, -0.2000000000000000111 ) ) ;
#3304 = CARTESIAN_POINT ( 'NONE',  ( 1.839079381222110676, 1.090087255284358791, 5.812455026191759799 ) ) ;
#3305 = CARTESIAN_POINT ( 'NONE',  ( -1.087464612054099611, -1.258254538171800663, 6.287105754022425330 ) ) ;
#3306 = SURFACE_STYLE_USAGE ( .BOTH. , #3377 ) ;
#3307 = CARTESIAN_POINT ( 'NONE',  ( 0.8748871838339024043, 1.010093922150887558, 6.601845022882506520 ) ) ;
#3308 = CIRCLE ( 'NONE', #2214, 0.4000000000000000777 ) ;
#3309 = DIRECTION ( 'NONE',  ( 0.000000000000000000, 0.000000000000000000, -1.000000000000000000 ) ) ;
#3310 = CARTESIAN_POINT ( 'NONE',  ( -0.4161728975213365711, -0.4815308954588930490, 6.928796738843773895 ) ) ;
#3311 = DIRECTION ( 'NONE',  ( -0.000000000000000000, 1.000000000000000000, -0.000000000000000000 ) ) ;
#3312 = CARTESIAN_POINT ( 'NONE',  ( 0.5892738676318011182, -0.6765475107693675882, 6.840914840585281098 ) ) ;
#3313 = CARTESIAN_POINT ( 'NONE',  ( -1.001999672666214591, 1.159188764301229746, 6.429917920762199479 ) ) ;
#3314 = EDGE_CURVE ( 'NONE', #2292, #1471, #3842, .T. ) ;
#3315 = CARTESIAN_POINT ( 'NONE',  ( 0.04403180838090536842, 0.04783304599268915769, 6.999999999999828582 ) ) ;
#3316 = ORIENTED_EDGE ( 'NONE', *, *, #4562, .T. ) ;
#3317 = ORIENTED_EDGE ( 'NONE', *, *, #2503, .T. ) ;
#3318 = CARTESIAN_POINT ( 'NONE',  ( -1.373723347744445267, -1.558602884905623265, 6.999999999999998224 ) ) ;
#3319 = SURFACE_SIDE_STYLE ('',( #1823 ) ) ;
#3320 = CARTESIAN_POINT ( 'NONE',  ( 2.518800585701498118, -0.3081279519532197364, 5.231752954840202641 ) ) ;
#3321 = ORIENTED_EDGE ( 'NONE', *, *, #3492, .T. ) ;
#3322 = PRESENTATION_STYLE_ASSIGNMENT (( #422 ) ) ;
#3324 = ADVANCED_FACE ( 'NONE', ( #489 ), #3047, .T. ) ;
#3323 = AXIS2_PLACEMENT_3D ( 'NONE', #97, #1083, #2582 ) ;
#3325 = DIRECTION ( 'NONE',  ( -1.000000000000000000, 0.000000000000000000, 0.000000000000000000 ) ) ;
#3326 = MECHANICAL_DESIGN_GEOMETRIC_PRESENTATION_REPRESENTATION (  '', ( #569 ), #2225 ) ;
#3327 = SURFACE_STYLE_FILL_AREA ( #3726 ) ;
#3328 = SURFACE_STYLE_FILL_AREA ( #3227 ) ;
#3329 = CARTESIAN_POINT ( 'NONE',  ( 1.020000000000000018, 0.2499999999999999445, -24.99999999999999645 ) ) ;
#3330 = CARTESIAN_POINT ( 'NONE',  ( -1.442220671792563413, -1.522636784095265261, 5.282565575254086987 ) ) ;
#3331 = AXIS2_PLACEMENT_3D ( 'NONE', #374, #2234, #1469 ) ;
#3332 = CARTESIAN_POINT ( 'NONE',  ( 1.843038444123908048, -1.086476066079375302, 5.812762726731117269 ) ) ;
#3333 = CARTESIAN_POINT ( 'NONE',  ( -2.098867409694211705, 0.1366086000605237216, 6.044001486933463063 ) ) ;
#3334 = LINE ( 'NONE', #800, #832 ) ;
#3335 = CARTESIAN_POINT ( 'NONE',  ( 1.067716936159021746, 1.058794578916749440, 6.493381445755087356 ) ) ;
#3336 = DIRECTION ( 'NONE',  ( 0.000000000000000000, 0.000000000000000000, 1.000000000000000000 ) ) ;
#3337 = CARTESIAN_POINT ( 'NONE',  ( -0.8275363311710042247, 0.1293763199588285617, 6.873563453478278795 ) ) ;
#3338 =( NAMED_UNIT ( * ) PLANE_ANGLE_UNIT ( ) SI_UNIT ( $, .RADIAN. ) );
#3339 = DIRECTION ( 'NONE',  ( 0.000000000000000000, 1.000000000000000000, 0.000000000000000000 ) ) ;
#3340 = CARTESIAN_POINT ( 'NONE',  ( -0.5766453932387561876, 0.6671045712277369200, 6.850334770600191803 ) ) ;
#3341 = CARTESIAN_POINT ( 'NONE',  ( 0.2271435843430486268, -0.03710061580828328404, 6.992633135688690160 ) ) ;
#3342 = EDGE_LOOP ( 'NONE', ( #4362, #76, #1697, #1045 ) ) ;
#3343 = STYLED_ITEM ( 'NONE', ( #1081 ), #13 ) ;
#3344 = CARTESIAN_POINT ( 'NONE',  ( -0.8788125116641234413, -1.739190232516170109, 5.149999999999934630 ) ) ;
#3345 = CARTESIAN_POINT ( 'NONE',  ( 1.538418913631404594, -1.475245752806273680, 5.232067742559774359 ) ) ;
#3346 = ORIENTED_EDGE ( 'NONE', *, *, #2754, .F. ) ;
#3347 = LINE ( 'NONE', #3370, #3044 ) ;
#3348 = VECTOR ( 'NONE', #4510, 1000.000000000000000 ) ;
#3349 = ADVANCED_FACE ( 'NONE', ( #2671 ), #3065, .F. ) ;
#3350 = DIRECTION ( 'NONE',  ( -0.000000000000000000, -0.000000000000000000, -1.000000000000000000 ) ) ;
#3351 =( NAMED_UNIT ( * ) SI_UNIT ( $, .STERADIAN. ) SOLID_ANGLE_UNIT ( ) );
#3352 = COLOUR_RGB ( '',1.000000000000000000, 0.000000000000000000, 0.000000000000000000 ) ;
#3353 = CARTESIAN_POINT ( 'NONE',  ( 2.302670056070450499, -0.1431699774456071939, 5.802145038641681296 ) ) ;
#3354 = AXIS2_PLACEMENT_3D ( 'NONE', #1929, #482, #1240 ) ;
#3355 = VECTOR ( 'NONE', #4450, 1000.000000000000000 ) ;
#3356 = CARTESIAN_POINT ( 'NONE',  ( -2.079187103048016461, -0.2733824791305345392, 6.044930106690856952 ) ) ;
#3357 = DIRECTION ( 'NONE',  ( -1.000000000000000000, 0.000000000000000000, 0.000000000000000000 ) ) ;
#3358 =( NAMED_UNIT ( * ) SI_UNIT ( $, .STERADIAN. ) SOLID_ANGLE_UNIT ( ) );
#3359 = CARTESIAN_POINT ( 'NONE',  ( 1.045371833802954953, 0.6808033836996102428, 6.709870659409830296 ) ) ;
#3360 =( GEOMETRIC_REPRESENTATION_CONTEXT ( 3 ) GLOBAL_UNCERTAINTY_ASSIGNED_CONTEXT ( ( #3725 ) ) GLOBAL_UNIT_ASSIGNED_CONTEXT ( ( #2287, #2559, #764 ) ) REPRESENTATION_CONTEXT ( 'NONE', 'WORKASPACE' ) );
#3361 = CARTESIAN_POINT ( 'NONE',  ( 1.570000000000000284, 0.1749999999999999611, -0.1999999999999999833 ) ) ;
#3362 = CARTESIAN_POINT ( 'NONE',  ( -0.5561451317205791112, -0.2290033389853536605, 6.943264882011566108 ) ) ;
#3363 = CARTESIAN_POINT ( 'NONE',  ( 0.4426290665344296271, 0.5110908602362410624, 6.914442469736240326 ) ) ;
#3364 = AXIS2_PLACEMENT_3D ( 'NONE', #4688, #1337, #3883 ) ;
#3365 =( NAMED_UNIT ( * ) PLANE_ANGLE_UNIT ( ) SI_UNIT ( $, .RADIAN. ) );
#3366 = CARTESIAN_POINT ( 'NONE',  ( 0.08813953532453265571, -0.09517525017027095302, 6.998114993109802562 ) ) ;
#3367 = FILL_AREA_STYLE ('',( #2282 ) ) ;
#3368 = CARTESIAN_POINT ( 'NONE',  ( 2.327708451393935007, -0.7533327879624591716, 5.281310550272293014 ) ) ;
#3369 = EDGE_LOOP ( 'NONE', ( #327, #429, #280, #3718 ) ) ;
#3370 = CARTESIAN_POINT ( 'NONE',  ( -1.520000000000000018, -0.2500000000000000000, -26.00000000000000000 ) ) ;
#3371 = FACE_OUTER_BOUND ( 'NONE', #4069, .T. ) ;
#3372 = FILL_AREA_STYLE_COLOUR ( '', #1282 ) ;
#3373 = DIRECTION ( 'NONE',  ( -0.000000000000000000, 1.000000000000000000, 2.710505431213761085E-16 ) ) ;
#3374 = EDGE_CURVE ( 'NONE', #3388, #1108, #3152, .T. ) ;
#3375 = CARTESIAN_POINT ( 'NONE',  ( 2.052947941904103679, -0.5453873902416892516, 5.989158033070355991 ) ) ;
#3376 = CARTESIAN_POINT ( 'NONE',  ( -1.910839667034613276, -0.2571857776122992156, 6.214992501462680785 ) ) ;
#3377 = SURFACE_SIDE_STYLE ('',( #339 ) ) ;
#3378 = EDGE_CURVE ( 'NONE', #2811, #1671, #1895, .T. ) ;
#3379 = CARTESIAN_POINT ( 'NONE',  ( 1.071484849267002382, -1.056594318629880291, 6.493876389131142624 ) ) ;
#3380 = SPHERICAL_SURFACE ( 'NONE', #4386, 0.2000000000000000111 ) ;
#3381 = CARTESIAN_POINT ( 'NONE',  ( -0.5781993231344330075, -0.09331513999505605672, 6.943265876261953906 ) ) ;
#3382 = CARTESIAN_POINT ( 'NONE',  ( 2.118452463625859483, -1.217111249999048406, 5.149999999834289355 ) ) ;
#3383 = DIRECTION ( 'NONE',  ( 1.000000000000000000, 0.000000000000000000, 0.000000000000000000 ) ) ;
#3384 = CARTESIAN_POINT ( 'NONE',  ( 0.05453805435336284840, -0.03215403131351275701, 6.999999999999859668 ) ) ;
#3385 = FILL_AREA_STYLE_COLOUR ( '', #3596 ) ;
#3386 = SURFACE_STYLE_USAGE ( .BOTH. , #399 ) ;
#3387 = CARTESIAN_POINT ( 'NONE',  ( 2.330783806385876566, 0.7590749349644915211, 5.231880559469344938 ) ) ;
#3388 = VERTEX_POINT ( 'NONE', #3237 ) ;
#3389 = SURFACE_SIDE_STYLE ('',( #4501 ) ) ;
#3390 = DIRECTION ( 'NONE',  ( 0.000000000000000000, 0.000000000000000000, -1.000000000000000000 ) ) ;
#3391 = VECTOR ( 'NONE', #2620, 1000.000000000000000 ) ;
#3392 = B_SPLINE_CURVE_WITH_KNOTS ( 'NONE', 3,
 ( #1341, #2040, #3525, #1294, #2446, #323, #4107, #3363, #344, #2994, #4064, #2622, #1094, #4422, #2185, #298, #1016, #2914, #650, #2542, #3286, #1460, #706, #3633, #2254, #4469, #3740, #2519, #752, #1390, #2207, #1040, #2155, #730, #4448 ),
 .UNSPECIFIED., .F., .F.,
 ( 4, 2, 2, 2, 1, 2, 2, 2, 2, 1, 1, 2, 2, 2, 2, 1, 1, 2, 2, 4 ),
 ( 0.000000000000000000, 0.1249999999999975853, 0.1874999999999963918, 0.2187499999999958644, 0.2343749999999955869, 0.2421874999999953093, 0.2499999999999950595, 0.3749999999999916733, 0.4374999999999897859, 0.4687499999999888423, 0.4843749999999885647, 0.4921874999999883982, 0.4999999999999881761, 0.6249999999999941158, 0.6874999999999966693, 0.7187499999999976685, 0.7343749999999977796, 0.7421874999999978906, 0.7499999999999978906, 1.000000000000000000 ),
 .UNSPECIFIED. ) ;
#3393 = CARTESIAN_POINT ( 'NONE',  ( 2.480622026413183079, 0.1551706828491817569, 5.478107043917606056 ) ) ;
#3394 = ORIENTED_EDGE ( 'NONE', *, *, #2961, .T. ) ;
#3395 =( LENGTH_UNIT ( ) NAMED_UNIT ( * ) SI_UNIT ( .MILLI., .METRE. ) );
#3396 = CARTESIAN_POINT ( 'NONE',  ( -1.438275095291265959, -1.398909652117752644, 5.801272139522586357 ) ) ;
#3397 = CARTESIAN_POINT ( 'NONE',  ( -1.570000000000000284, -0.1750000000000000722, -0.5000000000000000000 ) ) ;
#3398 = SURFACE_STYLE_FILL_AREA ( #2685 ) ;
#3399 = DIRECTION ( 'NONE',  ( 0.000000000000000000, 0.000000000000000000, 1.000000000000000000 ) ) ;
#3400 = CARTESIAN_POINT ( 'NONE',  ( 1.684879183828352112, 0.6003524127026766966, 6.326417423985081001 ) ) ;
#3401 = COLOUR_RGB ( '',1.000000000000000000, 0.000000000000000000, 0.000000000000000000 ) ;
#3402 = B_SPLINE_CURVE_WITH_KNOTS ( 'NONE', 3,
 ( #1436, #1095, #415, #4822, #2667, #1461, #4492, #4153, #4133, #2255, #1911, #731, #806, #2940, #782, #1892, #368, #59, #2996, #4065, #3742, #2208, #3017, #1816, #3766, #3312, #1143, #707, #1488, #4470, #2228, #1068, #4449, #2304 ),
 .UNSPECIFIED., .F., .F.,
 ( 4, 2, 2, 1, 1, 2, 2, 2, 2, 1, 1, 2, 2, 2, 2, 1, 1, 2, 2, 4 ),
 ( 0.000000000000000000, 0.1250000000000068556, 0.1875000000000102418, 0.2187500000000122957, 0.2343750000000129063, 0.2421875000000127953, 0.2500000000000126565, 0.3750000000000137668, 0.4375000000000143219, 0.4687500000000143219, 0.4843750000000141553, 0.4921875000000140443, 0.5000000000000139888, 0.6250000000000114353, 0.6875000000000098810, 0.7187500000000092149, 0.7343750000000089928, 0.7421875000000088818, 0.7500000000000086597, 1.000000000000000000 ),
 .UNSPECIFIED. ) ;
#3403 = EDGE_CURVE ( 'NONE', #4499, #2946, #623, .T. ) ;
#3404 = CARTESIAN_POINT ( 'NONE',  ( -0.6773238999965650597, -0.5634483818345185080, 6.866834353629699628 ) ) ;
#3405 = CARTESIAN_POINT ( 'NONE',  ( -1.151569628978386106, -1.493624366972550188, -2.710505431213761085E-17 ) ) ;
#3406 = CARTESIAN_POINT ( 'NONE',  ( 0.09046529231403900584, 0.09246475485379514192, 6.998201966776644412 ) ) ;
#3407 = PRESENTATION_LAYER_ASSIGNMENT (  '', '', ( #973 ) ) ;
#3408 = LINE ( 'NONE', #491, #1146 ) ;
#3409 = CARTESIAN_POINT ( 'NONE',  ( -2.545303170388127256, 0.1555729849062646442, 5.231694526835650727 ) ) ;
#3410 = CYLINDRICAL_SURFACE ( 'NONE', #1869, 0.2000000000000000111 ) ;
#3411 = LINE ( 'NONE', #1030, #4604 ) ;
#3412 = VERTEX_POINT ( 'NONE', #2078 ) ;
#3413 = PLANE ( 'NONE',  #1327 ) ;
#3414 = DIRECTION ( 'NONE',  ( 1.000000000000000000, 0.000000000000000000, 0.000000000000000000 ) ) ;
#3415 = CARTESIAN_POINT ( 'NONE',  ( -1.354775234658122773, 1.567308033704367887, 5.149999999834290243 ) ) ;
#3416 = CARTESIAN_POINT ( 'NONE',  ( 1.992510602187722357, -1.149961910184931435, 5.315284220697084727 ) ) ;
#3417 = STYLED_ITEM ( 'NONE', ( #3735 ), #320 ) ;
#3418 = VERTEX_POINT ( 'NONE', #991 ) ;
#3419 = CARTESIAN_POINT ( 'NONE',  ( -2.121689422105673462, -0.7118610499333184460, 5.806894433919095100 ) ) ;
#3420 = CARTESIAN_POINT ( 'NONE',  ( -1.354775234658122773, 1.567308033704367887, 5.149999999834290243 ) ) ;
#3421 = SURFACE_STYLE_FILL_AREA ( #2349 ) ;
#3422 = CARTESIAN_POINT ( 'NONE',  ( 1.514875414776691187, 0.7980485168347597469, 6.378573559588878616 ) ) ;
#3423 = COLOUR_RGB ( '',1.000000000000000000, 0.000000000000000000, 0.000000000000000000 ) ;
#3424 =( LENGTH_UNIT ( ) NAMED_UNIT ( * ) SI_UNIT ( .MILLI., .METRE. ) );
#3425 = CARTESIAN_POINT ( 'NONE',  ( -1.087718368989534889, 0.6044397661660094734, 6.710819844427656555 ) ) ;
#3426 = DIRECTION ( 'NONE',  ( -0.000000000000000000, 0.000000000000000000, 1.000000000000000000 ) ) ;
#3427 = CARTESIAN_POINT ( 'NONE',  ( -1.235562720431684136, 1.633337180224556651, 0.1499999999999999944 ) ) ;
#3428 = CARTESIAN_POINT ( 'NONE',  ( 1.020000000000000018, 0.2499999999999999445, 0.000000000000000000 ) ) ;
#3429 = AXIS2_PLACEMENT_3D ( 'NONE', #2515, #645, #2152 ) ;
#3430 = STYLED_ITEM ( 'NONE', ( #3175 ), #1565 ) ;
#3431 = CARTESIAN_POINT ( 'NONE',  ( 0.3363770007933750139, -0.3860692178680271702, 6.956563642170493722 ) ) ;
#3432 = ADVANCED_FACE ( 'NONE', ( #1760 ), #3954, .T. ) ;
#3433 = CARTESIAN_POINT ( 'NONE',  ( -0.1149247948133039210, 0.01890255075695917997, 6.998737832034855444 ) ) ;
#3434 = LINE ( 'NONE', #4529, #2874 ) ;
#3435 = ORIENTED_EDGE ( 'NONE', *, *, #1478, .T. ) ;
#3436 = CARTESIAN_POINT ( 'NONE',  ( -1.529184736722247306, 1.477060092422365134, 5.281982899209836546 ) ) ;
#3437 = CARTESIAN_POINT ( 'NONE',  ( -1.020000000000000018, 0.2499999999999999445, -0.4854049621773915968 ) ) ;
#3438 = VERTEX_POINT ( 'NONE', #1485 ) ;
#3439 = FACE_OUTER_BOUND ( 'NONE', #2019, .T. ) ;
#3440 = CYLINDRICAL_SURFACE ( 'NONE', #3323, 0.2000000000000000111 ) ;
#3441 = DIRECTION ( 'NONE',  ( 0.000000000000000000, 0.000000000000000000, 1.000000000000000000 ) ) ;
#3442 = CARTESIAN_POINT ( 'NONE',  ( 1.524518970463968781, -1.463532508705697843, 5.415528474243033408 ) ) ;
#3443 = ORIENTED_EDGE ( 'NONE', *, *, #2297, .T. ) ;
#3444 = CARTESIAN_POINT ( 'NONE',  ( 1.705310606529427231, -1.377622333194536974, 5.149999999834289355 ) ) ;
#3445 = CARTESIAN_POINT ( 'NONE',  ( -2.363556569355829584, 0.2986084889404881371, 5.674006416259456564 ) ) ;
#3446 = CARTESIAN_POINT ( 'NONE',  ( 1.605219824356879821, 0.2264472345360581951, 6.467050033798662945 ) ) ;
#3447 = AXIS2_PLACEMENT_3D ( 'NONE', #1258, #3463, #4186 ) ;
#3448 =( GEOMETRIC_REPRESENTATION_CONTEXT ( 3 ) GLOBAL_UNCERTAINTY_ASSIGNED_CONTEXT ( ( #2210 ) ) GLOBAL_UNIT_ASSIGNED_CONTEXT ( ( #3454, #3153, #1964 ) ) REPRESENTATION_CONTEXT ( 'NONE', 'WORKASPACE' ) );
#3449 = CARTESIAN_POINT ( 'NONE',  ( -0.9372944562572078642, 0.8170626882554097303, 6.698979277234767160 ) ) ;
#3450 = CARTESIAN_POINT ( 'NONE',  ( -2.514160297840796421, -0.3439489524492675421, -1.883091213176866496E-15 ) ) ;
#3451 = SURFACE_STYLE_USAGE ( .BOTH. , #2372 ) ;
#3452 = FILL_AREA_STYLE ('',( #3793 ) ) ;
#3453 = CARTESIAN_POINT ( 'NONE',  ( 0.2627618682584449972, -0.1567974096946518070, 6.987215658352439185 ) ) ;
#3454 =( LENGTH_UNIT ( ) NAMED_UNIT ( * ) SI_UNIT ( .MILLI., .METRE. ) );
#3455 = CARTESIAN_POINT ( 'NONE',  ( -0.08771257443237491513, 0.09544946404752144287, 6.998104982783698524 ) ) ;
#3456 = CARTESIAN_POINT ( 'NONE',  ( 2.553899408681776784, -0.1128139712889977969, 0.1499999999999999667 ) ) ;
#3457 = ORIENTED_EDGE ( 'NONE', *, *, #3053, .F. ) ;
#3458 = EDGE_CURVE ( 'NONE', #3145, #2213, #2969, .T. ) ;
#3459 = AXIS2_PLACEMENT_3D ( 'NONE', #3631, #4489, #1038 ) ;
#3460 = CARTESIAN_POINT ( 'NONE',  ( -1.533115078071135562, 1.480330124508168588, 5.166295707630140122 ) ) ;
#3461 = SURFACE_STYLE_USAGE ( .BOTH. , #473 ) ;
#3462 = ORIENTED_EDGE ( 'NONE', *, *, #3754, .F. ) ;
#3463 = DIRECTION ( 'NONE',  ( -1.000000000000000000, 1.084202172485504434E-16, 0.000000000000000000 ) ) ;
#3464 =( NAMED_UNIT ( * ) SI_UNIT ( $, .STERADIAN. ) SOLID_ANGLE_UNIT ( ) );
#3465 = EDGE_CURVE ( 'NONE', #361, #1444, #3915, .T. ) ;
#3466 = SURFACE_STYLE_USAGE ( .BOTH. , #1976 ) ;
#3467 =( BOUNDED_SURFACE ( )  B_SPLINE_SURFACE ( 3, 2, ( 
 ( #2472, #232, #4303 ),
 ( #3939, #2063, #4698 ),
 ( #2897, #4376, #4726 ),
 ( #3265, #2873, #2524 ),
 ( #4776, #1002, #3914 ),
 ( #2498, #560, #3994 ),
 ( #3549, #4016, #209 ),
 ( #352, #418, #2548 ),
 ( #1491, #2, #4496 ),
 ( #3671, #1844, #4475 ),
 ( #2947, #1822, #3344 ),
 ( #328, #1101, #4093 ),
 ( #686, #4071, #1915 ),
 ( #4802, #3318, #1417 ) ),
 .UNSPECIFIED., .F., .F., .T. ) 
 B_SPLINE_SURFACE_WITH_KNOTS ( ( 4, 2, 2, 2, 2, 2, 4 ),
 ( 3, 3 ),
 ( 0.005579707083932062411, 0.005732453359485288093, 0.005885199635038513774, 0.006190692186144966004, 0.006496184737251418234, 0.006648931012804643916, 0.006801677288357869597 ),
 ( 0.000000000000000000, 1.000000000000000000 ),
 .UNSPECIFIED. ) 
 GEOMETRIC_REPRESENTATION_ITEM ( )  RATIONAL_B_SPLINE_SURFACE ( (
 ( 1.000000000000000000, 0.7071067811865475727, 1.000000000000000000),
 ( 1.000000000000000000, 0.7071067811865475727, 1.000000000000000000),
 ( 1.000000000000000000, 0.7071067811865473507, 1.000000000000000000),
 ( 1.000000000000000000, 0.7071067811865473507, 1.000000000000000000),
 ( 1.000000000000000000, 0.7071067811865475727, 1.000000000000000000),
 ( 1.000000000000000000, 0.7071067811865475727, 1.000000000000000000),
 ( 1.000000000000000000, 0.7071067811865475727, 1.000000000000000000),
 ( 1.000000000000000000, 0.7071067811865475727, 1.000000000000000000),
 ( 1.000000000000000000, 0.7071067811865473507, 1.000000000000000000),
 ( 1.000000000000000000, 0.7071067811865473507, 1.000000000000000000),
 ( 1.000000000000000000, 0.7071067811865473507, 1.000000000000000000),
 ( 1.000000000000000000, 0.7071067811865473507, 1.000000000000000000),
 ( 1.000000000000000000, 0.7071067811865476838, 1.000000000000000000),
 ( 1.000000000000000000, 0.7071067811865476838, 1.000000000000000000) ) ) 
 REPRESENTATION_ITEM ( '' )  SURFACE ( )  );
#3468 = CARTESIAN_POINT ( 'NONE',  ( 2.297018694283516460, 0.7518487241718498915, 5.413662155181015123 ) ) ;
#3469 = VERTEX_POINT ( 'NONE', #1507 ) ;
#3470 = CARTESIAN_POINT ( 'NONE',  ( 2.550283414626292267, -0.1530011577393956546, 5.166302202847547598 ) ) ;
#3471 = CARTESIAN_POINT ( 'NONE',  ( -1.280954720452084805, 1.481906499215528861, 5.786489142085803117 ) ) ;
#3472 = SURFACE_STYLE_FILL_AREA ( #3877 ) ;
#3473 = LINE ( 'NONE', #2741, #2257 ) ;
#3474 = CARTESIAN_POINT ( 'NONE',  ( 1.447273337663247839, -0.8954601865839074692, 6.379118250945677637 ) ) ;
#3475 =( NAMED_UNIT ( * ) PLANE_ANGLE_UNIT ( ) SI_UNIT ( $, .RADIAN. ) );
#3476 = CARTESIAN_POINT ( 'NONE',  ( -0.8408043043164014074, -0.9053236854790764898, 6.683000257047796211 ) ) ;
#3477 = CARTESIAN_POINT ( 'NONE',  ( 2.549999999999999378, -2.168404344971008868E-16, 0.1499999999999999667 ) ) ;
#3478 = CARTESIAN_POINT ( 'NONE',  ( -0.7700000000000002398, -0.1750000000000001277, -0.3000000000000000444 ) ) ;
#3479 = CARTESIAN_POINT ( 'NONE',  ( 0.1689063760167559269, 0.1950051243431051851, 6.989567759020339999 ) ) ;
#3480 = DIRECTION ( 'NONE',  ( -1.000000000000000000, 0.000000000000000000, 0.000000000000000000 ) ) ;
#3481 = CARTESIAN_POINT ( 'NONE',  ( -0.04918403424431098264, 0.04165264857737586285, 6.999999999999845457 ) ) ;
#3482 =( NAMED_UNIT ( * ) SI_UNIT ( $, .STERADIAN. ) SOLID_ANGLE_UNIT ( ) );
#3483 = CARTESIAN_POINT ( 'NONE',  ( -2.522142659527728092, 0.3115172405791555299, 5.182626488073889703 ) ) ;
#3484 = CARTESIAN_POINT ( 'NONE',  ( 2.302339060762836453, -0.4943700029729726220, -2.710505431213761085E-17 ) ) ;
#3485 =( LENGTH_UNIT ( ) NAMED_UNIT ( * ) SI_UNIT ( .MILLI., .METRE. ) );
#3486 = ORIENTED_EDGE ( 'NONE', *, *, #4313, .F. ) ;
#3487 = SURFACE_STYLE_USAGE ( .BOTH. , #3177 ) ;
#3488 = DIRECTION ( 'NONE',  ( 0.000000000000000000, -0.000000000000000000, -1.000000000000000000 ) ) ;
#3489 = CARTESIAN_POINT ( 'NONE',  ( -0.6832640875134079472, -1.794729312738077898, 0.1500000000000000222 ) ) ;
#3490 = EDGE_LOOP ( 'NONE', ( #1466, #91, #2094, #1495 ) ) ;
#3491 = UNCERTAINTY_MEASURE_WITH_UNIT (LENGTH_MEASURE( 1.000000000000000082E-05 ), #2279, 'distance_accuracy_value', 'NONE');
#3492 = EDGE_CURVE ( 'NONE', #1536, #3992, #1091, .T. ) ;
#3493 = STYLED_ITEM ( 'NONE', ( #131 ), #182 ) ;
#3494 = CARTESIAN_POINT ( 'NONE',  ( 1.446547180954348200, 1.524243448312614380, 5.216285891250619144 ) ) ;
#3495 = DIRECTION ( 'NONE',  ( 0.000000000000000000, 0.000000000000000000, 1.000000000000000000 ) ) ;
#3496 = CARTESIAN_POINT ( 'NONE',  ( -2.195981681749880288, -0.7288600495213682917, 5.677394157446560286 ) ) ;
#3497 = SURFACE_SIDE_STYLE ('',( #3421 ) ) ;
#3498 = CARTESIAN_POINT ( 'NONE',  ( -0.9700000000000003064, 0.1749999999999998501, -0.5000000000000000000 ) ) ;
#3499 =( GEOMETRIC_REPRESENTATION_CONTEXT ( 3 ) GLOBAL_UNCERTAINTY_ASSIGNED_CONTEXT ( ( #2407 ) ) GLOBAL_UNIT_ASSIGNED_CONTEXT ( ( #1063, #3686, #4083 ) ) REPRESENTATION_CONTEXT ( 'NONE', 'WORKASPACE' ) );
#3500 = CARTESIAN_POINT ( 'NONE',  ( 1.204915132148226320, 1.186221445948956399, 6.306773616149690120 ) ) ;
#3501 = CARTESIAN_POINT ( 'NONE',  ( -1.299525314824946820, 0.8225833198906126187, 6.516125018532442859 ) ) ;
#3502 = CARTESIAN_POINT ( 'NONE',  ( -0.9700000000000003064, 0.1749999999999999056, -0.3000000000000000444 ) ) ;
#3503 = CYLINDRICAL_SURFACE ( 'NONE', #2722, 0.1999999999999999833 ) ;
#3504 = CARTESIAN_POINT ( 'NONE',  ( 0.2838894659756850958, -0.04632009687383456531, 6.987796650593774750 ) ) ;
#3505 = STYLED_ITEM ( 'NONE', ( #3536 ), #1819 ) ;
#3506 = CARTESIAN_POINT ( 'NONE',  ( -0.1028555017541014915, -0.07163971365594010154, 6.998570722288808277 ) ) ;
#3507 = PRESENTATION_LAYER_ASSIGNMENT (  '', '', ( #529 ) ) ;
#3508 = CARTESIAN_POINT ( 'NONE',  ( -1.532974175659688632, -1.480406925386791972, 5.166295533662759176 ) ) ;
#3509 = SURFACE_STYLE_FILL_AREA ( #3848 ) ;
#3510 = EDGE_LOOP ( 'NONE', ( #1261, #4723, #51, #1777 ) ) ;
#3511 = COLOUR_RGB ( '',1.000000000000000000, 0.000000000000000000, 0.000000000000000000 ) ;
#3512 = FILL_AREA_STYLE ('',( #818 ) ) ;
#3513 = LINE ( 'NONE', #1302, #226 ) ;
#3514 = CIRCLE ( 'NONE', #1876, 0.2000000000000000111 ) ;
#3515 = CARTESIAN_POINT ( 'NONE',  ( 1.705054344146688550, -1.377462368875902676, 5.182887891883243725 ) ) ;
#3516 = CARTESIAN_POINT ( 'NONE',  ( -1.350026626725586487, 1.561814460427966678, 5.313102266797246287 ) ) ;
#3517 = DIRECTION ( 'NONE',  ( -0.000000000000000000, 0.000000000000000000, 1.000000000000000000 ) ) ;
#3518 = CARTESIAN_POINT ( 'NONE',  ( 1.845118341757906011, -0.5044553206087761810, 6.218939951236151842 ) ) ;
#3519 = ORIENTED_EDGE ( 'NONE', *, *, #4085, .T. ) ;
#3520 = CARTESIAN_POINT ( 'NONE',  ( -1.151677410529287959, -0.9865759141131431598, 6.504677305560282896 ) ) ;
#3521 = CARTESIAN_POINT ( 'NONE',  ( 1.770000000000000240, -0.1750000000000000444, -0.5000000000000000000 ) ) ;
#3522 = CARTESIAN_POINT ( 'NONE',  ( 0.2741528988330419470, -0.1143010837512275085, 6.987639823436740727 ) ) ;
#3523 =( NAMED_UNIT ( * ) SI_UNIT ( $, .STERADIAN. ) SOLID_ANGLE_UNIT ( ) );
#3524 = CARTESIAN_POINT ( 'NONE',  ( -0.09717888651080079654, -0.08265644984127049066, 6.998417578977948139 ) ) ;
#3525 = CARTESIAN_POINT ( 'NONE',  ( 0.1569622961707575204, 0.1814448717480666995, 6.993661133767317573 ) ) ;
#3526 = CARTESIAN_POINT ( 'NONE',  ( -2.522113004148002435, -0.3116435962128797366, 5.182626422120421239 ) ) ;
#3527 =( NAMED_UNIT ( * ) SI_UNIT ( $, .STERADIAN. ) SOLID_ANGLE_UNIT ( ) );
#3528 = LINE ( 'NONE', #2755, #2116 ) ;
#3529 =( NAMED_UNIT ( * ) PLANE_ANGLE_UNIT ( ) SI_UNIT ( $, .RADIAN. ) );
#3530 = ORIENTED_EDGE ( 'NONE', *, *, #2118, .F. ) ;
#3531 = CARTESIAN_POINT ( 'NONE',  ( 1.778513684863817002, 1.327675662805499979, 5.182659982014814481 ) ) ;
#3532 = CARTESIAN_POINT ( 'NONE',  ( -2.114291458140773905, 1.027656456164201426, 5.314834734579517495 ) ) ;
#3533 = CARTESIAN_POINT ( 'NONE',  ( -0.03785949850188180532, 1.710642750021272640, -2.710505431213761701E-17 ) ) ;
#3534 = CARTESIAN_POINT ( 'NONE',  ( 1.899652550158776654, -0.5154768142160860434, 6.163620852163345099 ) ) ;
#3535 = CARTESIAN_POINT ( 'NONE',  ( -1.443395665649739090, -0.8986997922620912904, 6.378354799161870758 ) ) ;
#3536 = PRESENTATION_STYLE_ASSIGNMENT (( #2419 ) ) ;
#3537 = CARTESIAN_POINT ( 'NONE',  ( 0.7929893154138639710, 0.3175667025233494534, 6.874411279197098601 ) ) ;
#3538 = EDGE_CURVE ( 'NONE', #3103, #1978, #1573, .T. ) ;
#3539 = VECTOR ( 'NONE', #332, 1000.000000000000000 ) ;
#3540 = CARTESIAN_POINT ( 'NONE',  ( 1.241553926478246250, 1.620050833970008375, 5.149999999999673506 ) ) ;
#3541 = CARTESIAN_POINT ( 'NONE',  ( -0.4162160185973171056, 0.4815069102094896025, 6.928801156461558364 ) ) ;
#3542 = CARTESIAN_POINT ( 'NONE',  ( 2.514719543672222279, 0.3424819481801787968, 0.1499999999999999667 ) ) ;
#3543 = CARTESIAN_POINT ( 'NONE',  ( -1.999117638512766915, 1.158516693522227969, 5.182712688022070857 ) ) ;
#3544 = DIRECTION ( 'NONE',  ( -0.000000000000000000, 0.000000000000000000, 1.000000000000000000 ) ) ;
#3545 = MECHANICAL_DESIGN_GEOMETRIC_PRESENTATION_REPRESENTATION (  '', ( #4720 ), #49 ) ;
#3546 = CARTESIAN_POINT ( 'NONE',  ( 1.970000000000000417, -0.3750000000000000555, 0.000000000000000000 ) ) ;
#3547 = PRESENTATION_LAYER_ASSIGNMENT (  '', '', ( #348 ) ) ;
#3548 = ADVANCED_FACE ( 'NONE', ( #2182 ), #3380, .T. ) ;
#3549 = CARTESIAN_POINT ( 'NONE',  ( 0.1023798547986709689, 4.257467563978800261E-05, 7.000000000000000000 ) ) ;
#3550 =( NAMED_UNIT ( * ) PLANE_ANGLE_UNIT ( ) SI_UNIT ( $, .RADIAN. ) );
#3551 =( LENGTH_UNIT ( ) NAMED_UNIT ( * ) SI_UNIT ( .MILLI., .METRE. ) );
#3552 =( LENGTH_UNIT ( ) NAMED_UNIT ( * ) SI_UNIT ( .MILLI., .METRE. ) );
#3553 = CARTESIAN_POINT ( 'NONE',  ( 0.7700000000000002398, -0.1750000000000001277, -0.5000000000000000000 ) ) ;
#3554 = ORIENTED_EDGE ( 'NONE', *, *, #2440, .T. ) ;
#3555 = CARTESIAN_POINT ( 'NONE',  ( -2.531714339661043311, 0.1550456217473408782, 5.313705847573485741 ) ) ;
#3556 = CARTESIAN_POINT ( 'NONE',  ( 1.954706901798835217, 1.008061902489921779, -2.710505431213760777E-17 ) ) ;
#3557 = CARTESIAN_POINT ( 'NONE',  ( 1.308389201936444257, -1.378344897279943027, 5.973930277709389891 ) ) ;
#3558 = AXIS2_PLACEMENT_3D ( 'NONE', #3397, #433, #3035 ) ;
#3559 = CARTESIAN_POINT ( 'NONE',  ( -0.9708392158923920823, -1.123312156822096508, 6.474913909222008712 ) ) ;
#3560 = STYLED_ITEM ( 'NONE', ( #2662 ), #380 ) ;
#3561 = FACE_OUTER_BOUND ( 'NONE', #2871, .T. ) ;
#3562 = CARTESIAN_POINT ( 'NONE',  ( 0.9409798078496433016, -0.8146152962986864532, 6.699586484032011846 ) ) ;
#3563 =( GEOMETRIC_REPRESENTATION_CONTEXT ( 3 ) GLOBAL_UNCERTAINTY_ASSIGNED_CONTEXT ( ( #3676 ) ) GLOBAL_UNIT_ASSIGNED_CONTEXT ( ( #831, #111, #2718 ) ) REPRESENTATION_CONTEXT ( 'NONE', 'WORKASPACE' ) );
#3564 = SURFACE_STYLE_USAGE ( .BOTH. , #648 ) ;
#3565 = CARTESIAN_POINT ( 'NONE',  ( -0.2038357394606350181, 0.1422594659924753813, 6.991920777895804129 ) ) ;
#3566 = CARTESIAN_POINT ( 'NONE',  ( -1.096503175438174660, 1.525236599488088762, -2.710505431213761085E-17 ) ) ;
#3567 = CARTESIAN_POINT ( 'NONE',  ( -0.9700000000000003064, -0.3750000000000001665, -0.3000000000000000444 ) ) ;
#3568 = FILL_AREA_STYLE ('',( #2157 ) ) ;
#3569 = PRESENTATION_LAYER_ASSIGNMENT (  '', '', ( #842 ) ) ;
#3570 = CIRCLE ( 'NONE', #2089, 0.4000000000000000777 ) ;
#3571 = CARTESIAN_POINT ( 'NONE',  ( 4.686308437449692685E-06, 0.000000000000000000, 6.999999999999999112 ) ) ;
#3572 = UNCERTAINTY_MEASURE_WITH_UNIT (LENGTH_MEASURE( 1.000000000000000082E-05 ), #2720, 'distance_accuracy_value', 'NONE');
#3573 = MECHANICAL_DESIGN_GEOMETRIC_PRESENTATION_REPRESENTATION (  '', ( #2334 ), #1464 ) ;
#3574 = ORIENTED_EDGE ( 'NONE', *, *, #1888, .T. ) ;
#3575 = SURFACE_STYLE_FILL_AREA ( #2501 ) ;
#3576 = EDGE_CURVE ( 'NONE', #3117, #2946, #3308, .T. ) ;
#3577 = DIRECTION ( 'NONE',  ( 0.000000000000000000, -1.000000000000000000, 0.000000000000000000 ) ) ;
#3578 = VECTOR ( 'NONE', #4381, 1000.000000000000000 ) ;
#3579 = CARTESIAN_POINT ( 'NONE',  ( 2.549999999999999822, 3.699999999999999734, 5.150000000000000355 ) ) ;
#3580 = CARTESIAN_POINT ( 'NONE',  ( 1.533398021215497842, -1.482407347026248434, -1.355252715606880543E-16 ) ) ;
#3581 = CARTESIAN_POINT ( 'NONE',  ( -1.308045199093511135, -1.513479134821675620, 5.664484625109913907 ) ) ;
#3582 = CARTESIAN_POINT ( 'NONE',  ( -1.580605327387505588, 1.281768462346853266, -2.710505431213761085E-17 ) ) ;
#3583 = CARTESIAN_POINT ( 'NONE',  ( 1.660040718908803337, 0.8586108269707728446, 6.223781696116502005 ) ) ;
#3584 = CARTESIAN_POINT ( 'NONE',  ( -1.729954013269642266, -0.2387494814826435774, 6.371137558171807491 ) ) ;
#3585 = CARTESIAN_POINT ( 'NONE',  ( -1.570000000000000284, 0.000000000000000000, -0.3000000000000000444 ) ) ;
#3586 = CARTESIAN_POINT ( 'NONE',  ( 0.7091779203309706014, 0.7155434148946874240, 6.809799935005688809 ) ) ;
#3587 = CARTESIAN_POINT ( 'NONE',  ( 1.116167688150956794, 1.665999376821323485, 6.999999999999957367 ) ) ;
#3588 = CARTESIAN_POINT ( 'NONE',  ( -0.4212867270501965411, 0.2512431698980907013, 6.965555013058186695 ) ) ;
#3589 = CARTESIAN_POINT ( 'NONE',  ( -1.461205818741883711, 1.350651589188404111, -2.710505431213761085E-17 ) ) ;
#3590 =( NAMED_UNIT ( * ) PLANE_ANGLE_UNIT ( ) SI_UNIT ( $, .RADIAN. ) );
#3591 = DIRECTION ( 'NONE',  ( 0.000000000000000000, 0.000000000000000000, -1.000000000000000000 ) ) ;
#3592 = ORIENTED_EDGE ( 'NONE', *, *, #3606, .F. ) ;
#3593 = DIRECTION ( 'NONE',  ( 0.000000000000000000, 0.000000000000000000, -1.000000000000000000 ) ) ;
#3594 = SURFACE_SIDE_STYLE ('',( #2473 ) ) ;
#3595 = ORIENTED_EDGE ( 'NONE', *, *, #603, .F. ) ;
#3596 = COLOUR_RGB ( '',1.000000000000000000, 0.000000000000000000, 0.000000000000000000 ) ;
#3597 = ORIENTED_EDGE ( 'NONE', *, *, #733, .T. ) ;
#3598 = EDGE_CURVE ( 'NONE', #2811, #4380, #4786, .T. ) ;
#3599 = CARTESIAN_POINT ( 'NONE',  ( -1.020000000000000018, 0.000000000000000000, -0.5000000000000000000 ) ) ;
#3600 = CARTESIAN_POINT ( 'NONE',  ( -2.549999999999997602, 8.770809613335630198E-16, 5.150000000000000355 ) ) ;
#3601 = LINE ( 'NONE', #3553, #4506 ) ;
#3602 = EDGE_LOOP ( 'NONE', ( #1056, #3346, #494, #3943 ) ) ;
#3603 = CARTESIAN_POINT ( 'NONE',  ( -1.392704155175566116, -1.473448639598638144, 5.672107916976782072 ) ) ;
#3604 =( NAMED_UNIT ( * ) SI_UNIT ( $, .STERADIAN. ) SOLID_ANGLE_UNIT ( ) );
#3605 = CARTESIAN_POINT ( 'NONE',  ( 2.079352203796201337, 0.2748022181669506070, 6.045420611458266258 ) ) ;
#3606 = EDGE_CURVE ( 'NONE', #2087, #103, #2675, .T. ) ;
#3607 = CARTESIAN_POINT ( 'NONE',  ( -1.791493606481419754, 0.2450417423746868717, 6.320726692262493174 ) ) ;
#3608 = CARTESIAN_POINT ( 'NONE',  ( 0.7700000000000002398, 0.3749999999999998890, -0.1999999999999999833 ) ) ;
#3609 = CARTESIAN_POINT ( 'NONE',  ( 0.9570596992074484888, 0.1476989159074811875, 6.827499985103148816 ) ) ;
#3610 =( NAMED_UNIT ( * ) PLANE_ANGLE_UNIT ( ) SI_UNIT ( $, .RADIAN. ) );
#3611 = CARTESIAN_POINT ( 'NONE',  ( -0.2735017982472977005, 0.1148765146419692545, 6.987560224851979918 ) ) ;
#3612 = CARTESIAN_POINT ( 'NONE',  ( -2.464482953694507650, 0.5642319474099366516, 7.419507298558610937E-15 ) ) ;
#3613 = SURFACE_SIDE_STYLE ('',( #207 ) ) ;
#3614 =( GEOMETRIC_REPRESENTATION_CONTEXT ( 3 ) GLOBAL_UNCERTAINTY_ASSIGNED_CONTEXT ( ( #681 ) ) GLOBAL_UNIT_ASSIGNED_CONTEXT ( ( #2555, #4309, #2478 ) ) REPRESENTATION_CONTEXT ( 'NONE', 'WORKASPACE' ) );
#3615 = ORIENTED_EDGE ( 'NONE', *, *, #1756, .T. ) ;
#3616 = ORIENTED_EDGE ( 'NONE', *, *, #2003, .F. ) ;
#3617 = CARTESIAN_POINT ( 'NONE',  ( 2.549999999999999378, -2.168404344971008868E-16, 7.000000000000000000 ) ) ;
#3618 = FACE_OUTER_BOUND ( 'NONE', #4617, .T. ) ;
#3619 = EDGE_LOOP ( 'NONE', ( #4204, #4679 ) ) ;
#3620 = ORIENTED_EDGE ( 'NONE', *, *, #882, .T. ) ;
#3621 = CARTESIAN_POINT ( 'NONE',  ( 2.414808609522482996, 0.6143668150031982300, 5.149999999834289355 ) ) ;
#3622 = SURFACE_SIDE_STYLE ('',( #3328 ) ) ;
#3623 = CARTESIAN_POINT ( 'NONE',  ( 1.094943854421346119, -1.525957671111952685, -2.710505431213761085E-17 ) ) ;
#3624 = CARTESIAN_POINT ( 'NONE',  ( -1.775631594695461057, -1.327230547192492338, 5.232215265541395155 ) ) ;
#3625 = EDGE_CURVE ( 'NONE', #3046, #4639, #1907, .T. ) ;
#3626 = CARTESIAN_POINT ( 'NONE',  ( 2.267280277191314752, 0.5893507043129593281, 5.676185151493558401 ) ) ;
#3627 = CARTESIAN_POINT ( 'NONE',  ( -1.514322149486384772, -0.7981304597938108092, 6.378222639519333548 ) ) ;
#3628 = EDGE_CURVE ( 'NONE', #1821, #4800, #3167, .T. ) ;
#3629 = CARTESIAN_POINT ( 'NONE',  ( 0.9634691443903591335, -0.07225748901871865970, 6.827264911020822780 ) ) ;
#3630 = STYLED_ITEM ( 'NONE', ( #765 ), #31 ) ;
#3631 = CARTESIAN_POINT ( 'NONE',  ( -0.9700000000000003064, 0.1749999999999998779, -0.3000000000000000444 ) ) ;
#3632 = CARTESIAN_POINT ( 'NONE',  ( -0.2358373069131715072, -0.2137997448067334993, 6.985436997858942121 ) ) ;
#3633 = CARTESIAN_POINT ( 'NONE',  ( 1.053047828562869270, 1.215752773792531549, 6.356313977271857318 ) ) ;
#3634 = CARTESIAN_POINT ( 'NONE',  ( 1.770000000000000240, -0.5750000000000000666, -0.1999999999999999833 ) ) ;
#3635 = CARTESIAN_POINT ( 'NONE',  ( -0.1686806792750761008, 0.1951380323136479022, 6.989556512789564025 ) ) ;
#3636 = CARTESIAN_POINT ( 'NONE',  ( 4.686308437449692685E-06, 0.000000000000000000, 6.999999999999999112 ) ) ;
#3637 = CIRCLE ( 'NONE', #4818, 0.2000000000000000111 ) ;
#3638 = ORIENTED_EDGE ( 'NONE', *, *, #4025, .F. ) ;
#3639 = VERTEX_POINT ( 'NONE', #2912 ) ;
#3640 =( NAMED_UNIT ( * ) SI_UNIT ( $, .STERADIAN. ) SOLID_ANGLE_UNIT ( ) );
#3641 = CARTESIAN_POINT ( 'NONE',  ( -1.770000000000000240, 0.3750000000000000000, -0.3000000000000000444 ) ) ;
#3642 = CARTESIAN_POINT ( 'NONE',  ( 2.517659503629833484, 0.3130005899903408051, 5.231746064695873777 ) ) ;
#3643 = VECTOR ( 'NONE', #1589, 1000.000000000000000 ) ;
#3644 = EDGE_LOOP ( 'NONE', ( #893, #2876, #4595, #2495 ) ) ;
#3645 =( LENGTH_UNIT ( ) NAMED_UNIT ( * ) SI_UNIT ( .MILLI., .METRE. ) );
#3646 = ORIENTED_EDGE ( 'NONE', *, *, #1024, .T. ) ;
#3647 = AXIS2_PLACEMENT_3D ( 'NONE', #1521, #1159, #2290 ) ;
#3648 = SURFACE_STYLE_FILL_AREA ( #3271 ) ;
#3649 = FILL_AREA_STYLE_COLOUR ( '', #1989 ) ;
#3650 = CARTESIAN_POINT ( 'NONE',  ( -0.9367163358125125683, -1.724021150872210972, 0.1499999999999999667 ) ) ;
#3651 =( GEOMETRIC_REPRESENTATION_CONTEXT ( 3 ) GLOBAL_UNCERTAINTY_ASSIGNED_CONTEXT ( ( #4116 ) ) GLOBAL_UNIT_ASSIGNED_CONTEXT ( ( #4193, #3855, #1332 ) ) REPRESENTATION_CONTEXT ( 'NONE', 'WORKASPACE' ) );
#3652 = ORIENTED_EDGE ( 'NONE', *, *, #3791, .F. ) ;
#3653 = CARTESIAN_POINT ( 'NONE',  ( -2.331180179746361159, -0.7584970381432545317, 5.231853917186326086 ) ) ;
#3654 =( GEOMETRIC_REPRESENTATION_CONTEXT ( 3 ) GLOBAL_UNCERTAINTY_ASSIGNED_CONTEXT ( ( #1826 ) ) GLOBAL_UNIT_ASSIGNED_CONTEXT ( ( #1225, #2730, #539 ) ) REPRESENTATION_CONTEXT ( 'NONE', 'WORKASPACE' ) );
#3655 = DIRECTION ( 'NONE',  ( -1.000000000000000000, 1.084202172485504434E-16, -0.000000000000000000 ) ) ;
#3656 = CARTESIAN_POINT ( 'NONE',  ( 1.343542432574033274, -1.542037036162014818, 5.475187591900896322 ) ) ;
#3657 =( GEOMETRIC_REPRESENTATION_CONTEXT ( 3 ) GLOBAL_UNCERTAINTY_ASSIGNED_CONTEXT ( ( #948 ) ) GLOBAL_UNIT_ASSIGNED_CONTEXT ( ( #963, #4338, #3604 ) ) REPRESENTATION_CONTEXT ( 'NONE', 'WORKASPACE' ) );
#3658 = CARTESIAN_POINT ( 'NONE',  ( -2.001564427944672708, -0.5391371761320568057, 6.048090419732777612 ) ) ;
#3659 =( NAMED_UNIT ( * ) PLANE_ANGLE_UNIT ( ) SI_UNIT ( $, .RADIAN. ) );
#3660 = VECTOR ( 'NONE', #790, 1000.000000000000000 ) ;
#3661 = CARTESIAN_POINT ( 'NONE',  ( 0.5700000000000002842, -0.3750000000000001665, -0.1999999999999999833 ) ) ;
#3662 = CARTESIAN_POINT ( 'NONE',  ( 1.541417451275218120, 0.2193648270536578404, 6.511934984297459650 ) ) ;
#3663 = B_SPLINE_SURFACE_WITH_KNOTS ( 'NONE', 3, 3, ( 
 ( #4012, #1691, #2158, #954, #3571, #2848, #4328, #976, #2468, #3963, #3636, #604, #4721, #996, #303, #346, #3019, #3045, #396, #4493, #2599, #1894 ),
 ( #680, #417, #1044, #370, #709, #1818, #3384, #4109, #3668, #2942, #2545, #61, #2280, #2259, #1870, #4033, #1913, #4799, #1512, #1438, #3315, #3744 ),
 ( #3716, #3366, #19, #2998, #2209, #4067, #39, #1096, #1145, #1489, #755, #3767, #4135, #4472, #1841, #3691, #2575, #732, #4091, #3406, #1533, #2646 ),
 ( #2976, #1120, #2625, #2230, #4425, #784, #2187, #324, #1071, #3341, #4824, #1465, #4451, #859, #511, #2397, #1662, #2356, #138, #3123, #181, #3479 ),
 ( #1197, #2374, #2037, #2014, #1611, #4633, #3453, #3522, #808, #3504, #4605, #3097, #2770, #3840, #1936, #114, #2746, #4180, #2694, #87, #1584, #488 ),
 ( #3431, #160, #1248, #4222, #533, #1560, #3070, #876, #1641, #3151, #1961, #1270, #1988, #3862, #4155, #4246, #905, #3884, #4526, #468, #4550, #1173 ),
 ( #4203, #835, #2669, #2306, #3794, #442, #2330, #3820, #4580, #1220, #2721, #4650, #2057, #2460, #989, #3236, #2516, #274, #2841, #4668, #621, #1360 ),
 ( #1757, #4689, #3984, #3953, #2076, #1014, #3256, #2101, #4742, #968, #4369, #2862, #1338, #3930, #3537, #2790, #1315, #2420, #4294, #1291, #1385, #2888 ),
 ( #202, #555, #2487, #2442, #4007, #646, #225, #2153, #4715, #2127, #3629, #4344, #3609, #596, #3214, #1684, #294, #4320, #3169, #3586, #1707, #949 ),
 ( #4270, #926, #3907, #3562, #3191, #2820, #573, #248, #1729, #4792, #4105, #1862, #4084, #2991, #1409, #4129, #3359, #390, #17, #2617, #4061, #340 ),
 ( #364, #2274, #726, #1505, #748, #1783, #4488, #2639, #1116, #2911, #2249, #3761, #1811, #2179, #1432, #701, #1137, #3282, #3736, #778, #1835, #3307 ),
 ( #1886, #4766, #3379, #674, #1456, #4445, #2203, #1037, #4420, #4390, #3687, #319, #3662, #2539, #4028, #4465, #1064, #34, #2935, #3335, #2567, #1484 ),
 ( #3013, #4817, #1090, #2967, #2592, #2224, #3710, #506, #1955, #3813, #3063, #2743, #3446, #2323, #4544, #3089, #1167, #460, #2714, #1982, #108, #801 ),
 ( #483, #4194, #1605, #55, #2765, #3474, #3857, #133, #1242, #2688, #1579, #4626, #1529, #1193, #2009, #3422, #1267, #1931, #3116, #4241, #4219, #853 ),
 ( #899, #436, #2298, #82, #4175, #2394, #1906, #874, #412, #4571, #1555, #2351, #828, #2370, #3400, #4599, #4150, #1214, #3835, #3500, #4520, #156 ),
 ( #3787, #1633, #3144, #3037, #2663, #2482, #4686, #221, #3518, #1355, #3948, #3231, #2884, #4665, #922, #3583, #2097, #3903, #1333, #593, #2415, #1287 ),
 ( #198, #550, #2123, #1380, #176, #3251, #3879, #3211, #3534, #4646, #4710, #245, #1658, #2053, #1011, #4366, #270, #1725, #2837, #528, #4736, #2787 ),
 ( #2858, #984, #570, #4339, #4315, #2815, #1751, #3980, #964, #618, #1703, #2030, #3605, #2073, #1312, #4266, #3165, #1679, #3188, #4288, #944, #2438 ),
 ( #3923, #3557, #2458, #362, #1804, #4461, #1881, #4415, #3375, #4079, #1855, #2243, #721, #2222, #1831, #2562, #4764, #29, #2199, #2611, #4053, #1059 ),
 ( #696, #3682, #317, #335, #3277, #3332, #4812, #3706, #1451, #2908, #3353, #742, #2960, #1405, #1109, #12, #3304, #2535, #4439, #1479, #385, #4482 ),
 ( #2146, #4788, #4101, #668, #1500, #4024, #2984, #3008, #3729, #1085, #2512, #1427, #4004, #3626, #641, #2584, #290, #1780, #4387, #1031, #2930, #2173 ),
 ( #3656, #3775, #2679, #102, #1572, #1902, #4561, #821, #2319, #1599, #407, #3393, #454, #847, #2345, #428, #3832, #4168, #4537, #4122, #1207, #1948 ),
 ( #3806, #3081, #3442, #3109, #477, #3058, #4513, #2704, #4188, #4593, #1977, #1132, #1235, #2736, #3468, #2269, #125, #2635, #2657, #3029, #4143, #1923 ),
 ( #771, #1160, #1550, #3753, #75, #3416, #2291, #50, #1522, #795, #1186, #4405, #1493, #4455, #1103, #1516, #2920, #1049, #738, #2630, #4113, #2949 ),
 ( #688, #4039, #1076, #2978, #2164, #2549, #5, #3368, #2235, #41, #760, #354, #2192, #3002, #3721, #3023, #2604, #1824, #3673, #3746, #4498, #308 ),
 ( #4095, #2262, #3345, #1898, #375, #3695, #1443, #330, #1795, #3320, #4778, #4803, #3642, #400, #3387, #4073, #4431, #4476, #2578, #1150, #715, #1470 ),
 ( #1875, #2215, #1846, #1125, #21, #2650, #658, #3293, #1419, #4191, #1209, #151, #2004, #1237, #916, #1627, #500, #2738, #1263, #849, #3494, #894 ),
 ( #937, #1601, #2410, #3515, #2388, #4642, #3084, #2433, #172, #2049, #1655, #4260, #871, #3140, #2808, #4564, #4215, #3531, #3111, #4283, #479, #564 ),
 ( #2707, #4596, #104, #546, #193, #4620, #2368, #3898, #3852, #1675, #3470, #2760, #4237, #3875, #524, #2025, #3162, #3182, #1283, #2783, #4660, #1304 ),
 ( #2347, #3833, #3918, #3444, #1575, #1979, #128, #3974, #4704, #4731, #2831, #613, #4359, #3621, #1743, #2453, #1400, #311, #3247, #4308, #4019, #2903 ) ),
 .UNSPECIFIED., .F., .F., .F.,
 ( 4, 2, 2, 2, 2, 2, 2, 2, 2, 2, 2, 2, 2, 2, 4 ),
 ( 4, 2, 2, 2, 2, 2, 2, 2, 2, 2, 4 ),
 ( 0.000000000000000000, 0.06250000000000000000, 0.1250000000000000000, 0.2500000000000000000, 0.3750000000000000000, 0.5000000000000000000, 0.5625000000000000000, 0.6250000000000000000, 0.6875000000000000000, 0.7500000000000000000, 0.8750000000000000000, 0.9375000000000000000, 0.9687500000000000000, 0.9843750000000000000, 1.000000000000000000 ),
 ( 0.000000000000000000, 0.06250000000000000000, 0.1250000000000000000, 0.2500000000000000000, 0.3750000000000000000, 0.5000000000000000000, 0.6250000000000000000, 0.7500000000000000000, 0.8750000000000000000, 0.9375000000000000000, 1.000000000000000000 ),
 .UNSPECIFIED. ) ;
#3664 = EDGE_CURVE ( 'NONE', #4380, #2557, #676, .T. ) ;
#3665 =( LENGTH_UNIT ( ) NAMED_UNIT ( * ) SI_UNIT ( .MILLI., .METRE. ) );
#3666 = CARTESIAN_POINT ( 'NONE',  ( -0.7543713238474781813, 0.6666149033145568614, 6.817143539538472297 ) ) ;
#3667 = CARTESIAN_POINT ( 'NONE',  ( -0.4162160185973171056, 0.4815069102094896025, 6.928801156461558364 ) ) ;
#3668 = CARTESIAN_POINT ( 'NONE',  ( 0.05859078193682278057, -0.01902969536364218853, 6.999999999999872990 ) ) ;
#3669 = UNCERTAINTY_MEASURE_WITH_UNIT (LENGTH_MEASURE( 1.000000000000000082E-05 ), #1857, 'distance_accuracy_value', 'NONE');
#3670 = ORIENTED_EDGE ( 'NONE', *, *, #762, .T. ) ;
#3671 = CARTESIAN_POINT ( 'NONE',  ( -0.3533625402812348715, 0.03792621305726665698, 7.000000000000001776 ) ) ;
#3672 = CARTESIAN_POINT ( 'NONE',  ( -4.671608575681286983E-06, 0.000000000000000000, 6.999999999999997335 ) ) ;
#3673 = CARTESIAN_POINT ( 'NONE',  ( 1.695253810315364484, 1.377741643852852249, 5.282225238301714754 ) ) ;
#3674 = CARTESIAN_POINT ( 'NONE',  ( -0.6559248602274404538, -0.7589378912394134646, 6.798806503272879276 ) ) ;
#3675 = VERTEX_POINT ( 'NONE', #750 ) ;
#3676 = UNCERTAINTY_MEASURE_WITH_UNIT (LENGTH_MEASURE( 1.000000000000000082E-05 ), #831, 'distance_accuracy_value', 'NONE');
#3677 = COLOUR_RGB ( '',0.8431372549019607865, 0.8431372549019607865, 0.8431372549019607865 ) ;
#3678 = FILL_AREA_STYLE ('',( #3225 ) ) ;
#3679 = DIRECTION ( 'NONE',  ( 0.1941469270345045073, 0.9809724617557105120, -0.000000000000000000 ) ) ;
#3680 =( NAMED_UNIT ( * ) PLANE_ANGLE_UNIT ( ) SI_UNIT ( $, .RADIAN. ) );
#3681 = CARTESIAN_POINT ( 'NONE',  ( -2.412679661058443337, 0.6128722357765035156, 5.215382206916300944 ) ) ;
#3682 = CARTESIAN_POINT ( 'NONE',  ( 1.368963565934159687, -1.439145009801252817, 5.795965626094565337 ) ) ;
#3683 = PRESENTATION_STYLE_ASSIGNMENT (( #1806 ) ) ;
#3684 = AXIS2_PLACEMENT_3D ( 'NONE', #4819, #2594, #728 ) ;
#3685 = CARTESIAN_POINT ( 'NONE',  ( -1.659653718461839178, 0.8585981036626708640, 6.223457193414392741 ) ) ;
#3686 =( NAMED_UNIT ( * ) PLANE_ANGLE_UNIT ( ) SI_UNIT ( $, .RADIAN. ) );
#3687 = CARTESIAN_POINT ( 'NONE',  ( 1.554139795928100254, -0.1072583937638320051, 6.511212506581431469 ) ) ;
#3688 = CARTESIAN_POINT ( 'NONE',  ( 0.9700000000000003064, 0.1749999999999998501, -0.3000000000000000444 ) ) ;
#3689 = CARTESIAN_POINT ( 'NONE',  ( -0.9562577277255760455, 0.1469401137971258486, 6.827070542305603063 ) ) ;
#3690 = LINE ( 'NONE', #4394, #756 ) ;
#3691 = CARTESIAN_POINT ( 'NONE',  ( 0.1059552571964017254, 0.06349849687925385178, 6.998632446397392570 ) ) ;
#3692 = EDGE_CURVE ( 'NONE', #3135, #4014, #3085, .T. ) ;
#3693 = EDGE_LOOP ( 'NONE', ( #1446, #956, #3993, #589 ) ) ;
#3694 = PRESENTATION_STYLE_ASSIGNMENT (( #2283 ) ) ;
#3695 = CARTESIAN_POINT ( 'NONE',  ( 2.001025994347983339, -1.153388862761125289, 5.232163976175166376 ) ) ;
#3696 = ORIENTED_EDGE ( 'NONE', *, *, #553, .F. ) ;
#3697 = FILL_AREA_STYLE_COLOUR ( '', #3352 ) ;
#3698 = VECTOR ( 'NONE', #2531, 1000.000000000000000 ) ;
#3699 =( GEOMETRIC_REPRESENTATION_CONTEXT ( 3 ) GLOBAL_UNCERTAINTY_ASSIGNED_CONTEXT ( ( #734 ) ) GLOBAL_UNIT_ASSIGNED_CONTEXT ( ( #886, #3529, #3464 ) ) REPRESENTATION_CONTEXT ( 'NONE', 'WORKASPACE' ) );
#3700 = PLANE ( 'NONE',  #1486 ) ;
#3701 = MECHANICAL_DESIGN_GEOMETRIC_PRESENTATION_REPRESENTATION (  '', ( #348 ), #4173 ) ;
#3702 = FILL_AREA_STYLE_COLOUR ( '', #2687 ) ;
#3703 = PLANE ( 'NONE',  #4669 ) ;
#3704 = ORIENTED_EDGE ( 'NONE', *, *, #94, .T. ) ;
#3705 = COLOUR_RGB ( '',0.7921568627450980005, 0.8196078431372548767, 0.9333333333333333481 ) ;
#3706 = CARTESIAN_POINT ( 'NONE',  ( 2.124166372465339236, -0.7082228967571408962, 5.807380513707287584 ) ) ;
#3707 = CARTESIAN_POINT ( 'NONE',  ( -1.943700017199930352, 0.6681398287818074433, 6.050393820562499414 ) ) ;
#3708 = FACE_OUTER_BOUND ( 'NONE', #3510, .T. ) ;
#3709 = DIRECTION ( 'NONE',  ( -1.000000000000000000, 0.000000000000000000, -0.000000000000000000 ) ) ;
#3710 = CARTESIAN_POINT ( 'NONE',  ( 1.415290726800473076, -0.7507589567096756289, 6.473125431415803099 ) ) ;
#3711 = CIRCLE ( 'NONE', #1210, 0.2000000000000000111 ) ;
#3712 = CARTESIAN_POINT ( 'NONE',  ( -0.9562446631232653926, -0.1469947705382300684, 6.827068076907757188 ) ) ;
#3713 = DIRECTION ( 'NONE',  ( 1.000000000000000000, 0.000000000000000000, 0.000000000000000000 ) ) ;
#3714 =( NAMED_UNIT ( * ) SI_UNIT ( $, .STERADIAN. ) SOLID_ANGLE_UNIT ( ) );
#3715 = DIRECTION ( 'NONE',  ( -1.000000000000000000, -1.084202172485504434E-16, -0.000000000000000000 ) ) ;
#3716 = CARTESIAN_POINT ( 'NONE',  ( 0.08517724494431754001, -0.09775627089504745904, 6.998012134619658653 ) ) ;
#3717 = UNCERTAINTY_MEASURE_WITH_UNIT (LENGTH_MEASURE( 1.000000000000000082E-05 ), #1733, 'distance_accuracy_value', 'NONE');
#3718 = ORIENTED_EDGE ( 'NONE', *, *, #127, .T. ) ;
#3719 = LINE ( 'NONE', #1147, #870 ) ;
#3720 = DIRECTION ( 'NONE',  ( 0.000000000000000000, 0.000000000000000000, 1.000000000000000000 ) ) ;
#3721 = CARTESIAN_POINT ( 'NONE',  ( 2.324933214614655963, 0.7578359093497737398, 5.281281191143554210 ) ) ;
#3722 = CARTESIAN_POINT ( 'NONE',  ( -0.3345622293991278862, -0.3871025954278765613, 6.956406186035409611 ) ) ;
#3723 = EDGE_CURVE ( 'NONE', #2213, #605, #3773, .T. ) ;
#3724 = AXIS2_PLACEMENT_3D ( 'NONE', #1111, #2613, #774 ) ;
#3725 = UNCERTAINTY_MEASURE_WITH_UNIT (LENGTH_MEASURE( 1.000000000000000082E-05 ), #2287, 'distance_accuracy_value', 'NONE');
#3726 = FILL_AREA_STYLE ('',( #405 ) ) ;
#3727 = FACE_OUTER_BOUND ( 'NONE', #1004, .T. ) ;
#3728 = AXIS2_PLACEMENT_3D ( 'NONE', #3150, #3861, #509 ) ;
#3729 = CARTESIAN_POINT ( 'NONE',  ( 2.269421115128281041, -0.5849179228265074526, 5.676306970016115727 ) ) ;
#3730 = LINE ( 'NONE', #4484, #1530 ) ;
#3731 = AXIS2_PLACEMENT_3D ( 'NONE', #1734, #3544, #4300 ) ;
#3732 = CARTESIAN_POINT ( 'NONE',  ( -1.411863591453926814, 1.182490527655901902, 6.160838423704112721 ) ) ;
#3733 =( NAMED_UNIT ( * ) PLANE_ANGLE_UNIT ( ) SI_UNIT ( $, .RADIAN. ) );
#3734 = CARTESIAN_POINT ( 'NONE',  ( 0.9700000000000003064, -0.3750000000000001665, -0.1999999999999999833 ) ) ;
#3735 = PRESENTATION_STYLE_ASSIGNMENT (( #1810 ) ) ;
#3736 = CARTESIAN_POINT ( 'NONE',  ( 1.026949603854801163, 0.8876143163587878471, 6.628474957949621604 ) ) ;
#3737 = DIRECTION ( 'NONE',  ( -0.000000000000000000, -1.000000000000000000, -2.710505431213761085E-16 ) ) ;
#3738 = PRESENTATION_LAYER_ASSIGNMENT (  '', '', ( #386 ) ) ;
#3739 = CARTESIAN_POINT ( 'NONE',  ( -0.4825506823643416765, 0.4069235168393907642, 6.938366337326594468 ) ) ;
#3740 = CARTESIAN_POINT ( 'NONE',  ( 1.192512730854081937, 1.376804719651520292, 6.061358282868094527 ) ) ;
#3741 = MECHANICAL_DESIGN_GEOMETRIC_PRESENTATION_REPRESENTATION (  '', ( #3961 ), #1244 ) ;
#3742 = CARTESIAN_POINT ( 'NONE',  ( 0.9482699814760610080, -1.088365770764208262, 6.511885882845809270 ) ) ;
#3743 = CARTESIAN_POINT ( 'NONE',  ( 0.7700000000000002398, -0.3750000000000001665, -0.3000000000000000444 ) ) ;
#3744 = CARTESIAN_POINT ( 'NONE',  ( 0.04254796514709399680, 0.04911826160071951219, 6.999999999999824141 ) ) ;
#3745 = DIRECTION ( 'NONE',  ( 0.000000000000000000, 0.000000000000000000, -1.000000000000000000 ) ) ;
#3746 = CARTESIAN_POINT ( 'NONE',  ( 1.530644115322316479, 1.476255558688551295, 5.282008995917687244 ) ) ;
#3747 = CARTESIAN_POINT ( 'NONE',  ( -0.1686635253998484130, -0.1951481248119916190, 6.989555658637678803 ) ) ;
#3748 = ORIENTED_EDGE ( 'NONE', *, *, #3083, .T. ) ;
#3749 =( LENGTH_UNIT ( ) NAMED_UNIT ( * ) SI_UNIT ( .MILLI., .METRE. ) );
#3750 = DIRECTION ( 'NONE',  ( -1.000000000000000000, 0.000000000000000000, 0.000000000000000000 ) ) ;
#3751 = FACE_OUTER_BOUND ( 'NONE', #1864, .T. ) ;
#3752 = SURFACE_SIDE_STYLE ('',( #3774 ) ) ;
#3753 = CARTESIAN_POINT ( 'NONE',  ( 1.697348158590249012, -1.372573644441061225, 5.315776141547165601 ) ) ;
#3754 = EDGE_CURVE ( 'NONE', #2196, #284, #4290, .T. ) ;
#3755 = EDGE_LOOP ( 'NONE', ( #1467, #3772, #2221 ) ) ;
#3756 = PRESENTATION_LAYER_ASSIGNMENT (  '', '', ( #2753 ) ) ;
#3757 = SURFACE_STYLE_USAGE ( .BOTH. , #4813 ) ;
#3758 = FACE_OUTER_BOUND ( 'NONE', #4808, .T. ) ;
#3759 = CARTESIAN_POINT ( 'NONE',  ( -1.582251124339425497, 1.303933482995158100, 5.808580508628203631 ) ) ;
#3760 = CARTESIAN_POINT ( 'NONE',  ( -1.570000000000000284, -0.3750000000000000555, -0.3000000000000000444 ) ) ;
#3761 = CARTESIAN_POINT ( 'NONE',  ( 1.358299014923241232, 0.09933906189826065269, 6.636979495463215528 ) ) ;
#3762 = ADVANCED_FACE ( 'NONE', ( #2809 ), #805, .F. ) ;
#3763 = CARTESIAN_POINT ( 'NONE',  ( 1.770000000000000240, 0.3749999999999999445, -0.1999999999999999833 ) ) ;
#3764 = CARTESIAN_POINT ( 'NONE',  ( -0.5813112142570205920, 0.04663104045143320192, 6.943196742847718816 ) ) ;
#3765 = PRESENTATION_STYLE_ASSIGNMENT (( #440 ) ) ;
#3766 = CARTESIAN_POINT ( 'NONE',  ( 0.6444596689501880249, -0.7400787270254868266, 6.805926499039193445 ) ) ;
#3767 = CARTESIAN_POINT ( 'NONE',  ( 0.1156755932881962518, 0.009573733182509279460, 6.998750246347943182 ) ) ;
#3768 = ORIENTED_EDGE ( 'NONE', *, *, #241, .F. ) ;
#3769 =( LENGTH_UNIT ( ) NAMED_UNIT ( * ) SI_UNIT ( .MILLI., .METRE. ) );
#3770 = CARTESIAN_POINT ( 'NONE',  ( -1.020000000000000018, 0.1749999999999999056, -0.5000000000000000000 ) ) ;
#3771 = CARTESIAN_POINT ( 'NONE',  ( -2.547050484012471916, 0.1556405070906949351, 5.215321158770248822 ) ) ;
#3772 = ORIENTED_EDGE ( 'NONE', *, *, #768, .T. ) ;
#3773 = CIRCLE ( 'NONE', #4473, 0.2000000000000000111 ) ;
#3774 = SURFACE_STYLE_FILL_AREA ( #333 ) ;
#3775 = CARTESIAN_POINT ( 'NONE',  ( 1.431488508195928322, -1.501069137644694296, 5.480208518180488042 ) ) ;
#3776 = PRESENTATION_LAYER_ASSIGNMENT (  '', '', ( #3091 ) ) ;
#3777 = MECHANICAL_DESIGN_GEOMETRIC_PRESENTATION_REPRESENTATION (  '', ( #1832 ), #342 ) ;
#3778 = ORIENTED_EDGE ( 'NONE', *, *, #891, .T. ) ;
#3779 = DIRECTION ( 'NONE',  ( 1.000000000000000000, -0.000000000000000000, -0.000000000000000000 ) ) ;
#3780 = CARTESIAN_POINT ( 'NONE',  ( 1.570000000000000284, 0.1749999999999999611, -0.3000000000000000444 ) ) ;
#3781 = CARTESIAN_POINT ( 'NONE',  ( -1.347019684497305025, -1.317527896350150440, 6.038459053224482176 ) ) ;
#3783 = EDGE_CURVE ( 'NONE', #4375, #4800, #109, .T. ) ;
#3782 = AXIS2_PLACEMENT_3D ( 'NONE', #4072, #1845, #4094 ) ;
#3784 = CARTESIAN_POINT ( 'NONE',  ( -1.570000000000000284, -0.1750000000000000722, -0.1999999999999999833 ) ) ;
#3785 = SURFACE_SIDE_STYLE ('',( #3398 ) ) ;
#3786 = CARTESIAN_POINT ( 'NONE',  ( -1.354626054657456002, -1.567375899864241307, 5.149999999834290243 ) ) ;
#3787 = CARTESIAN_POINT ( 'NONE',  ( 1.145160749436165748, -1.314345701443122127, 6.185476650716356772 ) ) ;
#3788 = CARTESIAN_POINT ( 'NONE',  ( 1.148768085212496848, -1.661793768452355158, 5.149999999999999467 ) ) ;
#3789 = CARTESIAN_POINT ( 'NONE',  ( -1.026069541715463718, 0.8881010577936134798, 6.628301401363799528 ) ) ;
#3790 = CARTESIAN_POINT ( 'NONE',  ( -2.524113808038052742, 0.2629333856327479846, -2.710505431213761085E-17 ) ) ;
#3791 = EDGE_CURVE ( 'NONE', #3639, #2309, #1985, .T. ) ;
#3792 = CARTESIAN_POINT ( 'NONE',  ( 1.570000000000000284, 0.3750000000000000000, -0.5000000000000000000 ) ) ;
#3793 = FILL_AREA_STYLE_COLOUR ( '', #3 ) ;
#3794 = CARTESIAN_POINT ( 'NONE',  ( 0.4844044053524915738, -0.4056023716671917634, 6.938616824782551262 ) ) ;
#3795 = FILL_AREA_STYLE ('',( #1939 ) ) ;
#3796 = CARTESIAN_POINT ( 'NONE',  ( -0.09035625534703392581, -0.09253437892174896928, 6.998199339347594083 ) ) ;
#3797 = FILL_AREA_STYLE_COLOUR ( '', #1779 ) ;
#3798 = ORIENTED_EDGE ( 'NONE', *, *, #4806, .T. ) ;
#3799 = CARTESIAN_POINT ( 'NONE',  ( -2.123983599636439124, 1.030827516190902848, 5.232000135023060494 ) ) ;
#3800 = DIRECTION ( 'NONE',  ( 0.000000000000000000, 0.000000000000000000, -1.000000000000000000 ) ) ;
#3801 = DIRECTION ( 'NONE',  ( 0.000000000000000000, 0.000000000000000000, 1.000000000000000000 ) ) ;
#3802 =( NAMED_UNIT ( * ) PLANE_ANGLE_UNIT ( ) SI_UNIT ( $, .RADIAN. ) );
#3803 = CARTESIAN_POINT ( 'NONE',  ( 1.020000000000000018, -0.1750000000000001277, -0.5000000000000000000 ) ) ;
#3804 = PRESENTATION_LAYER_ASSIGNMENT (  '', '', ( #1851 ) ) ;
#3805 = CARTESIAN_POINT ( 'NONE',  ( -0.7700000000000002398, 0.1749999999999998501, -0.5000000000000000000 ) ) ;
#3806 = CARTESIAN_POINT ( 'NONE',  ( 1.350606869930511156, -1.550145199906086679, 5.410696250673629137 ) ) ;
#3807 = AXIS2_PLACEMENT_3D ( 'NONE', #1632, #1604, #1266 ) ;
#3808 = EDGE_LOOP ( 'NONE', ( #234, #4144, #22, #4384 ) ) ;
#3809 = DIRECTION ( 'NONE',  ( 0.000000000000000000, 1.000000000000000000, 0.000000000000000000 ) ) ;
#3810 = CARTESIAN_POINT ( 'NONE',  ( -1.473050113859560417, 1.428961553260561290, 5.676121481225492538 ) ) ;
#3811 = VECTOR ( 'NONE', #1644, 1000.000000000000000 ) ;
#3812 = CARTESIAN_POINT ( 'NONE',  ( -1.353880339631635676, -1.566513064112529774, 5.215240638715422428 ) ) ;
#3813 = CARTESIAN_POINT ( 'NONE',  ( 1.606011251195971434, -0.2231277921020925481, 6.467184554408848207 ) ) ;
#3814 = ADVANCED_FACE ( 'NONE', ( #939 ), #2689, .T. ) ;
#3815 = CARTESIAN_POINT ( 'NONE',  ( 1.570000000000000284, -0.3750000000000000555, -0.5000000000000000000 ) ) ;
#3816 = CARTESIAN_POINT ( 'NONE',  ( -1.552963676578603014, -0.1091531991472717011, 6.510497509755903245 ) ) ;
#3817 = FILL_AREA_STYLE_COLOUR ( '', #820 ) ;
#3818 = CARTESIAN_POINT ( 'NONE',  ( 1.520000000000000018, 0.2500000000000000000, -24.99999999999999645 ) ) ;
#3819 = STYLED_ITEM ( 'NONE', ( #4052 ), #2266 ) ;
#3820 = CARTESIAN_POINT ( 'NONE',  ( 0.5574322106243794206, -0.2278467880980087068, 6.943542685693772754 ) ) ;
#3821 = EDGE_CURVE ( 'NONE', #174, #3418, #2326, .T. ) ;
#3822 = ORIENTED_EDGE ( 'NONE', *, *, #1088, .F. ) ;
#3823 = VECTOR ( 'NONE', #3998, 1000.000000000000000 ) ;
#3824 = CARTESIAN_POINT ( 'NONE',  ( -4.671608575681286983E-06, 0.000000000000000000, 6.999999999999999112 ) ) ;
#3825 = ORIENTED_EDGE ( 'NONE', *, *, #854, .F. ) ;
#3826 = CARTESIAN_POINT ( 'NONE',  ( -2.127325006464844126, 1.031910651524300837, 5.166295675999706738 ) ) ;
#3827 = SURFACE_STYLE_USAGE ( .BOTH. , #3867 ) ;
#3828 = LINE ( 'NONE', #2777, #83 ) ;
#3829 = FILL_AREA_STYLE ('',( #2341 ) ) ;
#3830 = FILL_AREA_STYLE ('',( #1280 ) ) ;
#3831 = UNCERTAINTY_MEASURE_WITH_UNIT (LENGTH_MEASURE( 1.000000000000000082E-05 ), #4789, 'distance_accuracy_value', 'NONE');
#3832 = CARTESIAN_POINT ( 'NONE',  ( 1.956005846181162688, 1.140507552189820695, 5.482730242097268558 ) ) ;
#3833 = CARTESIAN_POINT ( 'NONE',  ( 1.453068249117301480, -1.522246338109759067, 5.149999999834289355 ) ) ;
#3834 = CARTESIAN_POINT ( 'NONE',  ( -2.363528372824896806, -0.2987281558447767438, 5.674004846917853229 ) ) ;
#3835 = CARTESIAN_POINT ( 'NONE',  ( 1.308676560805686284, 1.104887323133257215, 6.318405926606507350 ) ) ;
#3836 = PRESENTATION_LAYER_ASSIGNMENT (  '', '', ( #1174 ) ) ;
#3837 = CARTESIAN_POINT ( 'NONE',  ( -1.224702038798010095, 0.09014813311052134737, 6.708255669736001181 ) ) ;
#3838 = CARTESIAN_POINT ( 'NONE',  ( -2.115375919820136730, 1.221262938767205819, 5.149999999834290243 ) ) ;
#3839 = CARTESIAN_POINT ( 'NONE',  ( -1.280954720452084805, 1.481906499215528861, 5.786489142085803117 ) ) ;
#3840 = CARTESIAN_POINT ( 'NONE',  ( 0.2780227005169363941, 0.09264304370715326087, 6.987689622714315263 ) ) ;
#3841 = ORIENTED_EDGE ( 'NONE', *, *, #1717, .F. ) ;
#3842 = LINE ( 'NONE', #4156, #2664 ) ;
#3843 = CARTESIAN_POINT ( 'NONE',  ( -0.1686806792750761008, 0.1951380323136479022, 6.989556512789564025 ) ) ;
#3844 = CARTESIAN_POINT ( 'NONE',  ( -1.770000000000000240, 0.3749999999999999445, -0.1999999999999999833 ) ) ;
#3845 = CARTESIAN_POINT ( 'NONE',  ( -1.445762473767691514, 1.525912215359773283, 5.149999999834290243 ) ) ;
#3846 = FILL_AREA_STYLE ('',( #4250 ) ) ;
#3847 = ADVANCED_FACE ( 'NONE', ( #3272 ), #587, .F. ) ;
#3848 = FILL_AREA_STYLE ('',( #2731 ) ) ;
#3849 =( NAMED_UNIT ( * ) SI_UNIT ( $, .STERADIAN. ) SOLID_ANGLE_UNIT ( ) );
#3850 = CARTESIAN_POINT ( 'NONE',  ( 2.236915605464584011, -0.8967544155109949955, 0.1499999999999999944 ) ) ;
#3851 = EDGE_CURVE ( 'NONE', #3469, #1536, #3858, .T. ) ;
#3852 = CARTESIAN_POINT ( 'NONE',  ( 2.417057892635602112, -0.6096935618729061312, 5.166303122923221913 ) ) ;
#3853 = MECHANICAL_DESIGN_GEOMETRIC_PRESENTATION_REPRESENTATION (  '', ( #3924 ), #4392 ) ;
#3854 = CARTESIAN_POINT ( 'NONE',  ( -1.838602245371771637, -1.090408481586581102, 5.812256024674839594 ) ) ;
#3855 =( NAMED_UNIT ( * ) PLANE_ANGLE_UNIT ( ) SI_UNIT ( $, .RADIAN. ) );
#3856 = DIRECTION ( 'NONE',  ( 0.000000000000000000, 0.000000000000000000, -1.000000000000000000 ) ) ;
#3857 = CARTESIAN_POINT ( 'NONE',  ( 1.517704162973087190, -0.7949596434750327845, 6.379002650638685878 ) ) ;
#3858 = CIRCLE ( 'NONE', #3090, 0.1999999999999999833 ) ;
#3859 = COLOUR_RGB ( '',1.000000000000000000, 0.000000000000000000, 0.000000000000000000 ) ;
#3860 = CARTESIAN_POINT ( 'NONE',  ( -0.8746772223287393455, -0.8775018167303844097, 6.689304878015438938 ) ) ;
#3861 = DIRECTION ( 'NONE',  ( -0.000000000000000000, 0.000000000000000000, 1.000000000000000000 ) ) ;
#3862 = CARTESIAN_POINT ( 'NONE',  ( 0.4482941051873158278, 0.1479528165247161187, 6.966504941647861493 ) ) ;
#3863 = CARTESIAN_POINT ( 'NONE',  ( -0.04797573407753659425, 0.04333137093817834851, 6.999999999999841904 ) ) ;
#3864 = CARTESIAN_POINT ( 'NONE',  ( 2.523985123671225406, -0.2635827747973301660, -2.710505431213761085E-17 ) ) ;
#3865 = AXIS2_PLACEMENT_3D ( 'NONE', #4147, #4540, #4483 ) ;
#3866 = CARTESIAN_POINT ( 'NONE',  ( -2.127325006464828139, 1.031910651524301059, 5.149999999834288467 ) ) ;
#3867 = SURFACE_SIDE_STYLE ('',( #2315 ) ) ;
#3868 =( NAMED_UNIT ( * ) SI_UNIT ( $, .STERADIAN. ) SOLID_ANGLE_UNIT ( ) );
#3869 = ORIENTED_EDGE ( 'NONE', *, *, #891, .F. ) ;
#3870 = DIRECTION ( 'NONE',  ( -1.084202172485504434E-16, 1.000000000000000000, 0.000000000000000000 ) ) ;
#3871 = ORIENTED_EDGE ( 'NONE', *, *, #3664, .T. ) ;
#3872 = UNCERTAINTY_MEASURE_WITH_UNIT (LENGTH_MEASURE( 1.000000000000000082E-05 ), #1661, 'distance_accuracy_value', 'NONE');
#3873 = EDGE_LOOP ( 'NONE', ( #2338, #3941, #4509 ) ) ;
#3874 = AXIS2_PLACEMENT_3D ( 'NONE', #199, #965, #3234 ) ;
#3875 = CARTESIAN_POINT ( 'NONE',  ( 2.414808609522471894, 0.6143668150032088882, 5.166300669388091293 ) ) ;
#3876 = CARTESIAN_POINT ( 'NONE',  ( -2.505757207236475104, -0.1541543752532436029, 5.412241304700478928 ) ) ;
#3877 = FILL_AREA_STYLE ('',( #4568 ) ) ;
#3878 = PRESENTATION_LAYER_ASSIGNMENT (  '', '', ( #2398 ) ) ;
#3879 = CARTESIAN_POINT ( 'NONE',  ( 1.708988774626815532, -0.8736806566730790369, 6.169143159983838665 ) ) ;
#3880 = AXIS2_PLACEMENT_3D ( 'NONE', #90, #3073, #2284 ) ;
#3881 = CARTESIAN_POINT ( 'NONE',  ( -0.9709435175606930812, 1.123260495175514517, 6.474925626454340666 ) ) ;
#3882 =( NAMED_UNIT ( * ) PLANE_ANGLE_UNIT ( ) SI_UNIT ( $, .RADIAN. ) );
#3883 = DIRECTION ( 'NONE',  ( 0.000000000000000000, 0.000000000000000000, 1.000000000000000000 ) ) ;
#3884 = CARTESIAN_POINT ( 'NONE',  ( 0.3858407408684076390, 0.3265721327374636052, 6.962809767591911836 ) ) ;
#3885 =( GEOMETRIC_REPRESENTATION_CONTEXT ( 3 ) GLOBAL_UNCERTAINTY_ASSIGNED_CONTEXT ( ( #4702 ) ) GLOBAL_UNIT_ASSIGNED_CONTEXT ( ( #4119, #427, #720 ) ) REPRESENTATION_CONTEXT ( 'NONE', 'WORKASPACE' ) );
#3886 = CARTESIAN_POINT ( 'NONE',  ( -1.970000000000000417, -0.1750000000000000722, -0.2000000000000000111 ) ) ;
#3887 = AXIS2_PLACEMENT_3D ( 'NONE', #873, #776, #434 ) ;
#3888 = CARTESIAN_POINT ( 'NONE',  ( -0.1155341714223071525, 0.009450149982211910465, 6.998740589431510450 ) ) ;
#3889 = CARTESIAN_POINT ( 'NONE',  ( -2.004785248495582817, 1.150634001574458942, 3.580469406766510117E-15 ) ) ;
#3890 = CARTESIAN_POINT ( 'NONE',  ( -1.445713281031667075, 1.525934596363273110, 5.166036021901257769 ) ) ;
#3891 = DIRECTION ( 'NONE',  ( 0.000000000000000000, 0.000000000000000000, 1.000000000000000000 ) ) ;
#3892 = DIRECTION ( 'NONE',  ( -0.000000000000000000, 0.000000000000000000, 1.000000000000000000 ) ) ;
#3893 = FACE_OUTER_BOUND ( 'NONE', #1367, .T. ) ;
#3894 = ORIENTED_EDGE ( 'NONE', *, *, #1785, .F. ) ;
#3895 = CARTESIAN_POINT ( 'NONE',  ( 0.4268532830323127358, -1.835278561937286890, 0.1499999999999999667 ) ) ;
#3896 = EDGE_LOOP ( 'NONE', ( #1256, #4752, #3646, #2899, #1741, #3267 ) ) ;
#3897 = VECTOR ( 'NONE', #3944, 1000.000000000000000 ) ;
#3898 = CARTESIAN_POINT ( 'NONE',  ( 2.337577836900776251, -0.7553991961729669136, 5.166303429615111575 ) ) ;
#3899 = FACE_OUTER_BOUND ( 'NONE', #4015, .T. ) ;
#3900 = CARTESIAN_POINT ( 'NONE',  ( -1.342965050598809995, 1.553645058688990499, 5.410519973207168043 ) ) ;
#3901 = CARTESIAN_POINT ( 'NONE',  ( 1.362490098663261096, -1.563784101280339067, 5.150000000000000355 ) ) ;
#3902 = EDGE_CURVE ( 'NONE', #2384, #2161, #4713, .T. ) ;
#3903 = CARTESIAN_POINT ( 'NONE',  ( 1.431972687509687203, 1.111653335023755629, 6.218406899682786815 ) ) ;
#3904 = CARTESIAN_POINT ( 'NONE',  ( -1.744575927411704752, -0.1193937193975088407, 6.370191542501030035 ) ) ;
#3905 = STYLED_ITEM ( 'NONE', ( #2267 ), #2926 ) ;
#3906 = SURFACE_STYLE_FILL_AREA ( #2441 ) ;
#3907 = CARTESIAN_POINT ( 'NONE',  ( 0.8787929405156923446, -0.8750542341011727787, 6.689896743332887752 ) ) ;
#3908 = CIRCLE ( 'NONE', #1569, 0.2000000000000000111 ) ;
#3909 = CARTESIAN_POINT ( 'NONE',  ( 0.7651839397471315030, 1.766713437372414264, 6.999999999999801048 ) ) ;
#3910 = CARTESIAN_POINT ( 'NONE',  ( -0.2267477893328258554, -0.03747107085446802627, 6.992583747243486414 ) ) ;
#3911 = CARTESIAN_POINT ( 'NONE',  ( -0.8374946967991399038, 1.604323352825742566, -2.710505431213761085E-17 ) ) ;
#3912 = CARTESIAN_POINT ( 'NONE',  ( -1.353880339631635676, -1.566513064112529774, 5.215240638715422428 ) ) ;
#3913 =( NAMED_UNIT ( * ) SI_UNIT ( $, .STERADIAN. ) SOLID_ANGLE_UNIT ( ) );
#3914 = CARTESIAN_POINT ( 'NONE',  ( 0.7697989722344336094, -1.765696101431301512, 5.149999999999977263 ) ) ;
#3915 = CIRCLE ( 'NONE', #3684, 0.1999999999999999833 ) ;
#3916 = VERTEX_POINT ( 'NONE', #240 ) ;
#3917 = UNCERTAINTY_MEASURE_WITH_UNIT (LENGTH_MEASURE( 1.000000000000000082E-05 ), #691, 'distance_accuracy_value', 'NONE');
#3918 = CARTESIAN_POINT ( 'NONE',  ( 1.540007726871372551, -1.476550632648948813, 5.149999999834289355 ) ) ;
#3919 =( LENGTH_UNIT ( ) NAMED_UNIT ( * ) SI_UNIT ( .MILLI., .METRE. ) );
#3920 = CARTESIAN_POINT ( 'NONE',  ( -2.333429836123185108, -0.7596198256044760511, 0.1499999999999999667 ) ) ;
#3921 = CARTESIAN_POINT ( 'NONE',  ( -2.504778402349735256, 0.3101496466980583899, 5.313778897831198833 ) ) ;
#3922 = CARTESIAN_POINT ( 'NONE',  ( -2.524113808038064732, 0.2629333856326886432, 0.1499999999999999667 ) ) ;
#3923 = CARTESIAN_POINT ( 'NONE',  ( 1.233908199232301328, -1.416205031283591875, 5.963439944130374037 ) ) ;
#3924 = STYLED_ITEM ( 'NONE', ( #3183 ), #3762 ) ;
#3925 = SURFACE_SIDE_STYLE ('',( #2513 ) ) ;
#3926 = EDGE_CURVE ( 'NONE', #1444, #1416, #2091, .T. ) ;
#3927 = CARTESIAN_POINT ( 'NONE',  ( -1.552942910386296615, -0.4448460859717671689, 6.469089184469285492 ) ) ;
#3928 = AXIS2_PLACEMENT_3D ( 'NONE', #1799, #4382, #2879 ) ;
#3929 = LINE ( 'NONE', #3521, #2958 ) ;
#3930 = CARTESIAN_POINT ( 'NONE',  ( 0.8081132101693845327, 0.2560628226149218034, 6.874256057261395547 ) ) ;
#3931 = EDGE_CURVE ( 'NONE', #2087, #2165, #1586, .T. ) ;
#3932 = CARTESIAN_POINT ( 'NONE',  ( -0.8753765646856374039, 1.745631866755725570, 5.150000000000266809 ) ) ;
#3933 = CARTESIAN_POINT ( 'NONE',  ( -0.2409540604898395555, 0.2051205455929706045, 6.985832207643615455 ) ) ;
#3934 = CARTESIAN_POINT ( 'NONE',  ( -0.3042797688499308539, 1.697427428733188748, -2.710505431213761085E-17 ) ) ;
#3935 = CYLINDRICAL_SURFACE ( 'NONE', #4573, 0.1999999999999999833 ) ;
#3936 = CARTESIAN_POINT ( 'NONE',  ( -2.127070242900601649, -0.7935465401368562155, -2.710505431213760777E-17 ) ) ;
#3937 = AXIS2_PLACEMENT_3D ( 'NONE', #1149, #3745, #3022 ) ;
#3938 = DIRECTION ( 'NONE',  ( -0.000000000000000000, 1.000000000000000000, 0.000000000000000000 ) ) ;
#3939 = CARTESIAN_POINT ( 'NONE',  ( 0.5511218572096814317, 0.09898477709659506130, 7.000000000000000000 ) ) ;
#3940 = PRESENTATION_STYLE_ASSIGNMENT (( #1651 ) ) ;
#3941 = ORIENTED_EDGE ( 'NONE', *, *, #2680, .T. ) ;
#3942 = CARTESIAN_POINT ( 'NONE',  ( -1.020000000000000018, -0.2500000000000000000, 0.000000000000000000 ) ) ;
#3943 = ORIENTED_EDGE ( 'NONE', *, *, #667, .F. ) ;
#3944 = DIRECTION ( 'NONE',  ( -1.000000000000000000, -1.084202172485504434E-16, 0.000000000000000000 ) ) ;
#3945 = DIRECTION ( 'NONE',  ( -1.000000000000000000, 0.000000000000000000, 0.000000000000000000 ) ) ;
#3946 = CARTESIAN_POINT ( 'NONE',  ( 0.03434466533704772645, -1.710517712645968080, -2.710505431213761085E-17 ) ) ;
#3947 = CARTESIAN_POINT ( 'NONE',  ( -2.480807271639869693, -0.1531658494116603375, 5.477941436619391702 ) ) ;
#3948 = CARTESIAN_POINT ( 'NONE',  ( 1.928928025906226473, -0.1263383216406882004, 6.214666502758282363 ) ) ;
#3949 = COLOUR_RGB ( '',1.000000000000000000, 0.000000000000000000, 0.000000000000000000 ) ;
#3950 = CARTESIAN_POINT ( 'NONE',  ( -1.348515815257506301, 0.8488070122421254027, 6.472073518355926147 ) ) ;
#3951 = COLOUR_RGB ( '',0.8431372549019607865, 0.8431372549019607865, 0.8431372549019607865 ) ;
#3952 =( NAMED_UNIT ( * ) SI_UNIT ( $, .STERADIAN. ) SOLID_ANGLE_UNIT ( ) );
#3953 = CARTESIAN_POINT ( 'NONE',  ( 0.6623943725276920658, -0.5849515319601247265, 6.865069160091244349 ) ) ;
#3954 =( BOUNDED_SURFACE ( )  B_SPLINE_SURFACE ( 3, 2, ( 
 ( #1685, #3215, #1708 ),
 ( #183, #2128, #2443 ),
 ( #1664, #4296, #3932 ),
 ( #3171, #4652, #4691 ),
 ( #1292, #2792, #2821 ),
 ( #4322, #928, #2421 ),
 ( #970, #3956, #2103 ),
 ( #2463, #3909, #598 ),
 ( #227, #1730, #3193 ),
 ( #556, #3587, #252 ),
 ( #4716, #2058, #3540 ),
 ( #1317, #4670, #1362 ) ),
 .UNSPECIFIED., .F., .F., .T. ) 
 B_SPLINE_SURFACE_WITH_KNOTS ( ( 4, 2, 2, 2, 2, 4 ),
 ( 3, 3 ),
 ( 0.01230791882170304344, 0.01261404795003144216, 0.01292017707835984089, 0.01322630620668823961, 0.01337937077085243898, 0.01353243533501663660 ),
 ( 0.000000000000000000, 1.000000000000000000 ),
 .UNSPECIFIED. ) 
 GEOMETRIC_REPRESENTATION_ITEM ( )  RATIONAL_B_SPLINE_SURFACE ( (
 ( 1.000000000000000000, 0.7071067811865476838, 1.000000000000000000),
 ( 1.000000000000000000, 0.7071067811865476838, 1.000000000000000000),
 ( 1.000000000000000000, 0.7071067811865473507, 1.000000000000000000),
 ( 1.000000000000000000, 0.7071067811865473507, 1.000000000000000000),
 ( 1.000000000000000000, 0.7071067811865475727, 1.000000000000000000),
 ( 1.000000000000000000, 0.7071067811865475727, 1.000000000000000000),
 ( 1.000000000000000000, 0.7071067811865476838, 1.000000000000000000),
 ( 1.000000000000000000, 0.7071067811865476838, 1.000000000000000000),
 ( 1.000000000000000000, 0.7071067811865473507, 1.000000000000000000),
 ( 1.000000000000000000, 0.7071067811865473507, 1.000000000000000000),
 ( 1.000000000000000000, 0.7071067811865473507, 1.000000000000000000),
 ( 1.000000000000000000, 0.7071067811865473507, 1.000000000000000000) ) ) 
 REPRESENTATION_ITEM ( '' )  SURFACE ( )  );
#3955 = PRESENTATION_LAYER_ASSIGNMENT (  '', '', ( #2086 ) ) ;
#3956 = CARTESIAN_POINT ( 'NONE',  ( 0.4319964681805718021, 1.830866776377050309, 7.000000000000394351 ) ) ;
#3957 = CARTESIAN_POINT ( 'NONE',  ( -0.2409359682051819829, -0.2051351474115613027, 6.985830866927102534 ) ) ;
#3958 = CARTESIAN_POINT ( 'NONE',  ( 2.267440139307237867, 0.8939648861007505332, -2.710505431213761085E-17 ) ) ;
#3959 = FILL_AREA_STYLE ('',( #3240 ) ) ;
#3960 =( NAMED_UNIT ( * ) PLANE_ANGLE_UNIT ( ) SI_UNIT ( $, .RADIAN. ) );
#3961 = STYLED_ITEM ( 'NONE', ( #1834 ), #1938 ) ;
#3962 = VECTOR ( 'NONE', #3441, 1000.000000000000000 ) ;
#3963 = CARTESIAN_POINT ( 'NONE',  ( 4.686308437449692685E-06, 0.000000000000000000, 6.999999999999999112 ) ) ;
#3964 = ADVANCED_FACE ( 'NONE', ( #1744 ), #3001, .F. ) ;
#3965 = PRODUCT_DEFINITION_CONTEXT ( 'detailed design', #481, 'design' ) ;
#3966 = ORIENTED_EDGE ( 'NONE', *, *, #1447, .F. ) ;
#3967 =( GEOMETRIC_REPRESENTATION_CONTEXT ( 3 ) GLOBAL_UNCERTAINTY_ASSIGNED_CONTEXT ( ( #2819 ) ) GLOBAL_UNIT_ASSIGNED_CONTEXT ( ( #2202, #2007, #4487 ) ) REPRESENTATION_CONTEXT ( 'NONE', 'WORKASPACE' ) );
#3968 = MECHANICAL_DESIGN_GEOMETRIC_PRESENTATION_REPRESENTATION (  '', ( #924 ), #1468 ) ;
#3969 = DIRECTION ( 'NONE',  ( -1.000000000000000000, -0.000000000000000000, -0.000000000000000000 ) ) ;
#3970 =( NAMED_UNIT ( * ) SI_UNIT ( $, .STERADIAN. ) SOLID_ANGLE_UNIT ( ) );
#3971 = EDGE_LOOP ( 'NONE', ( #1825, #2331, #2681, #2429 ) ) ;
#3972 = DIRECTION ( 'NONE',  ( 1.000000000000000000, 0.000000000000000000, -0.000000000000000000 ) ) ;
#3973 = FILL_AREA_STYLE ('',( #2114 ) ) ;
#3974 = CARTESIAN_POINT ( 'NONE',  ( 2.337577836900788686, -0.7553991961729537019, 5.149999999834288467 ) ) ;
#3975 = COLOUR_RGB ( '',1.000000000000000000, 0.000000000000000000, 0.000000000000000000 ) ;
#3976 = VECTOR ( 'NONE', #3715, 1000.000000000000000 ) ;
#3977 = CARTESIAN_POINT ( 'NONE',  ( 0.03593329483987604128, -1.860990993353524914, -2.710505431213761085E-17 ) ) ;
#3978 = CARTESIAN_POINT ( 'NONE',  ( -1.342817282754688035, -1.553712462450784537, 5.410516571640650696 ) ) ;
#3979 = CARTESIAN_POINT ( 'NONE',  ( 0.7700000000000002398, 0.1749999999999998501, -0.3000000000000000444 ) ) ;
#3980 = CARTESIAN_POINT ( 'NONE',  ( 1.946148349855466586, -0.6648554866954005105, 6.051040534704504203 ) ) ;
#3981 = DIRECTION ( 'NONE',  ( 0.000000000000000000, 0.000000000000000000, -1.000000000000000000 ) ) ;
#3982 = CARTESIAN_POINT ( 'NONE',  ( -1.192417597120438266, 1.017928085797389803, 6.460645325393601368 ) ) ;
#3983 = SURFACE_STYLE_FILL_AREA ( #3168 ) ;
#3984 = CARTESIAN_POINT ( 'NONE',  ( 0.6238054362898377558, -0.6280620156989425995, 6.859194530049429694 ) ) ;
#3985 = STYLED_ITEM ( 'NONE', ( #4164 ), #2995 ) ;
#3986 = CARTESIAN_POINT ( 'NONE',  ( -0.3466441273411104418, 0.3770658938622739043, 6.958137396840213817 ) ) ;
#3987 = CARTESIAN_POINT ( 'NONE',  ( -2.183149728469857997, 0.7423035940219430140, -2.710505431213761085E-17 ) ) ;
#3988 = CARTESIAN_POINT ( 'NONE',  ( -2.522706935735291367, -0.3116897410407931113, 5.149999999834290243 ) ) ;
#3989 = CARTESIAN_POINT ( 'NONE',  ( -2.406914728282619542, -0.03880581553461038419, -2.710505431213761701E-17 ) ) ;
#3990 = CARTESIAN_POINT ( 'NONE',  ( 0.5700000000000002842, -0.1750000000000001277, -0.1999999999999999833 ) ) ;
#3991 = STYLED_ITEM ( 'NONE', ( #1082 ), #2922 ) ;
#3992 = VERTEX_POINT ( 'NONE', #3803 ) ;
#3993 = ORIENTED_EDGE ( 'NONE', *, *, #2029, .T. ) ;
#3994 = CARTESIAN_POINT ( 'NONE',  ( 0.4335248557062097996, -1.830823891156294625, 5.150000000000043876 ) ) ;
#3995 = ORIENTED_EDGE ( 'NONE', *, *, #127, .F. ) ;
#3996 = AXIS2_PLACEMENT_3D ( 'NONE', #1642, #809, #3480 ) ;
#3997 = SURFACE_SIDE_STYLE ('',( #4729 ) ) ;
#3998 = DIRECTION ( 'NONE',  ( 0.000000000000000000, -1.000000000000000000, 0.000000000000000000 ) ) ;
#3999 = EDGE_CURVE ( 'NONE', #635, #1671, #2656, .T. ) ;
#4000 = CARTESIAN_POINT ( 'NONE',  ( -0.9367163362824607598, -1.724021152271417279, -1.467044350921726338E-14 ) ) ;
#4001 = ORIENTED_EDGE ( 'NONE', *, *, #854, .T. ) ;
#4002 = CARTESIAN_POINT ( 'NONE',  ( -1.444347185870975103, 1.524593784585349665, 5.232856022287215580 ) ) ;
#4003 = FILL_AREA_STYLE ('',( #4787 ) ) ;
#4004 = CARTESIAN_POINT ( 'NONE',  ( 2.363320218411128604, 0.3003140647305329591, 5.674279154558621308 ) ) ;
#4005 = CARTESIAN_POINT ( 'NONE',  ( -1.054381637000545213, 1.128061563717108307, 6.440870833485861091 ) ) ;
#4006 = PRESENTATION_STYLE_ASSIGNMENT (( #3306 ) ) ;
#4007 = CARTESIAN_POINT ( 'NONE',  ( 0.7782584096201347057, -0.6379453953037937941, 6.820336839299870668 ) ) ;
#4008 = CARTESIAN_POINT ( 'NONE',  ( -0.4089653008692659131, 0.2833645910817750857, 6.964883620088058613 ) ) ;
#4009 =( NAMED_UNIT ( * ) SI_UNIT ( $, .STERADIAN. ) SOLID_ANGLE_UNIT ( ) );
#4010 = CARTESIAN_POINT ( 'NONE',  ( -2.549992583055729067, -0.1558824259250869981, 5.149999999834290243 ) ) ;
#4011 = SURFACE_SIDE_STYLE ('',( #4372 ) ) ;
#4012 = CARTESIAN_POINT ( 'NONE',  ( 4.686308437449692685E-06, 0.000000000000000000, 6.999999999999999112 ) ) ;
#4013 = UNCERTAINTY_MEASURE_WITH_UNIT (LENGTH_MEASURE( 1.000000000000000082E-05 ), #657, 'distance_accuracy_value', 'NONE');
#4014 = VERTEX_POINT ( 'NONE', #4142 ) ;
#4015 = EDGE_LOOP ( 'NONE', ( #1279, #4804, #2701, #1635, #286 ) ) ;
#4016 = CARTESIAN_POINT ( 'NONE',  ( 0.2161445773319288499, -1.849910116217466260, 6.999999999999647393 ) ) ;
#4017 = ORIENTED_EDGE ( 'NONE', *, *, #1663, .F. ) ;
#4018 = UNCERTAINTY_MEASURE_WITH_UNIT (LENGTH_MEASURE( 1.000000000000000082E-05 ), #2023, 'distance_accuracy_value', 'NONE');
#4019 = CARTESIAN_POINT ( 'NONE',  ( 1.447468637848387640, 1.525051670293691153, 5.149999999834289355 ) ) ;
#4020 = DIRECTION ( 'NONE',  ( 0.000000000000000000, 0.000000000000000000, 1.000000000000000000 ) ) ;
#4021 = CARTESIAN_POINT ( 'NONE',  ( 2.306152708395091455, -0.8305585736516291062, -2.710505431213761085E-17 ) ) ;
#4022 = ORIENTED_EDGE ( 'NONE', *, *, #2493, .F. ) ;
#4023 = CARTESIAN_POINT ( 'NONE',  ( -1.769032189207106365, -1.323511020562182949, 5.315556122207185652 ) ) ;
#4024 = CARTESIAN_POINT ( 'NONE',  ( 1.899889627879390419, -1.111214140466904476, 5.682506594503973218 ) ) ;
#4025 = EDGE_CURVE ( 'NONE', #635, #3639, #2308, .T. ) ;
#4026 = CARTESIAN_POINT ( 'NONE',  ( -1.230299948593032822, -1.309141054704921370, 6.142971256876647246 ) ) ;
#4027 = SURFACE_SIDE_STYLE ('',( #2934 ) ) ;
#4028 = CARTESIAN_POINT ( 'NONE',  ( 1.456372936352894110, 0.5349465308095774363, 6.515932358281332881 ) ) ;
#4029 = DIRECTION ( 'NONE',  ( 0.000000000000000000, 0.000000000000000000, 1.000000000000000000 ) ) ;
#4030 = CARTESIAN_POINT ( 'NONE',  ( -0.8074561449916461964, -0.2557410118194243243, 6.873952839474524623 ) ) ;
#4031 = SURFACE_STYLE_USAGE ( .BOTH. , #2543 ) ;
#4032 = SURFACE_SIDE_STYLE ('',( #4471 ) ) ;
#4033 = CARTESIAN_POINT ( 'NONE',  ( 0.05442979635195953347, 0.03228627555095869850, 6.999999999999860556 ) ) ;
#4034 =( GEOMETRIC_REPRESENTATION_CONTEXT ( 3 ) GLOBAL_UNCERTAINTY_ASSIGNED_CONTEXT ( ( #3831 ) ) GLOBAL_UNIT_ASSIGNED_CONTEXT ( ( #4789, #723, #1858 ) ) REPRESENTATION_CONTEXT ( 'NONE', 'WORKASPACE' ) );
#4035 = EDGE_LOOP ( 'NONE', ( #4255, #2576, #1398 ) ) ;
#4036 = ORIENTED_EDGE ( 'NONE', *, *, #802, .F. ) ;
#4037 = CARTESIAN_POINT ( 'NONE',  ( -0.7700000000000002398, 0.1749999999999998501, -0.1999999999999999833 ) ) ;
#4038 = SURFACE_STYLE_USAGE ( .BOTH. , #3594 ) ;
#4039 = CARTESIAN_POINT ( 'NONE',  ( 1.449654647683463082, -1.518905429117455963, 5.282653661398205358 ) ) ;
#4040 = CARTESIAN_POINT ( 'NONE',  ( -0.8039683153515397862, -0.9302327981397191525, 6.674586736392599029 ) ) ;
#4041 = VECTOR ( 'NONE', #1787, 1000.000000000000000 ) ;
#4042 = ORIENTED_EDGE ( 'NONE', *, *, #4773, .T. ) ;
#4043 = FILL_AREA_STYLE ('',( #2980 ) ) ;
#4044 = COLOUR_RGB ( '',1.000000000000000000, 0.000000000000000000, 0.000000000000000000 ) ;
#4045 = MECHANICAL_DESIGN_GEOMETRIC_PRESENTATION_REPRESENTATION (  '', ( #1781 ), #1941 ) ;
#4046 = LINE ( 'NONE', #3599, #3823 ) ;
#4047 = CARTESIAN_POINT ( 'NONE',  ( -0.7700000000000002398, 0.3749999999999998890, -0.1999999999999999833 ) ) ;
#4048 = AXIS2_PLACEMENT_3D ( 'NONE', #4815, #4464, #1114 ) ;
#4049 = ORIENTED_EDGE ( 'NONE', *, *, #523, .T. ) ;
#4050 = CARTESIAN_POINT ( 'NONE',  ( -2.125225982536373071, 1.031231035098618687, 5.215510361356086477 ) ) ;
#4051 = AXIS2_PLACEMENT_3D ( 'NONE', #1275, #3891, #1178 ) ;
#4052 = PRESENTATION_STYLE_ASSIGNMENT (( #666 ) ) ;
#4053 = CARTESIAN_POINT ( 'NONE',  ( 1.303367964048446126, 1.380923062021074621, 5.973531528505780841 ) ) ;
#4054 = AXIS2_PLACEMENT_3D ( 'NONE', #549, #1678, #983 ) ;
#4055 = CARTESIAN_POINT ( 'NONE',  ( -1.968694771622266027, -0.2628486666607375288, 6.159676153498243600 ) ) ;
#4056 = ADVANCED_FACE ( 'NONE', ( #767 ), #1594, .F. ) ;
#4057 = FACE_OUTER_BOUND ( 'NONE', #2160, .T. ) ;
#4058 =( LENGTH_UNIT ( ) NAMED_UNIT ( * ) SI_UNIT ( .MILLI., .METRE. ) );
#4059 = AXIS2_PLACEMENT_3D ( 'NONE', #4251, #2379, #540 ) ;
#4060 = CARTESIAN_POINT ( 'NONE',  ( 1.770000000000000240, -0.1750000000000000722, -0.3000000000000000444 ) ) ;
#4061 = CARTESIAN_POINT ( 'NONE',  ( 0.8419193275019171141, 0.9047069979042250409, 6.683145868680822943 ) ) ;
#4062 = CARTESIAN_POINT ( 'NONE',  ( 1.570000000000000284, 0.1749999999999999611, -0.3000000000000000444 ) ) ;
#4063 = CARTESIAN_POINT ( 'NONE',  ( -0.8640862303099151598, 0.4928687014139591649, 6.827200270373424473 ) ) ;
#4064 = CARTESIAN_POINT ( 'NONE',  ( 0.4861958602462733703, 0.5613340347606357028, 6.894914921524060603 ) ) ;
#4065 = CARTESIAN_POINT ( 'NONE',  ( 0.9508303952699933559, -1.091305150335860397, 6.508515489533165166 ) ) ;
#4066 = CARTESIAN_POINT ( 'NONE',  ( -0.8040535371928936303, 0.9301886835275186005, 6.674597398548179683 ) ) ;
#4067 = CARTESIAN_POINT ( 'NONE',  ( 0.1031936379479296562, -0.07135730041745834418, 6.998581841296811490 ) ) ;
#4068 = ORIENTED_EDGE ( 'NONE', *, *, #825, .F. ) ;
#4069 = EDGE_LOOP ( 'NONE', ( #1745, #562, #4236, #1652, #3059, #2281, #2387, #262 ) ) ;
#4070 = PRESENTATION_STYLE_ASSIGNMENT (( #2497 ) ) ;
#4071 = CARTESIAN_POINT ( 'NONE',  ( -1.239381151465836162, -1.620924236762206094, 7.000000000000349942 ) ) ;
#4072 = CARTESIAN_POINT ( 'NONE',  ( 2.376853251866859473, -0.2343900993573579672, 0.1499999999999999667 ) ) ;
#4073 = CARTESIAN_POINT ( 'NONE',  ( 2.123895983191050441, 1.030874421531538410, 5.232022873631140492 ) ) ;
#4074 = CARTESIAN_POINT ( 'NONE',  ( -0.08472665064611464847, -0.09802826811570550247, 6.998001954153159510 ) ) ;
#4075 = ORIENTED_EDGE ( 'NONE', *, *, #4379, .T. ) ;
#4076 = CARTESIAN_POINT ( 'NONE',  ( -1.520000000000000018, -0.2499999999999998335, -0.4854049621773917078 ) ) ;
#4077 = FACE_OUTER_BOUND ( 'NONE', #167, .T. ) ;
#4078 = CARTESIAN_POINT ( 'NONE',  ( 0.9700000000000003064, -0.1750000000000001277, -0.5000000000000000000 ) ) ;
#4079 = CARTESIAN_POINT ( 'NONE',  ( 2.132929335635377122, -0.2754708166995100127, 5.986062001859950854 ) ) ;
#4080 = CARTESIAN_POINT ( 'NONE',  ( -1.792228546410542966, 0.9112816322233776578, 6.053890827844263356 ) ) ;
#4081 = CARTESIAN_POINT ( 'NONE',  ( -0.4665095105741834391, 1.826805475492283781, 5.149999999999999467 ) ) ;
#4082 = CARTESIAN_POINT ( 'NONE',  ( -1.520000000000000018, -0.2500000000000000000, 0.000000000000000000 ) ) ;
#4083 =( NAMED_UNIT ( * ) SI_UNIT ( $, .STERADIAN. ) SOLID_ANGLE_UNIT ( ) );
#4084 = CARTESIAN_POINT ( 'NONE',  ( 1.216959821715135170, 0.1812950151073926819, 6.709339110574553899 ) ) ;
#4085 = EDGE_CURVE ( 'NONE', #2830, #4356, #462, .T. ) ;
#4086 = DIRECTION ( 'NONE',  ( -0.000000000000000000, 1.000000000000000000, -0.000000000000000000 ) ) ;
#4087 = CARTESIAN_POINT ( 'NONE',  ( -0.7083185961328799518, -0.7160376218810291515, 6.809678584330353779 ) ) ;
#4088 = FILL_AREA_STYLE_COLOUR ( '', #1937 ) ;
#4089 = SURFACE_STYLE_FILL_AREA ( #37 ) ;
#4090 = CARTESIAN_POINT ( 'NONE',  ( 1.520000000000000018, -0.2500000000000000000, -24.99999999999999645 ) ) ;
#4091 = CARTESIAN_POINT ( 'NONE',  ( 0.09518795237876125082, 0.08607051555495730255, 6.998357636691856065 ) ) ;
#4092 = APPLICATION_PROTOCOL_DEFINITION ( 'draft international standard', 'automotive_design', 1998, #481 ) ;
#4093 = CARTESIAN_POINT ( 'NONE',  ( -1.116507648932248298, -1.665879083461894394, 5.150000000000068745 ) ) ;
#4094 = DIRECTION ( 'NONE',  ( 0.9808791453624410295, -0.1946178362664815753, 0.000000000000000000 ) ) ;
#4095 = CARTESIAN_POINT ( 'NONE',  ( 1.361290517997477245, -1.562407290082246991, 5.231614319533743007 ) ) ;
#4096 = ORIENTED_EDGE ( 'NONE', *, *, #3374, .F. ) ;
#4097 = STYLED_ITEM ( 'NONE', ( #4659 ), #4140 ) ;
#4098 = SURFACE_STYLE_USAGE ( .BOTH. , #2676 ) ;
#4099 = COLOUR_RGB ( '',1.000000000000000000, 0.000000000000000000, 0.000000000000000000 ) ;
#4100 = VECTOR ( 'NONE', #4747, 1000.000000000000000 ) ;
#4101 = CARTESIAN_POINT ( 'NONE',  ( 1.479701821578706999, -1.425294907937702416, 5.676499529773306740 ) ) ;
#4102 = CARTESIAN_POINT ( 'NONE',  ( 1.970000000000000417, -0.1750000000000000722, -0.2000000000000000111 ) ) ;
#4103 = MECHANICAL_DESIGN_GEOMETRIC_PRESENTATION_REPRESENTATION (  '', ( #2536 ), #1361 ) ;
#4104 = CARTESIAN_POINT ( 'NONE',  ( -1.203975964067881099, -1.282252348342903581, 6.196325132626975929 ) ) ;
#4105 = CARTESIAN_POINT ( 'NONE',  ( 1.225928476799625022, -0.08867020303533501568, 6.708893443280037339 ) ) ;
#4106 = CARTESIAN_POINT ( 'NONE',  ( -0.8328776568484120846, -0.5554591519305860370, 6.825863054440811872 ) ) ;
#4107 = CARTESIAN_POINT ( 'NONE',  ( 0.4100812218583062552, 0.4735768673704213172, 6.927706677292312598 ) ) ;
#4108 = CARTESIAN_POINT ( 'NONE',  ( -1.570000000000000284, -0.1750000000000000444, -0.3000000000000000444 ) ) ;
#4109 = CARTESIAN_POINT ( 'NONE',  ( 0.05748715253031212030, -0.02359347576451333375, 6.999999999999868550 ) ) ;
#4110 = AXIS2_PLACEMENT_3D ( 'NONE', #2553, #1827, #3325 ) ;
#4111 = SURFACE_STYLE_USAGE ( .BOTH. , #1074 ) ;
#4112 = CARTESIAN_POINT ( 'NONE',  ( -4.671608575681285289E-06, 0.000000000000000000, 6.999999999999999112 ) ) ;
#4113 = CARTESIAN_POINT ( 'NONE',  ( 1.442057859432646971, 1.519697669683770291, 5.315696771201084303 ) ) ;
#4114 = FILL_AREA_STYLE_COLOUR ( '', #585 ) ;
#4115 = FACE_OUTER_BOUND ( 'NONE', #1962, .T. ) ;
#4116 = UNCERTAINTY_MEASURE_WITH_UNIT (LENGTH_MEASURE( 1.000000000000000082E-05 ), #4193, 'distance_accuracy_value', 'NONE');
#4117 = ADVANCED_FACE ( 'NONE', ( #1520 ), #3440, .T. ) ;
#4118 = CIRCLE ( 'NONE', #914, 0.2000000000000000944 ) ;
#4119 =( LENGTH_UNIT ( ) NAMED_UNIT ( * ) SI_UNIT ( .MILLI., .METRE. ) );
#4120 = ADVANCED_FACE ( 'NONE', ( #4077 ), #2219, .F. ) ;
#4121 = AXIS2_PLACEMENT_3D ( 'NONE', #4701, #3972, #1797 ) ;
#4122 = CARTESIAN_POINT ( 'NONE',  ( 1.510034810689743434, 1.458734932996490041, 5.481474682501840334 ) ) ;
#4123 = PRESENTATION_STYLE_ASSIGNMENT (( #3757 ) ) ;
#4124 = MECHANICAL_DESIGN_GEOMETRIC_PRESENTATION_REPRESENTATION (  '', ( #1313 ), #2181 ) ;
#4125 = CARTESIAN_POINT ( 'NONE',  ( -1.897664426100092339, 0.5184349036402650102, 6.162924368819999721 ) ) ;
#4126 = DIRECTION ( 'NONE',  ( -0.000000000000000000, 0.000000000000000000, 1.000000000000000000 ) ) ;
#4127 = CARTESIAN_POINT ( 'NONE',  ( -0.9700000000000003064, 0.000000000000000000, -0.3000000000000000444 ) ) ;
#4128 =( NAMED_UNIT ( * ) PLANE_ANGLE_UNIT ( ) SI_UNIT ( $, .RADIAN. ) );
#4129 = CARTESIAN_POINT ( 'NONE',  ( 1.088329148337888519, 0.6044015363890995474, 6.711117241356657104 ) ) ;
#4130 =( NAMED_UNIT ( * ) PLANE_ANGLE_UNIT ( ) SI_UNIT ( $, .RADIAN. ) );
#4131 = CARTESIAN_POINT ( 'NONE',  ( -0.6834218346561953261, 0.7387811024594821419, 6.804901526026750247 ) ) ;
#4132 = CARTESIAN_POINT ( 'NONE',  ( -1.590243687960233077, -1.450542391087013216, 0.1499999999999999667 ) ) ;
#4133 = CARTESIAN_POINT ( 'NONE',  ( 1.260439840034641268, -1.446652025314862478, 5.876615599289910286 ) ) ;
#4134 = CARTESIAN_POINT ( 'NONE',  ( 1.570000000000000284, 0.1749999999999999611, -0.3000000000000000444 ) ) ;
#4135 = CARTESIAN_POINT ( 'NONE',  ( 0.1150527546436240223, 0.01900249174206056907, 6.998746798233502986 ) ) ;
#4136 = CARTESIAN_POINT ( 'NONE',  ( 0.9700000000000003064, -0.3750000000000001665, -0.5000000000000000000 ) ) ;
#4137 = CARTESIAN_POINT ( 'NONE',  ( -2.545288360925827664, -0.1557005361845010538, 5.231694437953846588 ) ) ;
#4138 = FACE_OUTER_BOUND ( 'NONE', #3369, .T. ) ;
#4139 = ORIENTED_EDGE ( 'NONE', *, *, #1663, .T. ) ;
#4140 = ADVANCED_FACE ( 'NONE', ( #3106 ), #3134, .T. ) ;
#4141 =( NAMED_UNIT ( * ) SI_UNIT ( $, .STERADIAN. ) SOLID_ANGLE_UNIT ( ) );
#4142 = CARTESIAN_POINT ( 'NONE',  ( 1.520000000000000018, -0.1750000000000000722, -0.5000000000000000000 ) ) ;
#4143 = CARTESIAN_POINT ( 'NONE',  ( 1.433984891902033265, 1.511749814326367014, 5.414621902564135780 ) ) ;
#4144 = ORIENTED_EDGE ( 'NONE', *, *, #2177, .T. ) ;
#4145 = MECHANICAL_DESIGN_GEOMETRIC_PRESENTATION_REPRESENTATION (  '', ( #2430 ), #1180 ) ;
#4146 = EDGE_CURVE ( 'NONE', #1449, #3242, #46, .T. ) ;
#4147 = CARTESIAN_POINT ( 'NONE',  ( 1.897353801849630911E-17, 0.1749999999999998224, -0.3000000000000000444 ) ) ;
#4148 = CARTESIAN_POINT ( 'NONE',  ( -2.302082039204235375, -0.1458146346927582382, 5.801728453903147731 ) ) ;
#4149 = DIRECTION ( 'NONE',  ( 0.000000000000000000, 0.000000000000000000, 1.000000000000000000 ) ) ;
#4150 = CARTESIAN_POINT ( 'NONE',  ( 1.490041395415829362, 0.9219977178646117100, 6.328984726412255846 ) ) ;
#4151 = CARTESIAN_POINT ( 'NONE',  ( -1.020583455858187216, -1.093133902196136598, 6.485562665922247838 ) ) ;
#4152 = CARTESIAN_POINT ( 'NONE',  ( -1.336721409543015548, -1.579443364928920124, 1.089986147562345897E-14 ) ) ;
#4153 = CARTESIAN_POINT ( 'NONE',  ( 1.266629113506607451, -1.453747505952022179, 5.855456135704705467 ) ) ;
#4154 = CARTESIAN_POINT ( 'NONE',  ( -1.354625562831593077, 1.567134881244179434, 5.182607929524455592 ) ) ;
#4155 = CARTESIAN_POINT ( 'NONE',  ( 0.4411532764231229642, 0.1835753770556048936, 6.966412835149972338 ) ) ;
#4156 = CARTESIAN_POINT ( 'NONE',  ( 2.710505431213759544E-17, 0.2499999999999998335, -0.4854049621773915968 ) ) ;
#4157 = CARTESIAN_POINT ( 'NONE',  ( 2.549999994099407807, 1.122133458981327246E-13, 5.149999999834289355 ) ) ;
#4158 = CARTESIAN_POINT ( 'NONE',  ( 0.7700000000000002398, 0.1749999999999998501, -0.5000000000000000000 ) ) ;
#4159 = ORIENTED_EDGE ( 'NONE', *, *, #4289, .F. ) ;
#4160 = CARTESIAN_POINT ( 'NONE',  ( -1.996457340865168684, -1.157594110664535325, 5.232114418903600850 ) ) ;
#4161 = DIRECTION ( 'NONE',  ( -1.000000000000000000, -1.084202172485504434E-16, -0.000000000000000000 ) ) ;
#4162 = FACE_OUTER_BOUND ( 'NONE', #1376, .T. ) ;
#4163 = AXIS2_PLACEMENT_3D ( 'NONE', #1933, #1956, #1305 ) ;
#4164 = PRESENTATION_STYLE_ASSIGNMENT (( #2732 ) ) ;
#4165 = MECHANICAL_DESIGN_GEOMETRIC_PRESENTATION_REPRESENTATION (  '', ( #4478 ), #3614 ) ;
#4166 = CARTESIAN_POINT ( 'NONE',  ( -2.549999999999997602, 8.770809613335630198E-16, 7.000000000000000000 ) ) ;
#4167 = EDGE_CURVE ( 'NONE', #1820, #2309, #2733, .T. ) ;
#4168 = CARTESIAN_POINT ( 'NONE',  ( 1.744612481300516604, 1.308325449279927444, 5.483174422405135751 ) ) ;
#4169 = EDGE_LOOP ( 'NONE', ( #2190, #4756, #1208, #2237, #797 ) ) ;
#4170 = FILL_AREA_STYLE ('',( #2354 ) ) ;
#4171 = CARTESIAN_POINT ( 'NONE',  ( 0.7700000000000002398, -0.3750000000000001665, -0.1999999999999999833 ) ) ;
#4172 = CARTESIAN_POINT ( 'NONE',  ( -1.206540703801754599, -1.396032517163049214, 6.020843657533280435 ) ) ;
#4173 =( GEOMETRIC_REPRESENTATION_CONTEXT ( 3 ) GLOBAL_UNCERTAINTY_ASSIGNED_CONTEXT ( ( #785 ) ) GLOBAL_UNIT_ASSIGNED_CONTEXT ( ( #2609, #359, #1476 ) ) REPRESENTATION_CONTEXT ( 'NONE', 'WORKASPACE' ) );
#4174 = EDGE_CURVE ( 'NONE', #3179, #635, #1298, .T. ) ;
#4175 = CARTESIAN_POINT ( 'NONE',  ( 1.360510842676057708, -1.058335194581912830, 6.322519485746508572 ) ) ;
#4176 = DIRECTION ( 'NONE',  ( -1.084202172485504434E-16, 1.000000000000000000, 0.000000000000000000 ) ) ;
#4177 = CARTESIAN_POINT ( 'NONE',  ( -0.9543523355620688875, -0.9535895605396876862, 6.617930785921065429 ) ) ;
#4178 = PLANE ( 'NONE',  #3728 ) ;
#4179 = AXIS2_PLACEMENT_3D ( 'NONE', #4441, #3779, #52 ) ;
#4180 = CARTESIAN_POINT ( 'NONE',  ( 0.2411912671245820261, 0.2050028239150276377, 6.985853894828564670 ) ) ;
#4181 = SURFACE_STYLE_USAGE ( .BOTH. , #2695 ) ;
#4182 = CARTESIAN_POINT ( 'NONE',  ( -0.09508593347252265737, -0.08613127005839707473, 6.998354752071074714 ) ) ;
#4183 = DIRECTION ( 'NONE',  ( -1.000000000000000000, 0.000000000000000000, 0.000000000000000000 ) ) ;
#4184 = CARTESIAN_POINT ( 'NONE',  ( -2.412621331218292031, -0.6129931249000448723, 5.215381928184717353 ) ) ;
#4185 = CARTESIAN_POINT ( 'NONE',  ( 2.089806195908197051, -0.8413987349351559342, -2.710505431213761085E-17 ) ) ;
#4186 = DIRECTION ( 'NONE',  ( 0.000000000000000000, -1.000000000000000000, 0.000000000000000000 ) ) ;
#4187 = PLANE ( 'NONE',  #1618 ) ;
#4188 = CARTESIAN_POINT ( 'NONE',  ( 2.376873708917721650, -0.6031245129531226379, 5.413229341542652229 ) ) ;
#4189 = COLOUR_RGB ( '',1.000000000000000000, 0.000000000000000000, 0.000000000000000000 ) ;
#4190 = ORIENTED_EDGE ( 'NONE', *, *, #3314, .T. ) ;
#4191 = CARTESIAN_POINT ( 'NONE',  ( 2.520514116416532779, -0.3082606696077984654, 5.215364757019793629 ) ) ;
#4192 = CARTESIAN_POINT ( 'NONE',  ( -2.121756383538192736, 0.7117530954985382685, 5.806899543931044683 ) ) ;
#4193 =( LENGTH_UNIT ( ) NAMED_UNIT ( * ) SI_UNIT ( .MILLI., .METRE. ) );
#4194 = CARTESIAN_POINT ( 'NONE',  ( 1.123491976988823193, -1.190665222486219088, 6.348129365175066319 ) ) ;
#4195 =( GEOMETRIC_REPRESENTATION_CONTEXT ( 3 ) GLOBAL_UNCERTAINTY_ASSIGNED_CONTEXT ( ( #2035 ) ) GLOBAL_UNIT_ASSIGNED_CONTEXT ( ( #132, #1953, #458 ) ) REPRESENTATION_CONTEXT ( 'NONE', 'WORKASPACE' ) );
#4196 = STYLED_ITEM ( 'NONE', ( #2042 ), #1422 ) ;
#4197 = EDGE_CURVE ( 'NONE', #3992, #1005, #2066, .T. ) ;
#4198 = FILL_AREA_STYLE ('',( #1983 ) ) ;
#4199 = CARTESIAN_POINT ( 'NONE',  ( -1.299450169305996550, -0.8226528336632000782, 6.516112848288946324 ) ) ;
#4200 = FACE_OUTER_BOUND ( 'NONE', #4035, .T. ) ;
#4201 = DIRECTION ( 'NONE',  ( 0.000000000000000000, 0.000000000000000000, 1.000000000000000000 ) ) ;
#4202 = AXIS2_PLACEMENT_3D ( 'NONE', #1079, #2264, #2580 ) ;
#4203 = CARTESIAN_POINT ( 'NONE',  ( 0.4184451534311847687, -0.4802624262158904367, 6.929030207381947193 ) ) ;
#4204 = ORIENTED_EDGE ( 'NONE', *, *, #1513, .T. ) ;
#4205 =( GEOMETRIC_REPRESENTATION_CONTEXT ( 3 ) GLOBAL_UNCERTAINTY_ASSIGNED_CONTEXT ( ( #903 ) ) GLOBAL_UNIT_ASSIGNED_CONTEXT ( ( #2511, #4763, #3527 ) ) REPRESENTATION_CONTEXT ( 'NONE', 'WORKASPACE' ) );
#4206 = EDGE_CURVE ( 'NONE', #1449, #3916, #1034, .T. ) ;
#4207 = CARTESIAN_POINT ( 'NONE',  ( -0.04397900436690297538, 0.04786707665975541148, 6.999999999999829470 ) ) ;
#4208 = FACE_OUTER_BOUND ( 'NONE', #4169, .T. ) ;
#4209 = CARTESIAN_POINT ( 'NONE',  ( -1.777885729240087143, -1.328490146829071961, 5.166295545524172361 ) ) ;
#4210 = ORIENTED_EDGE ( 'NONE', *, *, #4230, .T. ) ;
#4211 =( LENGTH_UNIT ( ) NAMED_UNIT ( * ) SI_UNIT ( .MILLI., .METRE. ) );
#4212 = DIRECTION ( 'NONE',  ( 0.000000000000000000, 0.000000000000000000, 1.000000000000000000 ) ) ;
#4213 = CARTESIAN_POINT ( 'NONE',  ( -1.475294951991892756, -1.526259289497604810, 0.1499999999999999389 ) ) ;
#4214 = ORIENTED_EDGE ( 'NONE', *, *, #2561, .F. ) ;
#4215 = CARTESIAN_POINT ( 'NONE',  ( 1.999328116745291650, 1.158278782005067509, 5.182720348206167671 ) ) ;
#4216 = CARTESIAN_POINT ( 'NONE',  ( -1.308188746653534684, 1.513413020850572499, 5.664491628645701660 ) ) ;
#4217 = CARTESIAN_POINT ( 'NONE',  ( -1.520000000000000018, 0.1749999999999999611, -0.3000000000000000444 ) ) ;
#4218 = CARTESIAN_POINT ( 'NONE',  ( -1.162486082657820052, -1.345058752594976426, 6.131640631996597257 ) ) ;
#4219 = CARTESIAN_POINT ( 'NONE',  ( 1.119212171265103084, 1.192943930565764310, 6.347637747279391895 ) ) ;
#4220 = CARTESIAN_POINT ( 'NONE',  ( -1.357408407301325948, -0.09815163838600232671, 6.636357295580088689 ) ) ;
#4221 = CARTESIAN_POINT ( 'NONE',  ( 0.4075013236849389098, 1.837336601905028788, 0.1499999999999999667 ) ) ;
#4222 = CARTESIAN_POINT ( 'NONE',  ( 0.3783302569597667975, -0.3393357356823591964, 6.962027007960553071 ) ) ;
#4223 = ADVANCED_FACE ( 'NONE', ( #844 ), #4398, .F. ) ;
#4224 =( GEOMETRIC_REPRESENTATION_CONTEXT ( 3 ) GLOBAL_UNCERTAINTY_ASSIGNED_CONTEXT ( ( #4494 ) ) GLOBAL_UNIT_ASSIGNED_CONTEXT ( ( #2489, #3610, #3523 ) ) REPRESENTATION_CONTEXT ( 'NONE', 'WORKASPACE' ) );
#4225 =( NAMED_UNIT ( * ) SI_UNIT ( $, .STERADIAN. ) SOLID_ANGLE_UNIT ( ) );
#4226 = CARTESIAN_POINT ( 'NONE',  ( -0.04536918605582923592, -0.04644138904833829129, 6.999999999999833911 ) ) ;
#4227 = CARTESIAN_POINT ( 'NONE',  ( 0.9700000000000003064, -0.1750000000000001277, -0.5000000000000000000 ) ) ;
#4228 = CARTESIAN_POINT ( 'NONE',  ( -1.699239926700275793, 1.381574555471162258, 5.166295699722531332 ) ) ;
#4229 = LINE ( 'NONE', #865, #2645 ) ;
#4230 = EDGE_CURVE ( 'NONE', #2161, #1439, #736, .T. ) ;
#4231 = LINE ( 'NONE', #4171, #3348 ) ;
#4232 = FILL_AREA_STYLE ('',( #1230 ) ) ;
#4233 = CARTESIAN_POINT ( 'NONE',  ( 1.770000000000000240, -0.3750000000000000555, -0.5000000000000000000 ) ) ;
#4234 = EDGE_LOOP ( 'NONE', ( #2108, #1260, #1369, #887 ) ) ;
#4235 = CARTESIAN_POINT ( 'NONE',  ( -1.020000000000000018, -0.2500000000000000000, -26.00000000000000000 ) ) ;
#4236 = ORIENTED_EDGE ( 'NONE', *, *, #3598, .T. ) ;
#4237 = CARTESIAN_POINT ( 'NONE',  ( 2.522271567089100497, 0.3133644866571893006, 5.166301282771874170 ) ) ;
#4238 = CARTESIAN_POINT ( 'NONE',  ( -1.649760127411339372, 1.252842005943136883, 5.810158188895349518 ) ) ;
#4239 = CARTESIAN_POINT ( 'NONE',  ( -1.801008336237222451, 1.126361683455082252, -2.710505431213760469E-17 ) ) ;
#4240 = CARTESIAN_POINT ( 'NONE',  ( -1.020000000000000018, -0.1750000000000001277, -0.5000000000000000000 ) ) ;
#4241 = CARTESIAN_POINT ( 'NONE',  ( 1.172386671651798107, 1.156264182013284403, 6.355757641350933795 ) ) ;
#4242 = ORIENTED_EDGE ( 'NONE', *, *, #1630, .F. ) ;
#4243 = CARTESIAN_POINT ( 'NONE',  ( -1.357417253302942939, 0.09807714456372393363, 6.636358955806291426 ) ) ;
#4244 = CARTESIAN_POINT ( 'NONE',  ( 2.456595934492724620, 0.5593484632899968778, 0.1499999999999999667 ) ) ;
#4245 = FILL_AREA_STYLE ('',( #467 ) ) ;
#4246 = CARTESIAN_POINT ( 'NONE',  ( 0.4216574191231658442, 0.2512120430847464836, 6.965633918891753318 ) ) ;
#4247 = CARTESIAN_POINT ( 'NONE',  ( -0.06033664424024441642, 0.004856867786629919144, 6.999999999999879208 ) ) ;
#4248 = CARTESIAN_POINT ( 'NONE',  ( -2.524113808041864804, 0.2629333856134867253, 0.1499999999999999667 ) ) ;
#4249 = CARTESIAN_POINT ( 'NONE',  ( -2.127226783879093031, -1.032017221227794934, 5.166295565293192560 ) ) ;
#4250 = FILL_AREA_STYLE_COLOUR ( '', #4753 ) ;
#4251 = CARTESIAN_POINT ( 'NONE',  ( 0.9700000000000003064, -0.1750000000000001277, -0.3000000000000000444 ) ) ;
#4252 = AXIS2_PLACEMENT_3D ( 'NONE', #3032, #3009, #2636 ) ;
#4253 = DIRECTION ( 'NONE',  ( 1.000000000000000000, -1.084202172485504434E-16, 0.000000000000000000 ) ) ;
#4254 = DIRECTION ( 'NONE',  ( 0.000000000000000000, -1.000000000000000000, 0.000000000000000000 ) ) ;
#4255 = ORIENTED_EDGE ( 'NONE', *, *, #3538, .F. ) ;
#4256 = ADVANCED_FACE ( 'NONE', ( #3618 ), #4777, .T. ) ;
#4257 = CARTESIAN_POINT ( 'NONE',  ( -1.826897712398089402, -1.295746213137239256, 0.1499999999999999667 ) ) ;
#4258 = UNCERTAINTY_MEASURE_WITH_UNIT (LENGTH_MEASURE( 1.000000000000000082E-05 ), #1838, 'distance_accuracy_value', 'NONE');
#4259 = MECHANICAL_DESIGN_GEOMETRIC_PRESENTATION_REPRESENTATION (  '', ( #3630 ), #443 ) ;
#4260 = CARTESIAN_POINT ( 'NONE',  ( 2.549108054203580220, 0.1579099819473702704, 5.182633818062057252 ) ) ;
#4261 = CARTESIAN_POINT ( 'NONE',  ( -2.368118532370863338, -0.3058609847960775951, -5.421010862427522170E-17 ) ) ;
#4262 = ORIENTED_EDGE ( 'NONE', *, *, #2587, .T. ) ;
#4263 = CARTESIAN_POINT ( 'NONE',  ( -1.695626639694026050, -1.280668531625744677, 5.681566407894216297 ) ) ;
#4264 = CARTESIAN_POINT ( 'NONE',  ( -0.8387302466042084736, 1.603986760075964524, -2.710505431213761085E-17 ) ) ;
#4265 = STYLED_ITEM ( 'NONE', ( #3683 ), #235 ) ;
#4266 = CARTESIAN_POINT ( 'NONE',  ( 1.792508105231369608, 0.9113073660863894032, 6.054182469772301900 ) ) ;
#4267 = MECHANICAL_DESIGN_GEOMETRIC_PRESENTATION_REPRESENTATION (  '', ( #4666 ), #2715 ) ;
#4268 = CARTESIAN_POINT ( 'NONE',  ( -1.443478418710819833, 0.8986237004547193985, 6.378367071315255821 ) ) ;
#4269 = DIRECTION ( 'NONE',  ( -0.000000000000000000, -0.000000000000000000, -1.000000000000000000 ) ) ;
#4270 = CARTESIAN_POINT ( 'NONE',  ( 0.8084596932186604024, -0.9278991723114365930, 6.675150397023385196 ) ) ;
#4271 = AXIS2_PLACEMENT_3D ( 'NONE', #3096, #4578, #4201 ) ;
#4272 = STYLED_ITEM ( 'NONE', ( #2113 ), #1276 ) ;
#4273 = CARTESIAN_POINT ( 'NONE',  ( -0.04918041355797091868, -0.04165571456979992593, 6.999999999999845457 ) ) ;
#4274 = CARTESIAN_POINT ( 'NONE',  ( 0.7695739422453088396, 1.621995274626324646, -5.421010862427522170E-17 ) ) ;
#4275 = PRESENTATION_LAYER_ASSIGNMENT (  '', '', ( #1313 ) ) ;
#4276 = CARTESIAN_POINT ( 'NONE',  ( -1.532774439366228592, -1.480243635234401722, 5.182394034443790432 ) ) ;
#4277 = CARTESIAN_POINT ( 'NONE',  ( 1.570000000000000284, 0.3750000000000000000, -0.5000000000000000000 ) ) ;
#4278 = CIRCLE ( 'NONE', #2484, 0.2000000000000000111 ) ;
#4279 = CARTESIAN_POINT ( 'NONE',  ( 0.9700000000000003064, -0.1750000000000001554, -0.3000000000000000444 ) ) ;
#4280 = PRESENTATION_STYLE_ASSIGNMENT (( #2431 ) ) ;
#4281 = VECTOR ( 'NONE', #3801, 1000.000000000000000 ) ;
#4282 = ADVANCED_FACE ( 'NONE', ( #1418 ), #210, .T. ) ;
#4283 = CARTESIAN_POINT ( 'NONE',  ( 1.534375941374027219, 1.479361080515868343, 5.182401203251830069 ) ) ;
#4284 = DIRECTION ( 'NONE',  ( 1.000000000000000000, 0.000000000000000000, 0.000000000000000000 ) ) ;
#4285 = VERTEX_POINT ( 'NONE', #1102 ) ;
#4286 = CARTESIAN_POINT ( 'NONE',  ( -1.743803565157060698, 1.308883819345282085, 5.483096007661212745 ) ) ;
#4287 = CARTESIAN_POINT ( 'NONE',  ( 1.276578737012361797, 1.451792809800244832, -2.710505431213761085E-17 ) ) ;
#4288 = CARTESIAN_POINT ( 'NONE',  ( 1.348497318029871384, 1.316719406618739763, 6.038598208161748637 ) ) ;
#4289 = EDGE_CURVE ( 'NONE', #424, #2087, #1538, .T. ) ;
#4290 = B_SPLINE_CURVE_WITH_KNOTS ( 'NONE', 3,
 ( #1168, #3788, #3064, #216, #2275, #4661, #1698, #829, #2300, #4574 ),
 .UNSPECIFIED., .F., .F.,
 ( 4, 2, 2, 2, 4 ),
 ( 0.000000000000000000, 0.0006953526803832661045, 0.001390705360766532209, 0.002086058041149798422, 0.002781410721533064418 ),
 .UNSPECIFIED. ) ;
#4291 = CARTESIAN_POINT ( 'NONE',  ( -1.147817000358066108, 1.224480954524373111, 6.298589466802554604 ) ) ;
#4292 = AXIS2_PLACEMENT_3D ( 'NONE', #867, #2365, #495 ) ;
#4293 = SURFACE_SIDE_STYLE ('',( #3906 ) ) ;
#4294 = CARTESIAN_POINT ( 'NONE',  ( 0.6603683515570448748, 0.5863971070939112407, 6.864777149372635279 ) ) ;
#4295 = COLOUR_RGB ( '',1.000000000000000000, 0.000000000000000000, 0.000000000000000000 ) ;
#4296 = CARTESIAN_POINT ( 'NONE',  ( -0.8753765570518633465, 1.745631826983017776, 7.000000000000356160 ) ) ;
#4297 = CARTESIAN_POINT ( 'NONE',  ( -0.2222116030067519121, 0.07408375139416756294, 6.992515417005514600 ) ) ;
#4298 = CARTESIAN_POINT ( 'NONE',  ( -2.307852221083849908, 0.8286711427379633843, 0.1499999999999999667 ) ) ;
#4299 =( NAMED_UNIT ( * ) SI_UNIT ( $, .STERADIAN. ) SOLID_ANGLE_UNIT ( ) );
#4300 = DIRECTION ( 'NONE',  ( 1.000000000000000000, 0.000000000000000000, 0.000000000000000000 ) ) ;
#4301 = DIRECTION ( 'NONE',  ( -0.000000000000000000, -1.000000000000000000, -0.000000000000000000 ) ) ;
#4302 = UNCERTAINTY_MEASURE_WITH_UNIT (LENGTH_MEASURE( 1.000000000000000082E-05 ), #3424, 'distance_accuracy_value', 'NONE');
#4303 = CARTESIAN_POINT ( 'NONE',  ( 1.381926844402203480, -1.554781212247773325, 5.150000000000000355 ) ) ;
#4304 = ORIENTED_EDGE ( 'NONE', *, *, #4657, .F. ) ;
#4305 = PLANE ( 'NONE',  #594 ) ;
#4306 = ORIENTED_EDGE ( 'NONE', *, *, #2029, .F. ) ;
#4307 = ORIENTED_EDGE ( 'NONE', *, *, #3020, .T. ) ;
#4308 = CARTESIAN_POINT ( 'NONE',  ( 1.534575743386224822, 1.479524298072190547, 5.149999999834289355 ) ) ;
#4309 =( NAMED_UNIT ( * ) PLANE_ANGLE_UNIT ( ) SI_UNIT ( $, .RADIAN. ) );
#4310 = SURFACE_STYLE_USAGE ( .BOTH. , #4706 ) ;
#4311 = ORIENTED_EDGE ( 'NONE', *, *, #2385, .T. ) ;
#4312 = CARTESIAN_POINT ( 'NONE',  ( -2.504748904378446994, -0.3102752784218812399, 5.313778507194348855 ) ) ;
#4313 = EDGE_CURVE ( 'NONE', #2213, #424, #425, .T. ) ;
#4314 = CARTESIAN_POINT ( 'NONE',  ( 2.403505311424654955, -0.1000630001422429388, -0.000000000000000000 ) ) ;
#4315 = CARTESIAN_POINT ( 'NONE',  ( 1.538662620022243521, -1.175672607548143400, 6.051414302067902540 ) ) ;
#4316 = CARTESIAN_POINT ( 'NONE',  ( -1.564029164791895132, -0.8191644134630318153, 6.328347049151999748 ) ) ;
#4318 = EDGE_CURVE ( 'NONE', #1185, #1842, #817, .T. ) ;
#4317 = STYLED_ITEM ( 'NONE', ( #1597 ), #4120 ) ;
#4319 = LINE ( 'NONE', #4343, #301 ) ;
#4320 = CARTESIAN_POINT ( 'NONE',  ( 0.7760454876530419321, 0.6396285289358614179, 6.819989597046820506 ) ) ;
#4321 = COLOUR_RGB ( '',1.000000000000000000, 0.000000000000000000, 0.000000000000000000 ) ;
#4322 = CARTESIAN_POINT ( 'NONE',  ( 0.1036113030758207265, -5.145377296368734319E-05, 7.000000000000000000 ) ) ;
#4323 = CARTESIAN_POINT ( 'NONE',  ( -0.2619764693877916217, -0.1574549193103506051, 6.987136398514317115 ) ) ;
#4324 = CARTESIAN_POINT ( 'NONE',  ( 1.956896327362298349, 1.005986188305331819, -2.710505431213761085E-17 ) ) ;
#4325 = LINE ( 'NONE', #3792, #4655 ) ;
#4326 = CARTESIAN_POINT ( 'NONE',  ( 1.020000000000000018, 0.1749999999999999056, -0.5000000000000000000 ) ) ;
#4327 =( BOUNDED_SURFACE ( )  B_SPLINE_SURFACE ( 3, 2, ( 
 ( #917, #3790, #4662 ),
 ( #2691, #465, #4576 ),
 ( #1557, #2069, #547 ),
 ( #4261, #3450, #3094 ),
 ( #2810, #1217, #2303 ),
 ( #3040, #4547, #3920 ),
 ( #1935, #3067, #85 ),
 ( #36, #1195, #2050 ),
 ( #4524, #194, #1676 ),
 ( #1509, #4491, #3016 ),
 ( #1142, #2643, #4132 ),
 ( #781, #4152, #414 ),
 ( #3405, #1170, #58 ),
 ( #1028, #4000, #3650 ),
 ( #2556, #4683, #2532 ),
 ( #2119, #1800, #4732 ),
 ( #2479, #1776, #3228 ),
 ( #3946, #3977, #4361 ),
 ( #3273, #2455, #4383 ),
 ( #2508, #4412, #960 ),
 ( #3623, #664, #2170 ),
 ( #288, #3580, #2092 ),
 ( #1008, #217, #588 ),
 ( #242, #4761, #1402 ),
 ( #639, #2906, #1721 ),
 ( #2144, #4021, #313 ),
 ( #3301, #615, #1424 ),
 ( #4784, #2927, #1375 ) ),
 .UNSPECIFIED., .F., .F., .F. ) 
 B_SPLINE_SURFACE_WITH_KNOTS ( ( 4, 2, 2, 2, 2, 2, 2, 2, 2, 2, 2, 2, 2, 4 ),
 ( 3, 3 ),
 ( 0.006465592559598570647, 0.006869692094573482885, 0.007273791629548395990, 0.007677891164523308228, 0.008081990699498220465, 0.008486090234473133570, 0.008890189769448044940, 0.009294289304422956310, 0.009698388839397869415, 0.01050658790934769389, 0.01131478697929751837, 0.01171888651427243147, 0.01212298604924734284, 0.01293118511919716732 ),
 ( 0.000000000000000000, 1.000000000000000000 ),
 .UNSPECIFIED. ) 
 GEOMETRIC_REPRESENTATION_ITEM ( )  RATIONAL_B_SPLINE_SURFACE ( (
 ( 1.000000000000000000, 0.7071067811865475727, 1.000000000000000000),
 ( 1.000000000000000000, 0.7071067811865475727, 1.000000000000000000),
 ( 1.000000000000000000, 0.7071067811865475727, 1.000000000000000000),
 ( 1.000000000000000000, 0.7071067811865475727, 1.000000000000000000),
 ( 1.000000000000000000, 0.7071067811865475727, 1.000000000000000000),
 ( 1.000000000000000000, 0.7071067811865475727, 1.000000000000000000),
 ( 1.000000000000000000, 0.7071067811865475727, 1.000000000000000000),
 ( 1.000000000000000000, 0.7071067811865475727, 1.000000000000000000),
 ( 1.000000000000000000, 0.7071067811865475727, 1.000000000000000000),
 ( 1.000000000000000000, 0.7071067811865475727, 1.000000000000000000),
 ( 1.000000000000000000, 0.7071067811865475727, 1.000000000000000000),
 ( 1.000000000000000000, 0.7071067811865475727, 1.000000000000000000),
 ( 1.000000000000000000, 0.7071067811865475727, 1.000000000000000000),
 ( 1.000000000000000000, 0.7071067811865475727, 1.000000000000000000),
 ( 1.000000000000000000, 0.7071067811865470176, 1.000000000000000000),
 ( 1.000000000000000000, 0.7071067811865470176, 1.000000000000000000),
 ( 1.000000000000000000, 0.7071067811865475727, 1.000000000000000000),
 ( 1.000000000000000000, 0.7071067811865475727, 1.000000000000000000),
 ( 1.000000000000000000, 0.7071067811865480168, 1.000000000000000000),
 ( 1.000000000000000000, 0.7071067811865480168, 1.000000000000000000),
 ( 1.000000000000000000, 0.7071067811865473507, 1.000000000000000000),
 ( 1.000000000000000000, 0.7071067811865473507, 1.000000000000000000),
 ( 1.000000000000000000, 0.7071067811865475727, 1.000000000000000000),
 ( 1.000000000000000000, 0.7071067811865475727, 1.000000000000000000),
 ( 1.000000000000000000, 0.7071067811865475727, 1.000000000000000000),
 ( 1.000000000000000000, 0.7071067811865475727, 1.000000000000000000),
 ( 1.000000000000000000, 0.7071067811865475727, 1.000000000000000000),
 ( 1.000000000000000000, 0.7071067811865475727, 1.000000000000000000) ) ) 
 REPRESENTATION_ITEM ( '' )  SURFACE ( )  );
#4328 = CARTESIAN_POINT ( 'NONE',  ( 4.686308437449692685E-06, 0.000000000000000000, 6.999999999999997335 ) ) ;
#4329 = PRESENTATION_LAYER_ASSIGNMENT (  '', '', ( #2536 ) ) ;
#4330 = CARTESIAN_POINT ( 'NONE',  ( -0.7700000000000002398, 0.1749999999999998501, -0.3000000000000000444 ) ) ;
#4331 = CARTESIAN_POINT ( 'NONE',  ( -2.547791675092303532, 0.08869722023357715091, 0.1499999999999999389 ) ) ;
#4332 = EDGE_LOOP ( 'NONE', ( #4533, #961, #2626, #2921, #4558, #3457, #4779, #2950 ) ) ;
#4333 =( NAMED_UNIT ( * ) PLANE_ANGLE_UNIT ( ) SI_UNIT ( $, .RADIAN. ) );
#4334 = COLOUR_RGB ( '',0.7921568627450980005, 0.8196078431372548767, 0.9333333333333333481 ) ;
#4335 = CARTESIAN_POINT ( 'NONE',  ( -1.520000000000000018, -0.1750000000000000722, -0.5000000000000000000 ) ) ;
#4336 = FILL_AREA_STYLE_COLOUR ( '', #2612 ) ;
#4337 = CARTESIAN_POINT ( 'NONE',  ( -2.276046677728850387, 0.7465262248756876495, 5.479910774681170160 ) ) ;
#4338 =( NAMED_UNIT ( * ) PLANE_ANGLE_UNIT ( ) SI_UNIT ( $, .RADIAN. ) );
#4339 = CARTESIAN_POINT ( 'NONE',  ( 1.479715673159845757, -1.224100831150913837, 6.048773237793540147 ) ) ;
#4340 = MECHANICAL_DESIGN_GEOMETRIC_PRESENTATION_REPRESENTATION (  '', ( #1851 ), #213 ) ;
#4341 = CARTESIAN_POINT ( 'NONE',  ( -1.171057956462540073, -1.156997102356190688, 6.355593776042439025 ) ) ;
#4342 = CIRCLE ( 'NONE', #2324, 0.2000000000000000111 ) ;
#4343 = CARTESIAN_POINT ( 'NONE',  ( -1.570000000000000284, -0.3750000000000000555, -0.5000000000000000000 ) ) ;
#4344 = CARTESIAN_POINT ( 'NONE',  ( 0.9632174285738147601, 0.07438337098181284357, 6.827217332213647794 ) ) ;
#4345 =( GEOMETRIC_REPRESENTATION_CONTEXT ( 3 ) GLOBAL_UNCERTAINTY_ASSIGNED_CONTEXT ( ( #1674 ) ) GLOBAL_UNIT_ASSIGNED_CONTEXT ( ( #266, #3680, #3351 ) ) REPRESENTATION_CONTEXT ( 'NONE', 'WORKASPACE' ) );
#4346 = ADVANCED_FACE ( 'NONE', ( #1075 ), #4430, .F. ) ;
#4347 = FILL_AREA_STYLE_COLOUR ( '', #1408 ) ;
#4348 = CARTESIAN_POINT ( 'NONE',  ( -0.3345966699089919505, 0.3870830539534288461, 6.956409165578665288 ) ) ;
#4349 = CARTESIAN_POINT ( 'NONE',  ( 0.5256162887820106100, 1.821879470441682969, 2.908553768676631332E-14 ) ) ;
#4350 =( LENGTH_UNIT ( ) NAMED_UNIT ( * ) SI_UNIT ( .MILLI., .METRE. ) );
#4351 = MECHANICAL_DESIGN_GEOMETRIC_PRESENTATION_REPRESENTATION (  '', ( #1877 ), #2088 ) ;
#4352 =( GEOMETRIC_REPRESENTATION_CONTEXT ( 3 ) GLOBAL_UNCERTAINTY_ASSIGNED_CONTEXT ( ( #3108 ) ) GLOBAL_UNIT_ASSIGNED_CONTEXT ( ( #3645, #212, #236 ) ) REPRESENTATION_CONTEXT ( 'NONE', 'WORKASPACE' ) );
#4353 =( NAMED_UNIT ( * ) SI_UNIT ( $, .STERADIAN. ) SOLID_ANGLE_UNIT ( ) );
#4354 = ORIENTED_EDGE ( 'NONE', *, *, #1668, .F. ) ;
#4355 = CIRCLE ( 'NONE', #3887, 0.1999999999999999833 ) ;
#4356 = VERTEX_POINT ( 'NONE', #4157 ) ;
#4357 = SURFACE_SIDE_STYLE ('',( #3575 ) ) ;
#4358 = ORIENTED_EDGE ( 'NONE', *, *, #2417, .F. ) ;
#4359 = CARTESIAN_POINT ( 'NONE',  ( 2.522271567089108935, 0.3133644866571839160, 5.149999999834289355 ) ) ;
#4360 = PRESENTATION_STYLE_ASSIGNMENT (( #2905 ) ) ;
#4361 = CARTESIAN_POINT ( 'NONE',  ( 0.03593329486860632332, -1.860990992940654287, 0.1499999999999999667 ) ) ;
#4362 = ORIENTED_EDGE ( 'NONE', *, *, #1245, .T. ) ;
#4363 = CARTESIAN_POINT ( 'NONE',  ( -1.624370042967211214, -1.332630510902625520, 5.680809806416952767 ) ) ;
#4364 = SURFACE_STYLE_USAGE ( .BOTH. , #197 ) ;
#4365 = B_SPLINE_CURVE_WITH_KNOTS ( 'NONE', 3,
 ( #2983, #2583, #2957, #1853, #4437, #10, #2318, #2781, #4257, #4213, #889, #3489, #3080, #1673, #3895, #3180, #452, #192, #819, #147, #476, #2047, #522, #3850, #1598, #4560, #1945, #2342 ),
 .UNSPECIFIED., .F., .F.,
 ( 4, 2, 2, 2, 2, 2, 2, 2, 2, 2, 2, 2, 2, 4 ),
 ( 0.007021248725517730861, 0.007443779032371322830, 0.007866309339224913932, 0.008288839646078505902, 0.008711369952932097871, 0.009556430566639280075, 0.01040149118034646228, 0.01124655179405364448, 0.01166908210090723472, 0.01209161240776082669, 0.01251414271461441692, 0.01293667302146800889, 0.01335920332832159912, 0.01378173363517519109 ),
 .UNSPECIFIED. ) ;
#4366 = CARTESIAN_POINT ( 'NONE',  ( 1.705847689005954182, 0.8770995923911213410, 6.168748658940704566 ) ) ;
#4367 = CARTESIAN_POINT ( 'NONE',  ( -1.307580474451672359, -1.105520459535035194, 6.318216089304989680 ) ) ;
#4368 = LINE ( 'NONE', #1013, #3125 ) ;
#4369 = CARTESIAN_POINT ( 'NONE',  ( 0.8335872034819457044, -0.06361142506243304406, 6.873778253923845227 ) ) ;
#4370 = PRESENTATION_LAYER_ASSIGNMENT (  '', '', ( #3985 ) ) ;
#4371 = CARTESIAN_POINT ( 'NONE',  ( -0.2178127722897825191, -0.2370548316715800352, 6.983846522409795199 ) ) ;
#4372 = SURFACE_STYLE_FILL_AREA ( #2868 ) ;
#4373 = ADVANCED_FACE ( 'NONE', ( #810 ), #2426, .T. ) ;
#4374 =( GEOMETRIC_REPRESENTATION_CONTEXT ( 3 ) GLOBAL_UNCERTAINTY_ASSIGNED_CONTEXT ( ( #3289 ) ) GLOBAL_UNIT_ASSIGNED_CONTEXT ( ( #3769, #4403, #4225 ) ) REPRESENTATION_CONTEXT ( 'NONE', 'WORKASPACE' ) );
#4375 = VERTEX_POINT ( 'NONE', #2081 ) ;
#4376 = CARTESIAN_POINT ( 'NONE',  ( 1.121325193220766847, -1.664179762917237460, 7.000000000000045297 ) ) ;
#4377 = ORIENTED_EDGE ( 'NONE', *, *, #2807, .T. ) ;
#4378 = DIRECTION ( 'NONE',  ( -0.000000000000000000, 1.000000000000000000, -0.000000000000000000 ) ) ;
#4379 = EDGE_CURVE ( 'NONE', #2551, #2811, #974, .T. ) ;
#4380 = VERTEX_POINT ( 'NONE', #3567 ) ;
#4381 = DIRECTION ( 'NONE',  ( 1.000000000000000000, 1.084202172485504434E-16, -0.000000000000000000 ) ) ;
#4382 = DIRECTION ( 'NONE',  ( 1.084202172485504434E-16, -1.000000000000000000, -0.000000000000000000 ) ) ;
#4383 = CARTESIAN_POINT ( 'NONE',  ( 0.3218695191748715545, -1.846744030030844419, 0.1499999999999999667 ) ) ;
#4384 = ORIENTED_EDGE ( 'NONE', *, *, #1188, .T. ) ;
#4385 = CARTESIAN_POINT ( 'NONE',  ( -1.694250193791880355, 1.378398764840966351, 5.282197283617926509 ) ) ;
#4386 = AXIS2_PLACEMENT_3D ( 'NONE', #1865, #341, #2937 ) ;
#4387 = CARTESIAN_POINT ( 'NONE',  ( 1.625517968589356821, 1.331908647586260042, 5.680923130892239215 ) ) ;
#4388 = CARTESIAN_POINT ( 'NONE',  ( -2.079212563229992927, 0.2732751355282962424, 6.044932913935366692 ) ) ;
#4389 = PLANE ( 'NONE',  #3354 ) ;
#4390 = CARTESIAN_POINT ( 'NONE',  ( 1.542182030675788740, -0.2161598249463861920, 6.512068896707358334 ) ) ;
#4391 = DIRECTION ( 'NONE',  ( 0.000000000000000000, -1.000000000000000000, 0.000000000000000000 ) ) ;
#4392 =( GEOMETRIC_REPRESENTATION_CONTEXT ( 3 ) GLOBAL_UNCERTAINTY_ASSIGNED_CONTEXT ( ( #4399 ) ) GLOBAL_UNIT_ASSIGNED_CONTEXT ( ( #3919, #779, #2068 ) ) REPRESENTATION_CONTEXT ( 'NONE', 'WORKASPACE' ) );
#4393 = CARTESIAN_POINT ( 'NONE',  ( -0.4825145538542875978, -0.4069516614940367205, 6.938361787793659197 ) ) ;
#4394 = CARTESIAN_POINT ( 'NONE',  ( -0.5700000000000002842, 0.3749999999999998335, 0.000000000000000000 ) ) ;
#4395 = CARTESIAN_POINT ( 'NONE',  ( -1.532974175659723493, -1.480406925386772876, 5.149999999834290243 ) ) ;
#4396 = CARTESIAN_POINT ( 'NONE',  ( -1.570000000000000284, -0.3750000000000000555, -0.1999999999999999833 ) ) ;
#4397 =( LENGTH_UNIT ( ) NAMED_UNIT ( * ) SI_UNIT ( .MILLI., .METRE. ) );
#4398 = TOROIDAL_SURFACE ( 'NONE', #2299, 0.4000000000000000222, 0.2000000000000000111 ) ;
#4399 = UNCERTAINTY_MEASURE_WITH_UNIT (LENGTH_MEASURE( 1.000000000000000082E-05 ), #3919, 'distance_accuracy_value', 'NONE');
#4400 = ORIENTED_EDGE ( 'NONE', *, *, #1478, .F. ) ;
#4401 = ORIENTED_EDGE ( 'NONE', *, *, #2776, .T. ) ;
#4402 = MANIFOLD_SOLID_BREP ( 'Cut-Extrude1', #1218 ) ;
#4403 =( NAMED_UNIT ( * ) PLANE_ANGLE_UNIT ( ) SI_UNIT ( $, .RADIAN. ) );
#4404 = CARTESIAN_POINT ( 'NONE',  ( -2.549999999999997602, 8.770809613335630198E-16, 0.1499999999999999667 ) ) ;
#4405 = CARTESIAN_POINT ( 'NONE',  ( 2.531443956544717100, 0.1572117140738400476, 5.313778317671475904 ) ) ;
#4406 = ORIENTED_EDGE ( 'NONE', *, *, #574, .T. ) ;
#4407 = PRESENTATION_STYLE_ASSIGNMENT (( #1518 ) ) ;
#4408 = EDGE_LOOP ( 'NONE', ( #1626, #1098, #3768 ) ) ;
#4409 = PRESENTATION_LAYER_ASSIGNMENT (  '', '', ( #1043 ) ) ;
#4410 = EDGE_CURVE ( 'NONE', #1972, #174, #2156, .T. ) ;
#4411 = DIRECTION ( 'NONE',  ( -1.000000000000000000, -0.000000000000000000, -0.000000000000000000 ) ) ;
#4412 = CARTESIAN_POINT ( 'NONE',  ( 0.8742845001560158869, -1.750049902876887442, 1.897353801849632760E-16 ) ) ;
#4413 = CARTESIAN_POINT ( 'NONE',  ( -1.531391382544440960, -1.479098957153873961, 5.232011906614529195 ) ) ;
#4414 = DIRECTION ( 'NONE',  ( 0.000000000000000000, 0.000000000000000000, -1.000000000000000000 ) ) ;
#4415 = CARTESIAN_POINT ( 'NONE',  ( 1.993137364046480675, -0.6765000489174237686, 5.991407611824663526 ) ) ;
#4416 = CARTESIAN_POINT ( 'NONE',  ( -1.430985716519266759, -1.112230269138739791, 6.218201849198882414 ) ) ;
#4417 = CARTESIAN_POINT ( 'NONE',  ( 0.9208626838319260433, 1.733791000058038101, 5.150000000000001243 ) ) ;
#4418 = PRESENTATION_STYLE_ASSIGNMENT (( #1809 ) ) ;
#4419 = FACE_OUTER_BOUND ( 'NONE', #3808, .T. ) ;
#4420 = CARTESIAN_POINT ( 'NONE',  ( 1.494224586543452249, -0.4284781258387989622, 6.514570172707452755 ) ) ;
#4421 = CARTESIAN_POINT ( 'NONE',  ( -0.5302197828757488907, 0.3133603764418229631, 6.942324166089678172 ) ) ;
#4422 = CARTESIAN_POINT ( 'NONE',  ( 0.6412243057065043494, 0.7408316698125915201, 6.809656477258119622 ) ) ;
#4423 = CARTESIAN_POINT ( 'NONE',  ( 2.549999994099407807, 1.122133458981327246E-13, 5.149999999834289355 ) ) ;
#4424 = CARTESIAN_POINT ( 'NONE',  ( -1.087582159924284309, 1.258197499420125709, 6.287117684198170409 ) ) ;
#4425 = CARTESIAN_POINT ( 'NONE',  ( 0.1936052823867591977, -0.1637341508322363026, 6.991340025316731932 ) ) ;
#4426 = ORIENTED_EDGE ( 'NONE', *, *, #1301, .T. ) ;
#4427 = ORIENTED_EDGE ( 'NONE', *, *, #4709, .F. ) ;
#4428 = DIRECTION ( 'NONE',  ( 0.000000000000000000, 0.000000000000000000, 1.000000000000000000 ) ) ;
#4429 = PRESENTATION_STYLE_ASSIGNMENT (( #4111 ) ) ;
#4430 = CYLINDRICAL_SURFACE ( 'NONE', #1433, 0.2000000000000000111 ) ;
#4431 = CARTESIAN_POINT ( 'NONE',  ( 1.996780953427538918, 1.157256420199560321, 5.232135868776459198 ) ) ;
#4432 = ORIENTED_EDGE ( 'NONE', *, *, #4379, .F. ) ;
#4433 = FACE_OUTER_BOUND ( 'NONE', #1700, .T. ) ;
#4434 = STYLED_ITEM ( 'NONE', ( #4280 ), #1335 ) ;
#4435 = SURFACE_SIDE_STYLE ('',( #47 ) ) ;
#4436 = SURFACE_STYLE_USAGE ( .BOTH. , #3027 ) ;
#4437 = CARTESIAN_POINT ( 'NONE',  ( -2.381757907206943692, -0.6734653561373163955, 0.1499999999999999389 ) ) ;
#4438 =( GEOMETRIC_REPRESENTATION_CONTEXT ( 3 ) GLOBAL_UNCERTAINTY_ASSIGNED_CONTEXT ( ( #124 ) ) GLOBAL_UNIT_ASSIGNED_CONTEXT ( ( #1366, #2425, #3913 ) ) REPRESENTATION_CONTEXT ( 'NONE', 'WORKASPACE' ) );
#4439 = CARTESIAN_POINT ( 'NONE',  ( 1.583279454273419651, 1.303304190309458432, 5.808702747910433395 ) ) ;
#4440 = CIRCLE ( 'NONE', #534, 0.1999999999999999833 ) ;
#4441 = CARTESIAN_POINT ( 'NONE',  ( -1.520000000000000018, -0.1750000000000000722, -0.3000000000000000444 ) ) ;
#4442 = ADVANCED_BREP_SHAPE_REPRESENTATION ( 'C5SMF-RJE-CT0W0BB2', ( #4402, #2389 ), #661 ) ;
#4443 = CARTESIAN_POINT ( 'NONE',  ( -1.264815968269354496, -1.243086838978364250, 6.203989970508911433 ) ) ;
#4444 = ADVANCED_FACE ( 'NONE', ( #2520 ), #3935, .F. ) ;
#4445 = CARTESIAN_POINT ( 'NONE',  ( 1.303063454480803518, -0.8196772138549450748, 6.516870274492950976 ) ) ;
#4446 = CARTESIAN_POINT ( 'NONE',  ( -1.970000000000000417, 0.1749999999999999611, -0.1999999999999999833 ) ) ;
#4447 = CARTESIAN_POINT ( 'NONE',  ( -0.8640422650579172581, -0.4929175583902783986, 6.827192568710279019 ) ) ;
#4448 = CARTESIAN_POINT ( 'NONE',  ( 1.356738174972885513, 1.566414066747252809, 5.149999999834289355 ) ) ;
#4449 = CARTESIAN_POINT ( 'NONE',  ( 0.1500853407596923206, -0.1722541314603836804, 7.000000000000000888 ) ) ;
#4450 = DIRECTION ( 'NONE',  ( 0.000000000000000000, 1.000000000000000000, 0.000000000000000000 ) ) ;
#4451 = CARTESIAN_POINT ( 'NONE',  ( 0.2270166763575514612, 0.03765346698786554980, 6.992624001218921137 ) ) ;
#4452 = VERTEX_POINT ( 'NONE', #2846 ) ;
#4453 = ORIENTED_EDGE ( 'NONE', *, *, #997, .F. ) ;
#4454 = APPLICATION_PROTOCOL_DEFINITION ( 'draft international standard', 'automotive_design', 1998, #238 ) ;
#4455 = CARTESIAN_POINT ( 'NONE',  ( 2.398217366904544789, 0.6116479728746615496, 5.314133488085829526 ) ) ;
#4456 = EDGE_LOOP ( 'NONE', ( #3443, #4001, #1736, #3298 ) ) ;
#4457 = UNCERTAINTY_MEASURE_WITH_UNIT (LENGTH_MEASURE( 1.000000000000000082E-05 ), #2218, 'distance_accuracy_value', 'NONE');
#4458 = PRESENTATION_LAYER_ASSIGNMENT (  '', '', ( #2124 ) ) ;
#4459 = DIRECTION ( 'NONE',  ( 0.000000000000000000, 0.000000000000000000, 1.000000000000000000 ) ) ;
#4460 = LINE ( 'NONE', #4166, #1151 ) ;
#4461 = CARTESIAN_POINT ( 'NONE',  ( 1.740181316112819010, -1.039213464607606330, 5.996545209954653899 ) ) ;
#4462 = CARTESIAN_POINT ( 'NONE',  ( -1.927975545428852966, -0.1286152503204221476, 6.214005709350988838 ) ) ;
#4463 = CARTESIAN_POINT ( 'NONE',  ( 0.2318204480019425695, 1.849994658767435851, 5.149999999999999467 ) ) ;
#4464 = DIRECTION ( 'NONE',  ( 0.000000000000000000, 0.000000000000000000, -1.000000000000000000 ) ) ;
#4465 = CARTESIAN_POINT ( 'NONE',  ( 1.360070573681097184, 0.7303237802156898884, 6.516935853656668165 ) ) ;
#4466 = EDGE_CURVE ( 'NONE', #2546, #2165, #4325, .T. ) ;
#4467 = SURFACE_STYLE_USAGE ( .BOTH. , #2992 ) ;
#4468 = CARTESIAN_POINT ( 'NONE',  ( -0.7514396270581270576, 0.4340478490266361788, 6.873071639083047302 ) ) ;
#4469 = CARTESIAN_POINT ( 'NONE',  ( 1.156922087435215074, 1.335709415599868333, 6.148907512986246715 ) ) ;
#4470 = CARTESIAN_POINT ( 'NONE',  ( 0.5080012386833288041, -0.5830527984585693879, 6.885509871274814842 ) ) ;
#4471 = SURFACE_STYLE_FILL_AREA ( #2544 ) ;
#4472 = CARTESIAN_POINT ( 'NONE',  ( 0.1126094931527857057, 0.03742254398142028093, 6.998725609009825988 ) ) ;
#4473 = AXIS2_PLACEMENT_3D ( 'NONE', #3688, #3737, #1889 ) ;
#4474 = EDGE_CURVE ( 'NONE', #2196, #4285, #3402, .T. ) ;
#4475 = CARTESIAN_POINT ( 'NONE',  ( -0.7634718324890976682, -1.767148434453657657, 5.149999999999956835 ) ) ;
#4476 = CARTESIAN_POINT ( 'NONE',  ( 1.776547680400578644, 1.326576299632069578, 5.232234507022400116 ) ) ;
#4477 = FILL_AREA_STYLE ('',( #3697 ) ) ;
#4478 = STYLED_ITEM ( 'NONE', ( #4360 ), #3964 ) ;
#4479 = FACE_OUTER_BOUND ( 'NONE', #1695, .T. ) ;
#4480 = DIRECTION ( 'NONE',  ( -1.000000000000000000, 0.000000000000000000, 0.000000000000000000 ) ) ;
#4481 =( GEOMETRIC_REPRESENTATION_CONTEXT ( 3 ) GLOBAL_UNCERTAINTY_ASSIGNED_CONTEXT ( ( #4013 ) ) GLOBAL_UNIT_ASSIGNED_CONTEXT ( ( #657, #3202, #955 ) ) REPRESENTATION_CONTEXT ( 'NONE', 'WORKASPACE' ) );
#4482 = CARTESIAN_POINT ( 'NONE',  ( 1.282800493736949266, 1.481049457621176790, 5.786598667601930757 ) ) ;
#4483 = DIRECTION ( 'NONE',  ( -1.084202172485504434E-16, -1.000000000000000000, 0.000000000000000000 ) ) ;
#4484 = CARTESIAN_POINT ( 'NONE',  ( 1.520000000000000018, 0.2500000000000000000, 0.000000000000000000 ) ) ;
#4485 = AXIS2_PLACEMENT_3D ( 'NONE', #2293, #1452, #2682 ) ;
#4486 = CARTESIAN_POINT ( 'NONE',  ( -1.138650161113923698, -1.317479201994074423, 6.184868200761271417 ) ) ;
#4487 =( NAMED_UNIT ( * ) SI_UNIT ( $, .STERADIAN. ) SOLID_ANGLE_UNIT ( ) );
#4488 = CARTESIAN_POINT ( 'NONE',  ( 1.201743173511952811, -0.6547171416283456002, 6.641098155367662237 ) ) ;
#4489 = DIRECTION ( 'NONE',  ( -0.000000000000000000, -0.000000000000000000, 1.000000000000000000 ) ) ;
#4490 = CARTESIAN_POINT ( 'NONE',  ( -0.8074788179153042922, 0.2556942937545971239, 6.873956844448244397 ) ) ;
#4491 = CARTESIAN_POINT ( 'NONE',  ( -1.713971696112846388, -1.375103789530898846, -9.211722380144396346E-15 ) ) ;
#4492 = CARTESIAN_POINT ( 'NONE',  ( 1.280519551835978209, -1.469655581350112872, 5.805407576206875753 ) ) ;
#4493 = CARTESIAN_POINT ( 'NONE',  ( 4.686308437449692685E-06, 0.000000000000000000, 6.999999999999999112 ) ) ;
#4494 = UNCERTAINTY_MEASURE_WITH_UNIT (LENGTH_MEASURE( 1.000000000000000082E-05 ), #2489, 'distance_accuracy_value', 'NONE');
#4495 = ORIENTED_EDGE ( 'NONE', *, *, #667, .T. ) ;
#4496 = CARTESIAN_POINT ( 'NONE',  ( -0.4263707392828868792, -1.831734995708762304, 5.150000000000090061 ) ) ;
#4497 = FILL_AREA_STYLE_COLOUR ( '', #2778 ) ;
#4498 = CARTESIAN_POINT ( 'NONE',  ( 1.444068518306484972, 1.521705373611087708, 5.282585800914473495 ) ) ;
#4499 = VERTEX_POINT ( 'NONE', #2973 ) ;
#4500 = CARTESIAN_POINT ( 'NONE',  ( -2.411034987723967404, -0.6127350981628071347, 5.231792285661859054 ) ) ;
#4501 = SURFACE_STYLE_FILL_AREA ( #763 ) ;
#4502 = CIRCLE ( 'NONE', #520, 0.1999999999999999833 ) ;
#4503 = UNCERTAINTY_MEASURE_WITH_UNIT (LENGTH_MEASURE( 1.000000000000000082E-05 ), #3485, 'distance_accuracy_value', 'NONE');
#4504 = LINE ( 'NONE', #269, #3660 ) ;
#4505 = EDGE_CURVE ( 'NONE', #4356, #2196, #161, .T. ) ;
#4506 = VECTOR ( 'NONE', #1353, 1000.000000000000000 ) ;
#4507 = CARTESIAN_POINT ( 'NONE',  ( 1.770000000000000240, -0.3750000000000000555, -0.5000000000000000000 ) ) ;
#4508 = FILL_AREA_STYLE ('',( #2240 ) ) ;
#4509 = ORIENTED_EDGE ( 'NONE', *, *, #2364, .F. ) ;
#4510 = DIRECTION ( 'NONE',  ( 0.000000000000000000, -1.000000000000000000, 0.000000000000000000 ) ) ;
#4511 = CIRCLE ( 'NONE', #3364, 0.2000000000000000111 ) ;
#4512 = MECHANICAL_DESIGN_GEOMETRIC_PRESENTATION_REPRESENTATION (  '', ( #3270 ), #3885 ) ;
#4513 = CARTESIAN_POINT ( 'NONE',  ( 2.099369665190015333, -1.017463572388646487, 5.414913423519418068 ) ) ;
#4514 = VERTEX_POINT ( 'NONE', #4525 ) ;
#4515 = CARTESIAN_POINT ( 'NONE',  ( -2.549999999999998046, -0.6513853840421764962, 5.149999999834290243 ) ) ;
#4516 = AXIS2_PLACEMENT_3D ( 'NONE', #591, #4685, #196 ) ;
#4517 = PRESENTATION_LAYER_ASSIGNMENT (  '', '', ( #924 ) ) ;
#4518 = CARTESIAN_POINT ( 'NONE',  ( -1.371758287417949695, 1.339525292105870902, 5.980403117299452731 ) ) ;
#4519 = CARTESIAN_POINT ( 'NONE',  ( 1.520000000000000018, 0.000000000000000000, -0.5000000000000000000 ) ) ;
#4520 = CARTESIAN_POINT ( 'NONE',  ( 1.149204825869985402, 1.223752127802301803, 6.298734265300876878 ) ) ;
#4521 = SURFACE_STYLE_FILL_AREA ( #4198 ) ;
#4522 = AXIS2_PLACEMENT_3D ( 'NONE', #4638, #1227, #2361 ) ;
#4523 = CARTESIAN_POINT ( 'NONE',  ( -1.307803703096916514, -0.3876478281219923883, 6.638907536720904723 ) ) ;
#4524 = CARTESIAN_POINT ( 'NONE',  ( -1.848795604206509013, -1.087009548125524860, -2.710505431213761085E-17 ) ) ;
#4525 = CARTESIAN_POINT ( 'NONE',  ( 1.020000000000000018, -0.2500000000000000000, -24.99999999999999645 ) ) ;
#4526 = CARTESIAN_POINT ( 'NONE',  ( 0.3771684578776573482, 0.3401975509972146039, 6.961907348833849873 ) ) ;
#4527 = SURFACE_SIDE_STYLE ('',( #2038 ) ) ;
#4528 =( LENGTH_UNIT ( ) NAMED_UNIT ( * ) SI_UNIT ( .MILLI., .METRE. ) );
#4529 = CARTESIAN_POINT ( 'NONE',  ( 1.770000000000000240, 0.5749999999999999556, 0.000000000000000000 ) ) ;
#4530 = CARTESIAN_POINT ( 'NONE',  ( -1.772311012720171108, -1.325363960261455976, 5.282097994680846398 ) ) ;
#4531 = CARTESIAN_POINT ( 'NONE',  ( -1.020000000000000018, -0.2499999999999998890, -0.4854049621773917078 ) ) ;
#4532 = CARTESIAN_POINT ( 'NONE',  ( -1.570000000000000284, 0.1749999999999999611, -0.3000000000000000444 ) ) ;
#4533 = ORIENTED_EDGE ( 'NONE', *, *, #943, .F. ) ;
#4534 = SURFACE_STYLE_USAGE ( .BOTH. , #4435 ) ;
#4535 = ADVANCED_FACE ( 'NONE', ( #394 ), #753, .T. ) ;
#4536 =( GEOMETRIC_REPRESENTATION_CONTEXT ( 3 ) GLOBAL_UNCERTAINTY_ASSIGNED_CONTEXT ( ( #3122 ) ) GLOBAL_UNIT_ASSIGNED_CONTEXT ( ( #692, #3105, #3849 ) ) REPRESENTATION_CONTEXT ( 'NONE', 'WORKASPACE' ) );
#4537 = CARTESIAN_POINT ( 'NONE',  ( 1.669349733136879843, 1.360982364979137493, 5.483169744645433497 ) ) ;
#4538 = ORIENTED_EDGE ( 'NONE', *, *, #3754, .T. ) ;
#4539 = AXIS2_PLACEMENT_3D ( 'NONE', #861, #1990, #4551 ) ;
#4540 = DIRECTION ( 'NONE',  ( -1.000000000000000000, 1.084202172485504434E-16, 0.000000000000000000 ) ) ;
#4541 = CARTESIAN_POINT ( 'NONE',  ( -2.009960319371189907, 0.9921350429177002717, 5.680362260106445405 ) ) ;
#4542 = FACE_OUTER_BOUND ( 'NONE', #4234, .T. ) ;
#4543 = FACE_OUTER_BOUND ( 'NONE', #3263, .T. ) ;
#4544 = CARTESIAN_POINT ( 'NONE',  ( 1.514808681089635511, 0.5521215174086153699, 6.471372977284424621 ) ) ;
#4545 = PRESENTATION_STYLE_ASSIGNMENT (( #2434 ) ) ;
#4546 = CARTESIAN_POINT ( 'NONE',  ( -1.224693950342460314, -0.09021623556901138541, 6.708254123908313105 ) ) ;
#4547 = CARTESIAN_POINT ( 'NONE',  ( -2.333429846850668898, -0.7596198309149342354, -2.710505431213761085E-17 ) ) ;
#4548 = SURFACE_STYLE_FILL_AREA ( #2396 ) ;
#4549 = FACE_OUTER_BOUND ( 'NONE', #3602, .T. ) ;
#4550 = CARTESIAN_POINT ( 'NONE',  ( 0.3470719854346122624, 0.3768091639881709920, 6.958175832743044964 ) ) ;
#4551 = DIRECTION ( 'NONE',  ( -1.000000000000000000, 1.084202172485504434E-16, 0.000000000000000000 ) ) ;
#4552 = CARTESIAN_POINT ( 'NONE',  ( -0.05996504892880059889, 0.009715664648841177559, 6.999999999999878320 ) ) ;
#4553 =( LENGTH_UNIT ( ) NAMED_UNIT ( * ) SI_UNIT ( .MILLI., .METRE. ) );
#4554 = ORIENTED_EDGE ( 'NONE', *, *, #3020, .F. ) ;
#4555 = CARTESIAN_POINT ( 'NONE',  ( -1.354775234658087024, 1.567308033704384318, 5.166295715537748912 ) ) ;
#4556 = CARTESIAN_POINT ( 'NONE',  ( -0.9700000000000003064, 0.5749999999999998446, 0.000000000000000000 ) ) ;
#4557 = CARTESIAN_POINT ( 'NONE',  ( -2.549999999999997602, 8.770809613335630198E-16, 5.150000000000000355 ) ) ;
#4558 = ORIENTED_EDGE ( 'NONE', *, *, #1690, .F. ) ;
#4559 = CARTESIAN_POINT ( 'NONE',  ( 1.020000000000000018, -0.1750000000000001277, -0.3000000000000000444 ) ) ;
#4560 = CARTESIAN_POINT ( 'NONE',  ( 2.448690299061689668, -0.5331165294152204748, 0.1499999999999999944 ) ) ;
#4561 = CARTESIAN_POINT ( 'NONE',  ( 2.081375420864466808, -1.011456878140495341, 5.481813231683767107 ) ) ;
#4562 = EDGE_CURVE ( 'NONE', #371, #2161, #772, .T. ) ;
#4563 = EDGE_LOOP ( 'NONE', ( #3264, #146, #3822 ) ) ;
#4564 = CARTESIAN_POINT ( 'NONE',  ( 2.126805216114059593, 1.031819518824503401, 5.182658586571246673 ) ) ;
#4565 = FILL_AREA_STYLE_COLOUR ( '', #3030 ) ;
#4566 = CARTESIAN_POINT ( 'NONE',  ( -1.833033899240908093, -0.9270897029920541765, 5.994367956103145545 ) ) ;
#4567 = VECTOR ( 'NONE', #1492, 1000.000000000000000 ) ;
#4568 = FILL_AREA_STYLE_COLOUR ( '', #747 ) ;
#4569 = SURFACE_STYLE_USAGE ( .BOTH. , #3785 ) ;
#4570 = CARTESIAN_POINT ( 'NONE',  ( -1.226845382673725560, -1.419526214159501531, 5.962929398625731459 ) ) ;
#4571 = CARTESIAN_POINT ( 'NONE',  ( 1.792811094406144390, -0.2427310691885123939, 6.321448436524765846 ) ) ;
#4572 = ADVANCED_FACE ( 'NONE', ( #4200 ), #466, .T. ) ;
#4573 = AXIS2_PLACEMENT_3D ( 'NONE', #3634, #3218, #1343 ) ;
#4574 = CARTESIAN_POINT ( 'NONE',  ( -1.354626054657456002, -1.567375899864241307, 5.149999999834290243 ) ) ;
#4575 = CARTESIAN_POINT ( 'NONE',  ( -0.9372203975663002673, -0.8171141310551861547, 6.698967769061402677 ) ) ;
#4576 = CARTESIAN_POINT ( 'NONE',  ( -2.553615456949238638, 0.1138694493639351435, 0.1499999999999999667 ) ) ;
#4577 = CYLINDRICAL_SURFACE ( 'NONE', #3865, 0.2000000000000000111 ) ;
#4578 = DIRECTION ( 'NONE',  ( -1.000000000000000000, 0.000000000000000000, -0.000000000000000000 ) ) ;
#4579 =( GEOMETRIC_REPRESENTATION_CONTEXT ( 3 ) GLOBAL_UNCERTAINTY_ASSIGNED_CONTEXT ( ( #977 ) ) GLOBAL_UNIT_ASSIGNED_CONTEXT ( ( #713, #2872, #2919 ) ) REPRESENTATION_CONTEXT ( 'NONE', 'WORKASPACE' ) );
#4580 = CARTESIAN_POINT ( 'NONE',  ( 0.5667789439195443091, -0.1834032312310511781, 6.943575487561560955 ) ) ;
#4581 = PRESENTATION_STYLE_ASSIGNMENT (( #4181 ) ) ;
#4582 = CARTESIAN_POINT ( 'NONE',  ( -0.05996420234869883487, -0.009719471692988477726, 6.999999999999878320 ) ) ;
#4583 = CARTESIAN_POINT ( 'NONE',  ( 2.407196052731082947, 0.03466291804153517897, -2.710505431213761085E-17 ) ) ;
#4584 = ORIENTED_EDGE ( 'NONE', *, *, #4657, .T. ) ;
#4585 = CARTESIAN_POINT ( 'NONE',  ( -1.999381441667643200, -1.158765463613352420, 5.166295557385585546 ) ) ;
#4586 = CARTESIAN_POINT ( 'NONE',  ( 1.095542585799822444, -1.525746306664512941, -2.710505431213761085E-17 ) ) ;
#4587 = PRESENTATION_STYLE_ASSIGNMENT (( #3102 ) ) ;
#4588 = ORIENTED_EDGE ( 'NONE', *, *, #969, .F. ) ;
#4589 = DIRECTION ( 'NONE',  ( 1.084202172485504434E-16, 1.000000000000000000, 0.000000000000000000 ) ) ;
#4590 = SURFACE_STYLE_FILL_AREA ( #1975 ) ;
#4591 = STYLED_ITEM ( 'NONE', ( #2193 ), #496 ) ;
#4592 = SURFACE_SIDE_STYLE ('',( #3136 ) ) ;
#4593 = CARTESIAN_POINT ( 'NONE',  ( 2.480034342609360287, -0.3050820051427469148, 5.412555945196730889 ) ) ;
#4594 = PRESENTATION_LAYER_ASSIGNMENT (  '', '', ( #4666 ) ) ;
#4595 = ORIENTED_EDGE ( 'NONE', *, *, #2417, .T. ) ;
#4596 = CARTESIAN_POINT ( 'NONE',  ( 1.453019314203108259, -1.522268779097517566, 5.166045627631633330 ) ) ;
#4597 = CARTESIAN_POINT ( 'NONE',  ( -2.152327807487703026, -0.1391536438084381433, 5.984613515341853152 ) ) ;
#4598 = CARTESIAN_POINT ( 'NONE',  ( -1.342817282754688035, -1.553712462450784537, 5.410516571640650696 ) ) ;
#4599 = CARTESIAN_POINT ( 'NONE',  ( 1.564555564380110120, 0.8190852887278755601, 6.328694727758738203 ) ) ;
#4600 = MECHANICAL_DESIGN_GEOMETRIC_PRESENTATION_REPRESENTATION (  '', ( #3043 ), #3651 ) ;
#4601 = CARTESIAN_POINT ( 'NONE',  ( -1.181962603457713090, -0.3563766337985276311, 6.710226195801669569 ) ) ;
#4602 = EDGE_CURVE ( 'NONE', #978, #1078, #2120, .T. ) ;
#4603 = CARTESIAN_POINT ( 'NONE',  ( -1.342965050598809995, 1.553645058688990499, 5.410519973207168043 ) ) ;
#4604 = VECTOR ( 'NONE', #3655, 1000.000000000000000 ) ;
#4605 = CARTESIAN_POINT ( 'NONE',  ( 0.2852505651145152976, -0.02298587470162040750, 6.987798667300507915 ) ) ;
#4606 = VECTOR ( 'NONE', #1647, 1000.000000000000000 ) ;
#4607 = VECTOR ( 'NONE', #1359, 1000.000000000000000 ) ;
#4608 = CARTESIAN_POINT ( 'NONE',  ( -1.570000000000000284, 0.1749999999999999611, -0.1999999999999999833 ) ) ;
#4609 = CARTESIAN_POINT ( 'NONE',  ( -4.671608575681286983E-06, 0.000000000000000000, 6.999999999999999112 ) ) ;
#4610 = CARTESIAN_POINT ( 'NONE',  ( 2.558074964929226258, 0.03918097410320851154, 0.1499999999999999667 ) ) ;
#4611 = CARTESIAN_POINT ( 'NONE',  ( -2.334679425088181937, -0.7592319815947322637, 5.182651245704961163 ) ) ;
#4612 = CARTESIAN_POINT ( 'NONE',  ( 2.549999999999999378, -2.168404344971008868E-16, 5.150000000000000355 ) ) ;
#4613 = ORIENTED_EDGE ( 'NONE', *, *, #3783, .F. ) ;
#4614 = CARTESIAN_POINT ( 'NONE',  ( -1.897353801849635225E-17, -0.1750000000000002387, -0.3000000000000000444 ) ) ;
#4615 = CARTESIAN_POINT ( 'NONE',  ( -2.524113808038064732, 0.2629333856326886432, 0.1499999999999999667 ) ) ;
#4616 = ORIENTED_EDGE ( 'NONE', *, *, #4410, .T. ) ;
#4617 = EDGE_LOOP ( 'NONE', ( #3321, #4068, #3995, #2833 ) ) ;
#4618 = UNCERTAINTY_MEASURE_WITH_UNIT (LENGTH_MEASURE( 1.000000000000000082E-05 ), #4758, 'distance_accuracy_value', 'NONE');
#4619 = ORIENTED_EDGE ( 'NONE', *, *, #3851, .T. ) ;
#4620 = CARTESIAN_POINT ( 'NONE',  ( 2.003952004694988354, -1.154555118492458288, 5.166304349690785891 ) ) ;
#4621 = PRESENTATION_LAYER_ASSIGNMENT (  '', '', ( #3991 ) ) ;
#4622 = CARTESIAN_POINT ( 'NONE',  ( -2.279210120107225457, 0.2914530510653321471, 5.802441410369137742 ) ) ;
#4623 =( NAMED_UNIT ( * ) PLANE_ANGLE_UNIT ( ) SI_UNIT ( $, .RADIAN. ) );
#4624 = CARTESIAN_POINT ( 'NONE',  ( -1.520000000000000018, -0.2500000000000000000, -26.00000000000000000 ) ) ;
#4625 = LINE ( 'NONE', #505, #215 ) ;
#4626 = CARTESIAN_POINT ( 'NONE',  ( 1.745236716793103771, 0.1208744395521647447, 6.370833966376363122 ) ) ;
#4627 = MECHANICAL_DESIGN_GEOMETRIC_PRESENTATION_REPRESENTATION (  '', ( #2753 ), #3448 ) ;
#4628 =( BOUNDED_SURFACE ( )  B_SPLINE_SURFACE ( 3, 2, ( 
 ( #2311, #3864, #1223 ),
 ( #470, #1966, #3456 ),
 ( #4583, #2727, #4610 ),
 ( #1252, #879, #3542 ),
 ( #277, #930, #254 ),
 ( #229, #3958, #2400 ),
 ( #4324, #1364, #972 ),
 ( #205, #1319, #2130 ),
 ( #2061, #2867, #2423 ),
 ( #4274, #601, #1762 ),
 ( #3217, #4349, #1687 ),
 ( #1732, #2845, #2823 ),
 ( #3934, #185, #3195 ),
 ( #3911, #558, #3173 ),
 ( #3566, #2465, #2105 ),
 ( #3589, #1710, #4693 ),
 ( #1666, #4654, #3239 ),
 ( #4718, #4673, #993 ),
 ( #577, #3889, #2491 ),
 ( #3987, #3258, #4298 ),
 ( #625, #3612, #2794 ),
 ( #4746, #2773, #4248 ) ),
 .UNSPECIFIED., .F., .F., .F. ) 
 B_SPLINE_SURFACE_WITH_KNOTS ( ( 4, 2, 2, 2, 2, 2, 2, 2, 2, 2, 4 ),
 ( 3, 3 ),
 ( 0.000000000000000000, 0.0004040995349760002344, 0.0008081990699520004689, 0.001616398139904000938, 0.002424597209856001190, 0.003232796279808001876, 0.004040995349760002561, 0.004849194419712002380, 0.005253293954688003156, 0.005657393489664003065, 0.006465592559616003751 ),
 ( 0.000000000000000000, 1.000000000000000000 ),
 .UNSPECIFIED. ) 
 GEOMETRIC_REPRESENTATION_ITEM ( )  RATIONAL_B_SPLINE_SURFACE ( (
 ( 1.000000000000000000, 0.7071067811865475727, 1.000000000000000000),
 ( 1.000000000000000000, 0.7071067811865475727, 1.000000000000000000),
 ( 1.000000000000000000, 0.7071067811865475727, 1.000000000000000000),
 ( 1.000000000000000000, 0.7071067811865475727, 1.000000000000000000),
 ( 1.000000000000000000, 0.7071067811865475727, 1.000000000000000000),
 ( 1.000000000000000000, 0.7071067811865475727, 1.000000000000000000),
 ( 1.000000000000000000, 0.7071067811865475727, 1.000000000000000000),
 ( 1.000000000000000000, 0.7071067811865475727, 1.000000000000000000),
 ( 1.000000000000000000, 0.7071067811865471286, 1.000000000000000000),
 ( 1.000000000000000000, 0.7071067811865471286, 1.000000000000000000),
 ( 1.000000000000000000, 0.7071067811865470176, 1.000000000000000000),
 ( 1.000000000000000000, 0.7071067811865470176, 1.000000000000000000),
 ( 1.000000000000000000, 0.7071067811865475727, 1.000000000000000000),
 ( 1.000000000000000000, 0.7071067811865475727, 1.000000000000000000),
 ( 1.000000000000000000, 0.7071067811865473507, 1.000000000000000000),
 ( 1.000000000000000000, 0.7071067811865473507, 1.000000000000000000),
 ( 1.000000000000000000, 0.7071067811865475727, 1.000000000000000000),
 ( 1.000000000000000000, 0.7071067811865475727, 1.000000000000000000),
 ( 1.000000000000000000, 0.7071067811865473507, 1.000000000000000000),
 ( 1.000000000000000000, 0.7071067811865473507, 1.000000000000000000),
 ( 1.000000000000000000, 0.7071067811865475727, 1.000000000000000000),
 ( 1.000000000000000000, 0.7071067811865475727, 1.000000000000000000) ) ) 
 REPRESENTATION_ITEM ( '' )  SURFACE ( )  );
#4629 = AXIS2_PLACEMENT_3D ( 'NONE', #2771, #2865, #2517 ) ;
#4630 = CARTESIAN_POINT ( 'NONE',  ( -0.8735695098415258153, -1.010765437156490254, 6.601683318560299440 ) ) ;
#4631 = CARTESIAN_POINT ( 'NONE',  ( -2.497047217157464694, 0.3996936253801990357, 0.1499999999999999667 ) ) ;
#4632 = LINE ( 'NONE', #1559, #222 ) ;
#4633 = CARTESIAN_POINT ( 'NONE',  ( 0.2555895047763812600, -0.1769984526451707507, 6.986868198098695082 ) ) ;
#4634 = ADVANCED_FACE ( 'NONE', ( #2692 ), #4577, .T. ) ;
#4635 = CARTESIAN_POINT ( 'NONE',  ( -4.671608575681286983E-06, 0.000000000000000000, 6.999999999999997335 ) ) ;
#4636 = CARTESIAN_POINT ( 'NONE',  ( 0.9700000000000003064, -0.1750000000000001277, -0.1999999999999999833 ) ) ;
#4637 = CARTESIAN_POINT ( 'NONE',  ( -2.414756216185287574, -0.6133398181920025616, 5.182631395325874912 ) ) ;
#4638 = CARTESIAN_POINT ( 'NONE',  ( 0.9700000000000003064, 0.1749999999999998501, -0.1999999999999999833 ) ) ;
#4639 = VERTEX_POINT ( 'NONE', #2321 ) ;
#4640 = DIRECTION ( 'NONE',  ( 0.000000000000000000, 0.000000000000000000, -1.000000000000000000 ) ) ;
#4641 = EDGE_LOOP ( 'NONE', ( #2065, #4358, #3841, #4801 ) ) ;
#4642 = CARTESIAN_POINT ( 'NONE',  ( 2.003577692922909215, -1.154407150939666282, 5.182730713230217390 ) ) ;
#4643 = PRESENTATION_LAYER_ASSIGNMENT (  '', '', ( #3924 ) ) ;
#4644 = CARTESIAN_POINT ( 'NONE',  ( -1.335797442817825864, -1.545590098463797357, 5.474959086319421075 ) ) ;
#4645 = CARTESIAN_POINT ( 'NONE',  ( 2.367669688328164934, 0.3083314648289101068, -2.710505431213761085E-17 ) ) ;
#4646 = CARTESIAN_POINT ( 'NONE',  ( 1.969925518249515228, -0.2602453383223070627, 6.160338428114137344 ) ) ;
#4647 = PRESENTATION_LAYER_ASSIGNMENT (  '', '', ( #2307 ) ) ;
#4648 = CARTESIAN_POINT ( 'NONE',  ( -1.730294444126746045, 0.4837084129437650426, 6.323805677844760886 ) ) ;
#4649 = DIRECTION ( 'NONE',  ( 1.000000000000000000, 1.084202172485504434E-16, 0.000000000000000000 ) ) ;
#4650 = CARTESIAN_POINT ( 'NONE',  ( 0.5820079027618070278, 0.04721876766844966544, 6.943429280465958975 ) ) ;
#4651 = COLOUR_RGB ( '',1.000000000000000000, 0.000000000000000000, 0.000000000000000000 ) ;
#4652 = CARTESIAN_POINT ( 'NONE',  ( -0.4289991205023317988, 1.831307373143243877, 6.999999999999650058 ) ) ;
#4653 = CARTESIAN_POINT ( 'NONE',  ( -4.671608575681286983E-06, 0.000000000000000000, 6.999999999999999112 ) ) ;
#4654 = CARTESIAN_POINT ( 'NONE',  ( -1.658902072416530205, 1.410043450069630833, -2.710505431213761085E-17 ) ) ;
#4655 = VECTOR ( 'NONE', #3339, 1000.000000000000000 ) ;
#4656 = CARTESIAN_POINT ( 'NONE',  ( -1.354625562831593077, 1.567134881244179434, 5.182607929524455592 ) ) ;
#4657 = EDGE_CURVE ( 'NONE', #1820, #2121, #1128, .T. ) ;
#4658 = DIRECTION ( 'NONE',  ( -0.000000000000000000, -0.000000000000000000, -1.000000000000000000 ) ) ;
#4659 = PRESENTATION_STYLE_ASSIGNMENT (( #541 ) ) ;
#4660 = CARTESIAN_POINT ( 'NONE',  ( 1.447419636861944081, 1.525074009101035966, 5.166038892351336287 ) ) ;
#4661 = CARTESIAN_POINT ( 'NONE',  ( -0.2269207051227900840, -1.850347424144755060, 5.149999999999999467 ) ) ;
#4662 = CARTESIAN_POINT ( 'NONE',  ( -2.524113808038052742, 0.2629333856327479846, 0.1499999999999999667 ) ) ;
#4663 = CARTESIAN_POINT ( 'NONE',  ( -2.505771839098821285, 0.1540284779347300126, 5.412241644375424876 ) ) ;
#4664 = CARTESIAN_POINT ( 'NONE',  ( 2.407135854032743882, 0.03785707310845683876, -2.710505431213761085E-17 ) ) ;
#4665 = CARTESIAN_POINT ( 'NONE',  ( 1.843309928690698429, 0.5081724779654058777, 6.218694684798811601 ) ) ;
#4666 = STYLED_ITEM ( 'NONE', ( #2227 ), #833 ) ;
#4667 = CARTESIAN_POINT ( 'NONE',  ( -1.102621463149077385, 1.093187692694586266, 6.448934012807154836 ) ) ;
#4668 = CARTESIAN_POINT ( 'NONE',  ( 0.4460905300702699972, 0.4545128433950821889, 6.933674925247816034 ) ) ;
#4669 = AXIS2_PLACEMENT_3D ( 'NONE', #769, #2268, #48 ) ;
#4670 = CARTESIAN_POINT ( 'NONE',  ( 1.375838497939594118, 1.557620596077645470, 7.000000000000004441 ) ) ;
#4671 = MECHANICAL_DESIGN_GEOMETRIC_PRESENTATION_REPRESENTATION (  '', ( #2648 ), #3657 ) ;
#4672 = CARTESIAN_POINT ( 'NONE',  ( -0.1796691907704685287, -0.1841100626456965428, 6.990403553306816953 ) ) ;
#4673 = CARTESIAN_POINT ( 'NONE',  ( -1.894356047534804022, 1.244136105792152058, -2.710505431213761085E-17 ) ) ;
#4674 = PRESENTATION_LAYER_ASSIGNMENT (  '', '', ( #3430 ) ) ;
#4675 = CARTESIAN_POINT ( 'NONE',  ( -2.368102020493772830, -0.3059321875460177531, -2.710505431213761085E-17 ) ) ;
#4676 = DIRECTION ( 'NONE',  ( 0.000000000000000000, 0.000000000000000000, 1.000000000000000000 ) ) ;
#4677 = DIRECTION ( 'NONE',  ( -1.000000000000000000, 0.000000000000000000, 0.000000000000000000 ) ) ;
#4678 = DIRECTION ( 'NONE',  ( 0.000000000000000000, 0.000000000000000000, -1.000000000000000000 ) ) ;
#4679 = ORIENTED_EDGE ( 'NONE', *, *, #2212, .T. ) ;
#4680 = DIRECTION ( 'NONE',  ( 0.000000000000000000, 0.000000000000000000, -1.000000000000000000 ) ) ;
#4681 =( GEOMETRIC_REPRESENTATION_CONTEXT ( 3 ) GLOBAL_UNCERTAINTY_ASSIGNED_CONTEXT ( ( #357 ) ) GLOBAL_UNIT_ASSIGNED_CONTEXT ( ( #4397, #2893, #4353 ) ) REPRESENTATION_CONTEXT ( 'NONE', 'WORKASPACE' ) );
#4682 = EDGE_CURVE ( 'NONE', #1416, #2766, #3018, .T. ) ;
#4683 = CARTESIAN_POINT ( 'NONE',  ( -0.7983179894573191326, -1.760063769274179180, -1.299589554987998628E-14 ) ) ;
#4684 = CARTESIAN_POINT ( 'NONE',  ( -2.095584039073668858, -1.021590010042247698, 5.414733417532846538 ) ) ;
#4685 = DIRECTION ( 'NONE',  ( 1.000000000000000000, -1.084202172485504434E-16, 0.000000000000000000 ) ) ;
#4686 = CARTESIAN_POINT ( 'NONE',  ( 1.663107916444104939, -0.8552702255125111952, 6.224188903234219694 ) ) ;
#4687 = CARTESIAN_POINT ( 'NONE',  ( -1.806924986094526675, -0.1225883600384636701, 6.319753454077759791 ) ) ;
#4688 = CARTESIAN_POINT ( 'NONE',  ( 0.9700000000000003064, 0.5749999999999998446, -0.1999999999999999833 ) ) ;
#4689 = CARTESIAN_POINT ( 'NONE',  ( 0.6027266265491485475, -0.6478035692367873910, 6.855546317624720665 ) ) ;
#4690 = AXIS2_PLACEMENT_3D ( 'NONE', #2827, #3969, #282 ) ;
#4691 = CARTESIAN_POINT ( 'NONE',  ( -0.4289991128685573529, 1.831307333370534085, 5.149999999999736566 ) ) ;
#4692 = CARTESIAN_POINT ( 'NONE',  ( -0.2188092865415619259, 0.09199991149259521828, 6.992453622884630349 ) ) ;
#4693 = CARTESIAN_POINT ( 'NONE',  ( -1.532892681417922676, 1.482635863322935510, 0.1499999999999999667 ) ) ;
#4694 =( NAMED_UNIT ( * ) PLANE_ANGLE_UNIT ( ) SI_UNIT ( $, .RADIAN. ) );
#4695 = CARTESIAN_POINT ( 'NONE',  ( -0.8951693037665592323, -1.579724950103143399, -2.710505431213761085E-17 ) ) ;
#4696 = FILL_AREA_STYLE ('',( #2133 ) ) ;
#4697 = UNCERTAINTY_MEASURE_WITH_UNIT (LENGTH_MEASURE( 1.000000000000000082E-05 ), #3395, 'distance_accuracy_value', 'NONE');
#4698 = CARTESIAN_POINT ( 'NONE',  ( 1.245054336442402709, -1.618812920794146404, 5.150000000000089173 ) ) ;
#4699 = CARTESIAN_POINT ( 'NONE',  ( -2.539080956789973254, 0.1766049593843944943, 0.1499999999999999667 ) ) ;
#4700 = ORIENTED_EDGE ( 'NONE', *, *, #437, .T. ) ;
#4701 = CARTESIAN_POINT ( 'NONE',  ( 1.520000000000000018, -0.2500000000000000000, 0.000000000000000000 ) ) ;
#4702 = UNCERTAINTY_MEASURE_WITH_UNIT (LENGTH_MEASURE( 1.000000000000000082E-05 ), #4119, 'distance_accuracy_value', 'NONE');
#4703 = SURFACE_STYLE_USAGE ( .BOTH. , #3269 ) ;
#4704 = CARTESIAN_POINT ( 'NONE',  ( 2.417057892635612770, -0.6096935618728952511, 5.149999999834289355 ) ) ;
#4705 = CARTESIAN_POINT ( 'NONE',  ( -1.897353801849635225E-17, -0.2500000000000000000, -0.4854049621773917078 ) ) ;
#4706 = SURFACE_SIDE_STYLE ('',( #2832 ) ) ;
#4707 = CARTESIAN_POINT ( 'NONE',  ( -2.297437771401234841, 0.7511622421280590434, 5.413563612610814424 ) ) ;
#4708 = CARTESIAN_POINT ( 'NONE',  ( 0.5010374604628469175, 1.673381198813408188, -2.710505431213760161E-17 ) ) ;
#4709 = EDGE_CURVE ( 'NONE', #424, #605, #823, .T. ) ;
#4710 = CARTESIAN_POINT ( 'NONE',  ( 1.987583345632871534, -0.1291125064536277900, 6.159332440023534971 ) ) ;
#4711 = PLANE ( 'NONE',  #3724 ) ;
#4712 = CARTESIAN_POINT ( 'NONE',  ( -1.617596793480579498, -0.1126768959175617063, 6.465563786914865219 ) ) ;
#4713 = CIRCLE ( 'NONE', #959, 0.1500000000000000222 ) ;
#4714 = LINE ( 'NONE', #3608, #4607 ) ;
#4715 = CARTESIAN_POINT ( 'NONE',  ( 0.9335318340255225333, -0.2887658370746776226, 6.828309813497928538 ) ) ;
#4716 = CARTESIAN_POINT ( 'NONE',  ( 0.5497986812823415503, -0.09850302278923345201, 7.000000000000003553 ) ) ;
#4717 = CARTESIAN_POINT ( 'NONE',  ( -0.2777418773986182199, 0.09250855372534606824, 6.987637713241115378 ) ) ;
#4718 = CARTESIAN_POINT ( 'NONE',  ( -1.800521693924552302, 1.126757102577463643, -2.710505431213761085E-17 ) ) ;
#4719 = CARTESIAN_POINT ( 'NONE',  ( -2.550007413904553211, 0.1557546790990457231, 5.149999999834290243 ) ) ;
#4720 = STYLED_ITEM ( 'NONE', ( #3048 ), #4346 ) ;
#4721 = CARTESIAN_POINT ( 'NONE',  ( 4.686308437449692685E-06, 0.000000000000000000, 6.999999999999999112 ) ) ;
#4722 = ORIENTED_EDGE ( 'NONE', *, *, #3458, .F. ) ;
#4723 = ORIENTED_EDGE ( 'NONE', *, *, #2503, .F. ) ;
#4724 =( NAMED_UNIT ( * ) PLANE_ANGLE_UNIT ( ) SI_UNIT ( $, .RADIAN. ) );
#4725 = AXIS2_PLACEMENT_3D ( 'NONE', #1839, #486, #2768 ) ;
#4726 = CARTESIAN_POINT ( 'NONE',  ( 1.121325207624374043, -1.664179809352746453, 5.150000000000023448 ) ) ;
#4727 =( NAMED_UNIT ( * ) PLANE_ANGLE_UNIT ( ) SI_UNIT ( $, .RADIAN. ) );
#4728 = ORIENTED_EDGE ( 'NONE', *, *, #698, .F. ) ;
#4729 = SURFACE_STYLE_FILL_AREA ( #2527 ) ;
#4730 =( NAMED_UNIT ( * ) PLANE_ANGLE_UNIT ( ) SI_UNIT ( $, .RADIAN. ) );
#4731 = CARTESIAN_POINT ( 'NONE',  ( 2.523414251143484943, -0.3084844331552740737, 5.149999999834289355 ) ) ;
#4732 = CARTESIAN_POINT ( 'NONE',  ( -0.5220499072497808424, -1.813785811141929827, 0.1499999999999999667 ) ) ;
#4733 = ORIENTED_EDGE ( 'NONE', *, *, #796, .T. ) ;
#4734 = CARTESIAN_POINT ( 'NONE',  ( -2.480821791353886141, 0.1530410016406519857, 5.477941884722699051 ) ) ;
#4735 = SURFACE_SIDE_STYLE ('',( #3250 ) ) ;
#4736 = CARTESIAN_POINT ( 'NONE',  ( 1.231902640807427840, 1.308310103289021864, 6.143116994270283016 ) ) ;
#4737 = MECHANICAL_DESIGN_GEOMETRIC_PRESENTATION_REPRESENTATION (  '', ( #3493 ), #1136 ) ;
#4738 = EDGE_CURVE ( 'NONE', #4375, #115, #578, .T. ) ;
#4739 = CARTESIAN_POINT ( 'NONE',  ( -1.729975897036565069, 0.2386577650300425735, 6.371141003535431224 ) ) ;
#4740 = STYLED_ITEM ( 'NONE', ( #2149 ), #203 ) ;
#4741 = DIRECTION ( 'NONE',  ( 0.000000000000000000, 0.000000000000000000, -1.000000000000000000 ) ) ;
#4742 = CARTESIAN_POINT ( 'NONE',  ( 0.8089868529766941485, -0.2542583309882806564, 6.874410705611471606 ) ) ;
#4743 = AXIS2_PLACEMENT_3D ( 'NONE', #4636, #863, #514 ) ;
#4744 = ADVANCED_FACE ( 'NONE', ( #1951 ), #1501, .T. ) ;
#4745 = CARTESIAN_POINT ( 'NONE',  ( -0.4478419536189434669, -0.1477676700301853163, 6.966383437208402363 ) ) ;
#4746 = CARTESIAN_POINT ( 'NONE',  ( -2.376967938778093981, 0.2338113465604047259, 0.000000000000000000 ) ) ;
#4747 = DIRECTION ( 'NONE',  ( 1.000000000000000000, 1.084202172485504434E-16, 0.000000000000000000 ) ) ;
#4748 = CARTESIAN_POINT ( 'NONE',  ( -1.948553136126194962, -0.9967959931656849015, -2.710505431213761085E-17 ) ) ;
#4749 = COLOUR_RGB ( '',1.000000000000000000, 0.000000000000000000, 0.000000000000000000 ) ;
#4750 = UNCERTAINTY_MEASURE_WITH_UNIT (LENGTH_MEASURE( 1.000000000000000082E-05 ), #1879, 'distance_accuracy_value', 'NONE');
#4751 = EDGE_LOOP ( 'NONE', ( #2526, #1396, #150, #1549, #2600, #3290 ) ) ;
#4752 = ORIENTED_EDGE ( 'NONE', *, *, #3465, .T. ) ;
#4753 = COLOUR_RGB ( '',1.000000000000000000, 0.000000000000000000, 0.000000000000000000 ) ;
#4754 = SURFACE_STYLE_FILL_AREA ( #2427 ) ;
#4755 =( NAMED_UNIT ( * ) PLANE_ANGLE_UNIT ( ) SI_UNIT ( $, .RADIAN. ) );
#4756 = ORIENTED_EDGE ( 'NONE', *, *, #3902, .T. ) ;
#4757 = DIRECTION ( 'NONE',  ( -1.000000000000000000, 0.000000000000000000, 0.000000000000000000 ) ) ;
#4758 =( LENGTH_UNIT ( ) NAMED_UNIT ( * ) SI_UNIT ( .MILLI., .METRE. ) );
#4759 = SURFACE_SIDE_STYLE ('',( #3648 ) ) ;
#4760 = TOROIDAL_SURFACE ( 'NONE', #4522, 0.4000000000000000222, 0.2000000000000000111 ) ;
#4761 = CARTESIAN_POINT ( 'NONE',  ( 1.892647918309363853, -1.245490147406355774, 9.107817052202294832E-15 ) ) ;
#4762 = CARTESIAN_POINT ( 'NONE',  ( -2.404862356450712113, 0.6115970315220774500, 5.281099623316149128 ) ) ;
#4763 =( NAMED_UNIT ( * ) PLANE_ANGLE_UNIT ( ) SI_UNIT ( $, .RADIAN. ) );
#4764 = CARTESIAN_POINT ( 'NONE',  ( 1.736417008627910263, 1.042653935649700436, 5.996162530046484918 ) ) ;
#4765 = CARTESIAN_POINT ( 'NONE',  ( -1.230422664297428970, 1.309077371160648706, 6.142983137274492300 ) ) ;
#4766 = CARTESIAN_POINT ( 'NONE',  ( 1.025830360049388768, -1.090314089508300333, 6.486197760830375358 ) ) ;
#4767 = DIRECTION ( 'NONE',  ( -1.000000000000000000, 0.000000000000000000, 0.000000000000000000 ) ) ;
#4768 = CARTESIAN_POINT ( 'NONE',  ( -0.3345622293991278862, -0.3871025954278765613, 6.956406186035409611 ) ) ;
#4769 = SPHERICAL_SURFACE ( 'NONE', #592, 0.2000000000000000111 ) ;
#4770 = CARTESIAN_POINT ( 'NONE',  ( -1.777885729240106460, -1.328490146829057306, 5.149999999834290243 ) ) ;
#4771 = CARTESIAN_POINT ( 'NONE',  ( -0.6559938418808387572, 0.7589012668534877992, 6.798814982351760960 ) ) ;
#4772 = CARTESIAN_POINT ( 'NONE',  ( -0.9700000000000003064, 0.1749999999999999056, -0.5000000000000000000 ) ) ;
#4773 = EDGE_CURVE ( 'NONE', #284, #978, #1138, .T. ) ;
#4774 = ORIENTED_EDGE ( 'NONE', *, *, #358, .T. ) ;
#4775 = DIRECTION ( 'NONE',  ( 0.000000000000000000, 0.000000000000000000, -1.000000000000000000 ) ) ;
#4776 = CARTESIAN_POINT ( 'NONE',  ( 0.3561369685693535625, 0.03856528097328634774, 7.000000000000000000 ) ) ;
#4777 = PLANE ( 'NONE',  #130 ) ;
#4778 = CARTESIAN_POINT ( 'NONE',  ( 2.545584714680987570, -0.1528236909676476130, 5.231731158609222554 ) ) ;
#4779 = ORIENTED_EDGE ( 'NONE', *, *, #271, .T. ) ;
#4780 = CARTESIAN_POINT ( 'NONE',  ( -0.7700000000000002398, 0.3749999999999998890, -0.3000000000000000444 ) ) ;
#4781 = SURFACE_STYLE_FILL_AREA ( #3973 ) ;
#4782 = CYLINDRICAL_SURFACE ( 'NONE', #1092, 0.1999999999999999833 ) ;
#4783 = DIRECTION ( 'NONE',  ( 0.000000000000000000, 4.472333961502705790E-15, -1.000000000000000000 ) ) ;
#4784 = CARTESIAN_POINT ( 'NONE',  ( 2.376853251866859473, -0.2343900993573579672, -2.710505431213761085E-17 ) ) ;
#4785 = CARTESIAN_POINT ( 'NONE',  ( -1.772437104045240464, 1.325275118426111787, 5.282099465034574060 ) ) ;
#4786 = CIRCLE ( 'NONE', #186, 0.1999999999999999833 ) ;
#4787 = FILL_AREA_STYLE_COLOUR ( '', #3511 ) ;
#4788 = CARTESIAN_POINT ( 'NONE',  ( 1.399881614423626131, -1.469812876918199063, 5.672486722842855933 ) ) ;
#4789 =( LENGTH_UNIT ( ) NAMED_UNIT ( * ) SI_UNIT ( .MILLI., .METRE. ) );
#4790 = CARTESIAN_POINT ( 'NONE',  ( -1.466766820114925540, 1.135742837724351473, 6.163914433178701024 ) ) ;
#4791 = PLANE ( 'NONE',  #4048 ) ;
#4792 = CARTESIAN_POINT ( 'NONE',  ( 1.217583241887819634, -0.1786850600403301903, 6.709458584099339262 ) ) ;
#4793 = COLOUR_RGB ( '',1.000000000000000000, 0.000000000000000000, 0.000000000000000000 ) ;
#4794 = CARTESIAN_POINT ( 'NONE',  ( 1.020000000000000018, 0.000000000000000000, -0.5000000000000000000 ) ) ;
#4795 = CARTESIAN_POINT ( 'NONE',  ( -0.5561653387981017049, 0.2289702100603950297, 6.943267862171046190 ) ) ;
#4796 = LINE ( 'NONE', #393, #839 ) ;
#4797 = CARTESIAN_POINT ( 'NONE',  ( 2.549999999999999378, -0.6488236293493792051, 5.149999999834289355 ) ) ;
#4798 = FILL_AREA_STYLE_COLOUR ( '', #157 ) ;
#4799 = CARTESIAN_POINT ( 'NONE',  ( 0.04922815326377588674, 0.04162622776160764676, 6.999999999999843681 ) ) ;
#4800 = VERTEX_POINT ( 'NONE', #773 ) ;
#4801 = ORIENTED_EDGE ( 'NONE', *, *, #1637, .F. ) ;
#4802 = CARTESIAN_POINT ( 'NONE',  ( -0.5951962622791474589, 0.1196091330458949470, 6.999999999999998224 ) ) ;
#4803 = CARTESIAN_POINT ( 'NONE',  ( 2.545014176296978015, 0.1577487210482098612, 5.231727713558354864 ) ) ;
#4804 = ORIENTED_EDGE ( 'NONE', *, *, #1513, .F. ) ;
#4806 = EDGE_CURVE ( 'NONE', #1108, #1821, #3711, .T. ) ;
#4805 = STYLED_ITEM ( 'NONE', ( #602 ), #4402 ) ;
#4807 = DIRECTION ( 'NONE',  ( 0.000000000000000000, 0.000000000000000000, 1.000000000000000000 ) ) ;
#4808 = EDGE_LOOP ( 'NONE', ( #2627, #3595, #4722, #3869 ) ) ;
#4809 = SURFACE_SIDE_STYLE ('',( #1401 ) ) ;
#4810 = DIRECTION ( 'NONE',  ( -0.000000000000000000, -0.000000000000000000, 1.000000000000000000 ) ) ;
#4811 = CARTESIAN_POINT ( 'NONE',  ( -2.538443319277965404, 0.1553071505146000897, 5.280862699274375238 ) ) ;
#4812 = CARTESIAN_POINT ( 'NONE',  ( 1.950202774883064150, -0.9658716166585299412, 5.810889942290848431 ) ) ;
#4813 = SURFACE_SIDE_STYLE ('',( #1925 ) ) ;
#4814 = CARTESIAN_POINT ( 'NONE',  ( -1.910863433942092460, 0.2570858956039097643, 6.214995722156174018 ) ) ;
#4815 = CARTESIAN_POINT ( 'NONE',  ( 0.000000000000000000, 0.000000000000000000, -0.5000000000000000000 ) ) ;
#4816 = DIRECTION ( 'NONE',  ( 0.000000000000000000, 1.000000000000000000, 0.000000000000000000 ) ) ;
#4817 = CARTESIAN_POINT ( 'NONE',  ( 1.059694625366285781, -1.125213789383971319, 6.441504761395343337 ) ) ;
#4818 = AXIS2_PLACEMENT_3D ( 'NONE', #2248, #672, #3399 ) ;
#4819 = CARTESIAN_POINT ( 'NONE',  ( -1.020000000000000018, -0.1750000000000001277, -0.3000000000000000444 ) ) ;
#4820 = CARTESIAN_POINT ( 'NONE',  ( -0.9623076712353372253, -0.07350988213955603201, 6.826755737530231904 ) ) ;
#4821 = CARTESIAN_POINT ( 'NONE',  ( -1.570000000000000284, 0.1749999999999999611, -0.1999999999999999833 ) ) ;
#4822 = CARTESIAN_POINT ( 'NONE',  ( 1.323558271071547221, -1.518876143166915105, 5.610275172457251713 ) ) ;
#4823 = DIRECTION ( 'NONE',  ( 1.000000000000000000, 1.084202172485504434E-16, 0.000000000000000000 ) ) ;
#4824 = CARTESIAN_POINT ( 'NONE',  ( 0.2282406201573087545, -0.01840367213135892660, 6.992638803384767954 ) ) ;
#4825 =( GEOMETRIC_REPRESENTATION_CONTEXT ( 3 ) GLOBAL_UNCERTAINTY_ASSIGNED_CONTEXT ( ( #1281 ) ) GLOBAL_UNIT_ASSIGNED_CONTEXT ( ( #4553, #1201, #3482 ) ) REPRESENTATION_CONTEXT ( 'NONE', 'WORKASPACE' ) );
#4826 = ORIENTED_EDGE ( 'NONE', *, *, #208, .F. ) ;
ENDSEC;
END-ISO-10303-21;
